"crash_record_id","crash_date_est_i","crash_date","posted_speed_limit","traffic_control_device","device_condition","weather_condition","lighting_condition","first_crash_type","trafficway_type","lane_cnt","alignment","roadway_surface_cond","road_defect","report_type","crash_type","intersection_related_i","private_property_i","hit_and_run_i","damage","date_police_notified","prim_contributory_cause","sec_contributory_cause","street_no","street_direction","street_name","beat_of_occurrence","photos_taken_i","statements_taken_i","dooring_i","work_zone_i","work_zone_type","workers_present_i","num_units","most_severe_injury","injuries_total","injuries_fatal","injuries_incapacitating","injuries_non_incapacitating","injuries_reported_not_evident","injuries_no_indication","injuries_unknown","crash_hour","crash_day_of_week","crash_month","latitude","longitude","location"
"988fe071084fce79d03a8463181635d461812004e0d637c15265b003e944669ed1a4ffeefca1e5a252d233c79c3db77d84f34bf967d686b474ef552f1ed52193",,"2024-05-08T17:10:00.000","30","NO CONTROLS","NO CONTROLS","CLEAR","DAYLIGHT","SIDESWIPE SAME DIRECTION","ONE-WAY",,"STRAIGHT AND LEVEL","DRY","NO DEFECTS","ON SCENE","NO INJURY / DRIVE AWAY",,,,"$501 - $1,500","2024-05-08T17:18:00.000","FAILING TO YIELD RIGHT-OF-WAY","UNABLE TO DETERMINE","2917","W","ROSEMONT AVE","2413",,,,,,,"2","NO INDICATION OF INJURY","0","0","0","0","0","2","0","17","4","5","41.995615538","-87.702643942","POINT (-87.702643942385 41.995615538437)"
"ac66a50a7074bb186c12f90079b66bf185a33885bfb9dc0a9cddddbe05e5fe78c5eb57258b4041e4a4ab04ff3e1c3adb84000c221f0c61eb45d449bac11b5b33",,"2024-05-08T17:09:00.000","25","NO CONTROLS","NO CONTROLS","CLEAR","DAYLIGHT","HEAD ON","NOT DIVIDED",,"STRAIGHT AND LEVEL","DRY","NO DEFECTS","ON SCENE","INJURY AND / OR TOW DUE TO CRASH",,,,"OVER $1,500","2024-05-08T17:27:00.000","IMPROPER LANE USAGE","NOT APPLICABLE","2460","W","OGDEN AVE","1023",,,,,,,"2","NONINCAPACITATING INJURY","4","0","0","4","0","1","0","17","4","5","41.86416164","-87.688037092","POINT (-87.688037092258 41.864161639519)"
"2056866e3d4dbbd122d263f0135424182651e4849fa7dfe7470aa0d9ab7bf089747c451808792984f99ea3b9998f5ac4f1f33b2366c1986fe8c9adc262faa957",,"2024-05-08T17:00:00.000","30","TRAFFIC SIGNAL","FUNCTIONING PROPERLY","CLEAR","DAYLIGHT","REAR END","FOUR WAY",,"STRAIGHT AND LEVEL","DRY","NO DEFECTS","ON SCENE","INJURY AND / OR TOW DUE TO CRASH",,,,"OVER $1,500","2024-05-08T17:05:00.000","DISREGARDING OTHER TRAFFIC SIGNS","DISREGARDING OTHER TRAFFIC SIGNS","8499","S","VINCENNES AVE","622",,,,,,,"2","NO INDICATION OF INJURY","0","0","0","0","0","2","0","17","4","5","41.739853966","-87.639412396","POINT (-87.639412396191 41.739853966162)"
"45a7f87df0934c780aea5688481b3c35f7eca8cd4cfad07f180c4b5a77d77095ad71adabef86badab8ae0d01c610100633212b6f6ed8ad69aefe692db3fffb61",,"2024-05-08T17:00:00.000","30","TRAFFIC SIGNAL","FUNCTIONING PROPERLY","CLEAR","DAYLIGHT","TURNING","FOUR WAY",,"STRAIGHT AND LEVEL","DRY","NO DEFECTS","ON SCENE","NO INJURY / DRIVE AWAY","Y",,,"OVER $1,500","2024-05-08T17:13:00.000","IMPROPER OVERTAKING/PASSING","UNABLE TO DETERMINE","633","N","MICHIGAN AVE","1834",,,,,,,"2","NO INDICATION OF INJURY","0","0","0","0","0","2","0","17","4","5","41.893558226","-87.624074088","POINT (-87.624074087765 41.893558225922)"
"5f2eec7ea7b9a7d6b6979e98b8aa68d65af68a59fbf695ceb5d93de7faca8184a4bab0971f40081000ed952da662e51e1b40e5558000e169ee3f9da5be749ff6",,"2024-05-08T17:00:00.000","35","NO CONTROLS","NO CONTROLS","CLEAR","DAYLIGHT","ANGLE","NOT DIVIDED",,"STRAIGHT AND LEVEL","DRY","NO DEFECTS","NOT ON SCENE (DESK REPORT)","NO INJURY / DRIVE AWAY",,,"Y","$501 - $1,500","2024-05-08T18:00:00.000","IMPROPER OVERTAKING/PASSING","IMPROPER OVERTAKING/PASSING","1411","S","MICHIGAN AVE","132",,,,,,,"2","NO INDICATION OF INJURY","0","0","0","0","0","2","0","17","4","5","41.863739195","-87.623924134","POINT (-87.623924133706 41.863739194782)"
"f532fda19d65573bc3403c4a0e90d897f5c1cbfcf5ade6cbe42bdcc1c9b34947d94b3bb264fd86e074bcb7a3ef69c3cb6fed18bc1c522d681b58248b8a754727",,"2024-05-08T17:00:00.000","30","NO CONTROLS","NO CONTROLS","CLEAR","DAYLIGHT","PEDALCYCLIST","NOT DIVIDED",,"STRAIGHT AND LEVEL","DRY","UNKNOWN","ON SCENE","NO INJURY / DRIVE AWAY",,,,"$500 OR LESS","2024-05-08T17:10:00.000","FAILING TO YIELD RIGHT-OF-WAY","FAILING TO YIELD RIGHT-OF-WAY","1513","N","MILWAUKEE AVE","1424",,"Y",,,,,"2","NO INDICATION OF INJURY","0","0","0","0","0","3","0","17","4","5","41.909037654","-87.675145922","POINT (-87.67514592249 41.909037654061)"
"c8c1a1b4071f9f23652bea833ffc8edf1f46c3dda0a84f8edfdae500289afe207128c5cdb49aea05d7c76ebc5148f1e7507b7c0abf4909be045ebd05d1ffe840",,"2024-05-08T16:55:00.000","25","TRAFFIC SIGNAL","FUNCTIONING PROPERLY","CLEAR","DAYLIGHT","SIDESWIPE SAME DIRECTION","NOT DIVIDED",,"STRAIGHT AND LEVEL","DRY","NO DEFECTS","NOT ON SCENE (DESK REPORT)","NO INJURY / DRIVE AWAY",,,,"OVER $1,500","2024-05-08T18:30:00.000","IMPROPER LANE USAGE","IMPROPER LANE USAGE","4700","S","LAKE PARK AVE","222",,,,,,,"2","NO INDICATION OF INJURY","0","0","0","0","0","2","0","16","4","5","41.809534781","-87.592450223","POINT (-87.592450223394 41.809534780826)"
"fd2fe71a5a0b24bdc93c23a5447e08a1b10ab02936fab747bebb55852a260fbc5fbe7648860c2c59cb48fa578433df15a39aa3f94da03a7ef506ad00f1c596ec",,"2024-05-08T16:55:00.000","30","STOP SIGN/FLASHER","FUNCTIONING PROPERLY","CLEAR","DAYLIGHT","ANGLE","FOUR WAY",,"STRAIGHT AND LEVEL","DRY","NO DEFECTS","ON SCENE","INJURY AND / OR TOW DUE TO CRASH","Y",,,"OVER $1,500","2024-05-08T16:56:00.000","DISREGARDING STOP SIGN","FAILING TO YIELD RIGHT-OF-WAY","400","E","50TH ST","223",,,,,,,"2","REPORTED, NOT EVIDENT","1","0","0","0","1","2","0","16","4","5","41.804036672","-87.616157213","POINT (-87.616157213157 41.804036671866)"
"c5c0759f29c7f6ef2b7b6468019d123b65d75399ac4ca4c08aa16cdd8cf9612c3dd83412425a099535a426c84b3b82fb22cdcc7b27ee480efab8c16dd9f0bad7",,"2024-05-08T16:54:00.000","35","TRAFFIC SIGNAL","FUNCTIONING PROPERLY","UNKNOWN","UNKNOWN","TURNING","ONE-WAY",,"STRAIGHT AND LEVEL","UNKNOWN","UNKNOWN","NOT ON SCENE (DESK REPORT)","NO INJURY / DRIVE AWAY",,,,"OVER $1,500","2024-05-08T17:47:00.000","IMPROPER TURNING/NO SIGNAL","UNABLE TO DETERMINE","5100","S","INDIANA AVE","231",,,,,,,"2","NO INDICATION OF INJURY","0","0","0","0","0","2","0","16","4","5","41.801931892","-87.621171264","POINT (-87.621171264382 41.801931892323)"
"3c2cbd578ba64b53a15ccb8a55a1b36d34b1be6c35bac0a07538e278e6fbfc0192c06976c8ce44a9913dc0b9f0d2aafab4935482321856a64ec9fc33d0ca125d",,"2024-05-08T16:50:00.000","30","TRAFFIC SIGNAL","FUNCTIONING PROPERLY","CLEAR","DAYLIGHT","SIDESWIPE SAME DIRECTION","NOT DIVIDED",,"STRAIGHT AND LEVEL","DRY","UNKNOWN","ON SCENE","NO INJURY / DRIVE AWAY","N",,,"$501 - $1,500","2024-05-08T16:51:00.000","UNABLE TO DETERMINE","NOT APPLICABLE","2400","W","51ST ST","923",,"Y",,,,,"2","NO INDICATION OF INJURY","0","0","0","0","0","2","0","16","4","5","41.801257492","-87.684281116","POINT (-87.684281115646 41.801257491999)"
"6f7f760fac2fc223d6ebbc063cd4cdcac23f4b4a60191f0ad82fc84960f85101314f018dc0a081f2df646346372fd900e7f9b934015e6518c721099014f8eb60",,"2024-05-08T16:50:00.000","35","NO CONTROLS","NO CONTROLS","CLEAR","DAYLIGHT","ANGLE","UNKNOWN INTERSECTION TYPE",,"STRAIGHT AND LEVEL","DRY","NO DEFECTS","ON SCENE","INJURY AND / OR TOW DUE TO CRASH",,,,"OVER $1,500","2024-05-08T17:04:00.000","DRIVING SKILLS/KNOWLEDGE/EXPERIENCE","NOT APPLICABLE","8351","S","CALIFORNIA AVE","835",,,,,,,"2","INCAPACITATING INJURY","1","0","1","0","0","1","0","16","4","5","41.74117987","-87.692255092","POINT (-87.692255092092 41.741179869909)"
"49fa10cc308899850799ad5e514949836c0b8b42144fe12085b82fc49e3c45b91940919b9a2de2c14ad4f23159784e0f59e8ca6e8befb49d12cc7ada4be6ce5a",,"2024-05-08T16:45:00.000","30","TRAFFIC SIGNAL","FUNCTIONING PROPERLY","CLEAR","DAYLIGHT","REAR END","DIVIDED - W/MEDIAN (NOT RAISED)",,"STRAIGHT AND LEVEL","DRY","NO DEFECTS","NOT ON SCENE (DESK REPORT)","NO INJURY / DRIVE AWAY","Y",,"Y","OVER $1,500","2024-05-08T20:40:00.000","FOLLOWING TOO CLOSELY","UNABLE TO DETERMINE","8450","S","KEDZIE AVE","834",,,,,,,"2","NO INDICATION OF INJURY","0","0","0","0","0","2","0","16","4","5","41.739146524","-87.702246312","POINT (-87.702246312353 41.739146523799)"
"d0959c37f141e71398a0287b92651dd13a265c9ca6d0ed777e1966f72cdc60e57192feaaaf9e94a8033b3232f5a3d944559800cf0bdcda8242f167edb60d7738",,"2024-05-08T16:45:00.000","25","NO CONTROLS","UNKNOWN","CLEAR","UNKNOWN","PARKED MOTOR VEHICLE","ONE-WAY",,"STRAIGHT AND LEVEL","UNKNOWN","UNKNOWN","NOT ON SCENE (DESK REPORT)","NO INJURY / DRIVE AWAY",,,,"$501 - $1,500","2024-05-08T17:45:00.000","IMPROPER LANE USAGE","UNABLE TO DETERMINE","66","E","RANDOLPH ST","111",,,,,,,"2","NO INDICATION OF INJURY","0","0","0","0","0","2","0","16","4","5","41.884608471","-87.62547448","POINT (-87.625474479575 41.88460847093)"
"0ff04aaf7370afff2f655cb58d12a9661fba490d9b5f66e0ea59fc2b24b92fc1a2b490e0c82cf4b3fd6702d729374cded9b58031f23f2330b1c6c3af3d08b1f0",,"2024-05-08T16:40:00.000","30","TRAFFIC SIGNAL","FUNCTIONING PROPERLY","CLEAR","DAYLIGHT","REAR END","NOT DIVIDED",,"STRAIGHT AND LEVEL","DRY","NO DEFECTS","NOT ON SCENE (DESK REPORT)","INJURY AND / OR TOW DUE TO CRASH","Y",,"Y","OVER $1,500","2024-05-08T17:55:00.000","UNABLE TO DETERMINE","NOT APPLICABLE","5200","W","MADISON ST","1522",,,,,,,"2","REPORTED, NOT EVIDENT","1","0","0","0","1","1","0","16","4","5","41.880480752","-87.755130433","POINT (-87.755130432965 41.880480751702)"
"3c5bf41ab14c6c109867b6e871ee09e209b26bbc05de5f5b4ad8ab1dadcc0392f99cb3b2e0ddbd8035e9b7ba25a6b2ae148da5c26bcfa3ae34e81375d1abadb8",,"2024-05-08T16:40:00.000","10","NO CONTROLS","NO CONTROLS","CLEAR","DAYLIGHT","REAR END","OTHER",,"STRAIGHT AND LEVEL","DRY","NO DEFECTS","NOT ON SCENE (DESK REPORT)","NO INJURY / DRIVE AWAY",,"Y",,"$501 - $1,500","2024-05-08T17:23:00.000","FOLLOWING TOO CLOSELY","NOT APPLICABLE","2844","W","47TH ST","922",,,,,,,"2","NO INDICATION OF INJURY","0","0","0","0","0","3","0","16","4","5","41.808358801","-87.696000548","POINT (-87.696000547872 41.808358800968)"
"38112208276500107a0ecf51b223bc82f24a788e5b53d3bc13ebd6f39334221cad231dd92ca25444dc7aa5a64a9144958ef042c637f1f836c8233b8099895be5",,"2024-05-08T16:36:00.000","30","STOP SIGN/FLASHER","NO CONTROLS","CLEAR","DAYLIGHT","TURNING","ONE-WAY",,"STRAIGHT AND LEVEL","DRY","NO DEFECTS","ON SCENE","INJURY AND / OR TOW DUE TO CRASH",,,,"OVER $1,500","2024-05-08T16:36:00.000","FAILING TO REDUCE SPEED TO AVOID CRASH","NOT APPLICABLE","3100","N","KENMORE AVE","1933",,,,,,,"3","NO INDICATION OF INJURY","0","0","0","0","0","2","0","16","4","5","41.938158921","-87.655409818","POINT (-87.655409818035 41.938158920711)"
"405a216608620cc4a4ddf870970a41f7f4898af482e91c707389546087ae593bca90973af51fce4b11d358a7dffee450c31544399a691d8e28ce901b69a47514",,"2024-05-08T16:30:00.000","20","NO CONTROLS","NO CONTROLS","CLEAR","DAYLIGHT","PARKED MOTOR VEHICLE","NOT DIVIDED",,"STRAIGHT AND LEVEL","DRY","NO DEFECTS","NOT ON SCENE (DESK REPORT)","NO INJURY / DRIVE AWAY",,,,"OVER $1,500","2024-05-08T18:00:00.000","UNABLE TO DETERMINE","UNABLE TO DETERMINE","1654","W","33RD PL","912",,,,,,,"2","NO INDICATION OF INJURY","0","0","0","0","0","1","0","16","4","5","41.833336185","-87.667794285","POINT (-87.667794285381 41.833336184935)"
"7e8778233d2a6a258673f89e406eefe2210a1a83ead30a52a19b688a5b9d36664b40a2b5a2d992a2eee21a151991146989039b4aa044645d13beb210ce3bef35",,"2024-05-08T16:30:00.000","30","NO CONTROLS","NO CONTROLS","CLEAR","DAYLIGHT","REAR END","NOT DIVIDED",,"STRAIGHT AND LEVEL","UNKNOWN","UNKNOWN","NOT ON SCENE (DESK REPORT)","NO INJURY / DRIVE AWAY",,,,"OVER $1,500","2024-05-08T17:15:00.000","UNABLE TO DETERMINE","NOT APPLICABLE","801","W","31ST ST","913",,,,,,,"2","NO INDICATION OF INJURY","0","0","0","0","0","2","0","16","4","5","41.83793547","-87.646308709","POINT (-87.646308709092 41.837935469952)"
"6d4863c3398cef09ad89ca3eafcced949177aa2af092cf00173ec2dc0697af2ea53d16ff54bbf464edfbfaad819573aa28701a57f7617e31fcc2198f49e1a655",,"2024-05-08T16:27:00.000","30","TRAFFIC SIGNAL","FUNCTIONING PROPERLY","CLEAR","DAYLIGHT","REAR END","DIVIDED - W/MEDIAN BARRIER",,"STRAIGHT AND LEVEL","DRY","NO DEFECTS","ON SCENE","INJURY AND / OR TOW DUE TO CRASH","Y",,,"OVER $1,500","2024-05-08T16:27:00.000","UNABLE TO DETERMINE","NOT APPLICABLE","759","E","71ST ST","323",,,,,,,"2","REPORTED, NOT EVIDENT","5","0","0","0","5","2","0","16","4","5","41.765758417","-87.605669431","POINT (-87.605669431369 41.765758417158)"
"86a78681ab571b04e4177d7dce36e6cce0823e767da3b470b00aaace0326533f667167267fee5f2d6080185df20ad34c5ca596ffb1fe928b7a9610f3f5f44eaa",,"2024-05-08T16:26:00.000","30","NO CONTROLS","NO CONTROLS","CLEAR","DAYLIGHT","PARKED MOTOR VEHICLE","ONE-WAY",,"STRAIGHT AND LEVEL","DRY","NO DEFECTS","ON SCENE","NO INJURY / DRIVE AWAY",,,"Y","OVER $1,500","2024-05-08T17:11:00.000","NOT APPLICABLE","NOT APPLICABLE","6716","S","ST LAWRENCE AVE","321",,,,,,,"2","NO INDICATION OF INJURY","0","0","0","0","0","1","0","16","4","5","41.772513027","-87.610744248","POINT (-87.610744248026 41.772513027072)"
"216e1eedf5e8d4bedf0ee486bcdce46411aa246956fb5907ee1f44ee4fe76c4a132b49057fdd9f092e6ade52d6b7ce6f0173030542989b22d1f471b15ab512a0",,"2024-05-08T16:20:00.000","30","STOP SIGN/FLASHER","NO CONTROLS","CLEAR","DAYLIGHT","REAR END","NOT DIVIDED",,"STRAIGHT AND LEVEL","DRY","NO DEFECTS","ON SCENE","INJURY AND / OR TOW DUE TO CRASH","Y",,"Y","OVER $1,500","2024-05-08T17:41:00.000","FOLLOWING TOO CLOSELY","NOT APPLICABLE","4929","W","47TH ST","814",,,,,,,"2","NONINCAPACITATING INJURY","2","0","0","2","0","1","0","16","4","5","41.807464659","-87.746768637","POINT (-87.746768637072 41.807464659062)"
"5cd7bc12f9f52d0bba6da78f5e89ddfb7e291882ab07f8934a977a69daf7b22ae79bfef042590a34711d614edbfa8533c1e40fb9c61cfae2bfa733cdef8beccc",,"2024-05-08T16:15:00.000","30","STOP SIGN/FLASHER","OTHER","CLEAR","DAYLIGHT","ANGLE","FOUR WAY",,"STRAIGHT AND LEVEL","DRY","NO DEFECTS","ON SCENE","NO INJURY / DRIVE AWAY","Y",,,"OVER $1,500","2024-05-08T16:26:00.000","DISREGARDING STOP SIGN","DISREGARDING STOP SIGN","1000","N","WINCHESTER AVE","1212",,,,,,,"2","NO INDICATION OF INJURY","0","0","0","0","0","3","0","16","4","5","41.899660773","-87.67608036","POINT (-87.676080360492 41.899660773116)"
"8e6c9af5e5760351e3d0bf55d67c06f1913f21084f95b7588233ca88d221789c33a43fb144d1df592eba04ef609059fbe7f4b5eade676584ee188086febae909",,"2024-05-08T16:15:00.000","30","TRAFFIC SIGNAL","FUNCTIONING PROPERLY","CLEAR","DAYLIGHT","REAR END","NOT DIVIDED",,"STRAIGHT AND LEVEL","DRY","UNKNOWN","ON SCENE","NO INJURY / DRIVE AWAY",,,,"OVER $1,500","2024-05-08T16:18:00.000","FOLLOWING TOO CLOSELY","VISION OBSCURED (SIGNS, TREE LIMBS, BUILDINGS, ETC.)","129","E","83RD ST","632",,,,,,,"2","NO INDICATION OF INJURY","0","0","0","0","0","3","0","16","4","5","41.743618138","-87.619829604","POINT (-87.619829604395 41.743618137639)"
"b01325d712519f0de4e595313ec6d04a4e3933e8da626bf96357103169efd070aca258a21e7b57cf60c1cd939215e822be35fa0f300b04e65d2c7af82e85e27c",,"2024-05-08T16:15:00.000","25","STOP SIGN/FLASHER","FUNCTIONING PROPERLY","CLEAR","DAYLIGHT","SIDESWIPE SAME DIRECTION","FOUR WAY",,"STRAIGHT AND LEVEL","DRY","NO DEFECTS","NOT ON SCENE (DESK REPORT)","NO INJURY / DRIVE AWAY","Y",,,"OVER $1,500","2024-05-08T16:25:00.000","FOLLOWING TOO CLOSELY","NOT APPLICABLE","6256","N","SACRAMENTO AVE","2413",,,,,,,"2","NO INDICATION OF INJURY","0","0","0","0","0","2","0","16","4","5","41.995549768","-87.704575387","POINT (-87.704575386966 41.995549768069)"
"d026253cc24730b5d6538d2d8668b4b6838f61e05e195e4ce3da460495420d083956e1514bc41f06edafb94792be3657e57d839f6d50e765cb831ff32850163b",,"2024-05-08T16:15:00.000","40","STOP SIGN/FLASHER","FUNCTIONING PROPERLY","CLEAR","DAYLIGHT","ANGLE","FOUR WAY",,"STRAIGHT AND LEVEL","DRY","NO DEFECTS","ON SCENE","INJURY AND / OR TOW DUE TO CRASH","Y",,,"OVER $1,500","2024-05-08T16:20:00.000","FAILING TO YIELD RIGHT-OF-WAY","UNABLE TO DETERMINE","5000","S","INDIANA AVE","224",,,,,,,"2","NO INDICATION OF INJURY","0","0","0","0","0","3","0","16","4","5","41.803754521","-87.621217057","POINT (-87.621217056525 41.803754521177)"
"ddaaf7913383f0310e26e190be53e4fa0f97a9e9762f5eff5a859a46b4bb20f433c4bd52269b54cc45da62166ca44b290a10c657fce0a7b4889ab99c7dbdb9bb","N","2024-05-08T16:10:00.000","30","STOP SIGN/FLASHER","FUNCTIONING PROPERLY","CLEAR","DAYLIGHT","PARKED MOTOR VEHICLE","FOUR WAY",,"STRAIGHT AND LEVEL","DRY","UNKNOWN","ON SCENE","NO INJURY / DRIVE AWAY","Y",,,"OVER $1,500","2024-05-08T16:47:00.000","DISREGARDING STOP SIGN","NOT APPLICABLE","645","N","MC CLURG CT","1834",,,,,,,"2","NO INDICATION OF INJURY","0","0","0","0","0","1","0","16","4","5","41.894066511","-87.617607514","POINT (-87.617607513688 41.894066511365)"
"743f88d4818882c3a55f2c6de5083807e3b7fe237d97f952393b5d23fbe5393904695e6f467c145237d2aedeec4cb18b2d91531627106a21f75216c6f3403f0e",,"2024-05-08T16:00:00.000","30","UNKNOWN","UNKNOWN","CLEAR","DAYLIGHT","REAR END","DIVIDED - W/MEDIAN (NOT RAISED)",,"STRAIGHT AND LEVEL","DRY","UNKNOWN","NOT ON SCENE (DESK REPORT)","NO INJURY / DRIVE AWAY",,,,"$501 - $1,500","2024-05-08T16:44:00.000","UNABLE TO DETERMINE","UNABLE TO DETERMINE","1200","W","MONTROSE AVE","1913",,,,,,,"2","NO INDICATION OF INJURY","0","0","0","0","0","2","0","16","4","5","41.961825329","-87.659656092","POINT (-87.659656092016 41.961825329392)"
"891bc86bb0237b7cdb90bf43cfd876fa0a9c526b278cdf911ae489c256fc82cfa9bfa18d3551e9b76acf9828d2c86cf1c91dd3990307dd4b3c69b8788333fdb9",,"2024-05-08T16:00:00.000","30","UNKNOWN","UNKNOWN","UNKNOWN","UNKNOWN","PEDESTRIAN","FOUR WAY",,"STRAIGHT AND LEVEL","UNKNOWN","UNKNOWN","NOT ON SCENE (DESK REPORT)","INJURY AND / OR TOW DUE TO CRASH",,,"Y","OVER $1,500","2024-05-08T20:00:00.000","UNABLE TO DETERMINE","UNABLE TO DETERMINE","180","N","LA SALLE ST","122",,,,,,,"2","NONINCAPACITATING INJURY","1","0","0","1","0","1","0","16","4","5","41.885444388","-87.632582135","POINT (-87.632582134846 41.885444388143)"
"6d5dcf6ff1685a820870d45f6090636bce7760d4a597dfeaf677fdf0e75c0a0d0d20e18c1335fd357e47f959f4d7b06d403b6aefba17f01d37f8fcb7a561b62a",,"2024-05-08T15:55:00.000","15","NO CONTROLS","NO CONTROLS","CLEAR","DAYLIGHT","SIDESWIPE SAME DIRECTION","PARKING LOT",,"STRAIGHT AND LEVEL","DRY","NO DEFECTS","ON SCENE","INJURY AND / OR TOW DUE TO CRASH",,"Y",,"OVER $1,500","2024-05-08T17:37:00.000","DRIVING SKILLS/KNOWLEDGE/EXPERIENCE","NOT APPLICABLE","443","E","33RD PL","211",,,,,,,"2","NO INDICATION OF INJURY","0","0","0","0","0","3","0","15","4","5","41.83353411","-87.61518227","POINT (-87.615182270022 41.833534110375)"
"3cf064f4029ff79d9f01121454844629fbd5d511723ac25ebc201f4c0eeeb5991417ecc615e8d7f6b5a5a7ec87ce7283b808da45901c53f27fd38741bdfa1b0e",,"2024-05-08T15:52:00.000","30","STOP SIGN/FLASHER","FUNCTIONING PROPERLY","CLEAR","DAYLIGHT","PEDESTRIAN","NOT DIVIDED",,"STRAIGHT AND LEVEL","DRY","NO DEFECTS","ON SCENE","INJURY AND / OR TOW DUE TO CRASH","Y",,,"$501 - $1,500","2024-05-08T15:53:00.000","UNABLE TO DETERMINE","UNABLE TO DETERMINE","2900","W","BRYN MAWR AVE","2011",,,,,,,"2","NONINCAPACITATING INJURY","1","0","0","1","0","1","0","15","4","5","41.983219249","-87.701646199","POINT (-87.701646198914 41.983219249229)"
"9a9a1931be4937386d6086eaccbed138ba6586c4f5a7ce62a3f8439443c384539d4881843fcb32751007714a5f7077cb3eddd7de8370cc5531d14357d6acc3fd",,"2024-05-08T15:50:00.000","30","STOP SIGN/FLASHER","FUNCTIONING PROPERLY","CLEAR","DAYLIGHT","PEDALCYCLIST","NOT DIVIDED",,"STRAIGHT AND LEVEL","DRY","NO DEFECTS",,"NO INJURY / DRIVE AWAY",,,,"OVER $1,500","2024-05-08T15:55:00.000","FAILING TO YIELD RIGHT-OF-WAY","FAILING TO YIELD RIGHT-OF-WAY","933","W","CHICAGO AVE","1214",,,,,,,"2","NO INDICATION OF INJURY","0","0","0","0","0","2","0","15","4","5","41.896226135","-87.65115515","POINT (-87.651155149547 41.896226135283)"
"36fa85a736e045d8adac31d91531e7fbff07acdc65898e292d9e3104217540c5965107c49aafcab2436724e9d01240db700ad1bde645327dc600d2d9ab1e71dc",,"2024-05-08T15:45:00.000","30","NO CONTROLS","NO CONTROLS","CLEAR","DAYLIGHT","SIDESWIPE SAME DIRECTION","NOT DIVIDED",,"STRAIGHT AND LEVEL","DRY","NO DEFECTS","NOT ON SCENE (DESK REPORT)","NO INJURY / DRIVE AWAY","Y",,,"$501 - $1,500","2024-05-08T15:45:00.000","UNABLE TO DETERMINE","UNABLE TO DETERMINE","8300","S","JEFFERY BLVD","414",,,,,,,"2","NO INDICATION OF INJURY","0","0","0","0","0","3","0","15","4","5","41.744493833","-87.576003561","POINT (-87.5760035609 41.74449383257)"
"5fdeb56e00b849fb3c69fc80955db6a2a4494c641472a48322f33cc53b362b5c404bc0a239c6d9d12227e4f5fab5b23464208011a244b94b51c7cce8423d77e1",,"2024-05-08T15:45:00.000","30","STOP SIGN/FLASHER","NO CONTROLS","CLEAR","DAYLIGHT","PARKED MOTOR VEHICLE","ONE-WAY",,"STRAIGHT AND LEVEL","DRY","NO DEFECTS","ON SCENE","NO INJURY / DRIVE AWAY",,,"Y","OVER $1,500","2024-05-08T17:00:00.000","FOLLOWING TOO CLOSELY","IMPROPER LANE USAGE","3700","W","CONGRESS PKWY","1133",,,,,,,"2","NO INDICATION OF INJURY","0","0","0","0","0","1","0","15","4","5","41.874594835","-87.718136287","POINT (-87.71813628716 41.874594835016)"
"6e81e997b7d490f29f377a00d770d22ecacc55fb1729163a5d895a81146ac7a43ef4c6308e90431a16811440ca0e0365a210665ec838aea240c6a15168e70d9c",,"2024-05-08T15:45:00.000","35","NO CONTROLS","NO CONTROLS","CLEAR","DAYLIGHT","TURNING","DIVIDED - W/MEDIAN (NOT RAISED)",,"STRAIGHT AND LEVEL","DRY","NO DEFECTS","NOT ON SCENE (DESK REPORT)","NO INJURY / DRIVE AWAY",,,"Y","OVER $1,500","2024-05-08T16:40:00.000","FAILING TO YIELD RIGHT-OF-WAY","UNABLE TO DETERMINE","8700","S","DR MARTIN LUTHER KING JR DR","632",,,,,,,"2","NO INDICATION OF INJURY","0","0","0","0","0","2","0","15","4","5","41.736455046","-87.614672913","POINT (-87.614672912717 41.736455045812)"