"crash_record_id","crash_date_est_i","crash_date","posted_speed_limit","traffic_control_device","device_condition","weather_condition","lighting_condition","first_crash_type","trafficway_type","lane_cnt","alignment","roadway_surface_cond","road_defect","report_type","crash_type","intersection_related_i","private_property_i","hit_and_run_i","damage","date_police_notified","prim_contributory_cause","sec_contributory_cause","street_no","street_direction","street_name","beat_of_occurrence","photos_taken_i","statements_taken_i","dooring_i","work_zone_i","work_zone_type","workers_present_i","num_units","most_severe_injury","injuries_total","injuries_fatal","injuries_incapacitating","injuries_non_incapacitating","injuries_reported_not_evident","injuries_no_indication","injuries_unknown","crash_hour","crash_day_of_week","crash_month","latitude","longitude","location"
"c5d3c033bc23293c2b275ab7abc50723e992bc91429e1a4d48cef58868e695ba12dfecca79e8ad849c3342632b01606880c5bbfbf29cd453513ba44c3f7c93ca",,"2024-05-08T15:45:00.000","35","NO CONTROLS","NO CONTROLS","UNKNOWN","UNKNOWN","PARKED MOTOR VEHICLE","DIVIDED - W/MEDIAN (NOT RAISED)",,"STRAIGHT AND LEVEL","UNKNOWN","UNKNOWN","NOT ON SCENE (DESK REPORT)","NO INJURY / DRIVE AWAY",,,,"OVER $1,500","2024-05-08T15:45:00.000","UNABLE TO DETERMINE","UNABLE TO DETERMINE","221","E","47TH ST","224",,,,,,,"2","NO INDICATION OF INJURY","0","0","0","0","0","1","0","15","4","5","41.8092155","-87.620217055","POINT (-87.620217054608 41.809215499638)"
"f525827d1e67dfa3a3fc1ff4da3befb931c574ae8c793415ea2dff93667eda0f3032dfd482d99772245d2097ad5ecf9d8d9c424fa021adb448f96913e719f099",,"2024-05-08T15:45:00.000","30","NO CONTROLS","NO CONTROLS","CLEAR","DAYLIGHT","ANGLE","NOT DIVIDED",,"STRAIGHT AND LEVEL","DRY","NO DEFECTS","NOT ON SCENE (DESK REPORT)","NO INJURY / DRIVE AWAY",,,"Y","$501 - $1,500","2024-05-08T16:15:00.000","NOT APPLICABLE","NOT APPLICABLE","632","W","59TH ST","711",,,,,,,"2","NO INDICATION OF INJURY","0","0","0","0","0","3","0","15","4","5","41.78719756","-87.641355033","POINT (-87.641355033104 41.787197560041)"
"fbd4884cfda2f8714856a21b78ba596c497e9d5ef37ed661484f7414e0c34c839ba3f772d8979097ea6d23cb20ebf158aaec63c220ee247af84f1d15eb111b8d",,"2024-05-08T15:45:00.000","30","NO CONTROLS","NO CONTROLS","CLEAR","DAYLIGHT","SIDESWIPE OPPOSITE DIRECTION","Y-INTERSECTION",,"STRAIGHT AND LEVEL","DRY","NO DEFECTS","NOT ON SCENE (DESK REPORT)","NO INJURY / DRIVE AWAY","Y",,,"OVER $1,500","2024-05-08T19:19:00.000","NOT APPLICABLE","NOT APPLICABLE","5520","S","PAYNE DR","233",,,,,,,"2","NO INDICATION OF INJURY","0","0","0","0","0","2","0","15","4","5","41.794225922","-87.608052271","POINT (-87.608052270929 41.794225922265)"
"39cf55ffc19fc426241bed1e37fe2371954da63afbd54b0f2ff4f871db5da5f88dcc0dfe8af3180225472daea919567520d414df174e94e64cc8f5799fc73090",,"2024-05-08T15:40:00.000","20","NO CONTROLS","NO CONTROLS","CLEAR","DAYLIGHT","PARKED MOTOR VEHICLE","PARKING LOT",,"STRAIGHT AND LEVEL","DRY","NO DEFECTS","NOT ON SCENE (DESK REPORT)","NO INJURY / DRIVE AWAY",,,,"$501 - $1,500","2024-05-08T17:15:00.000","UNABLE TO DETERMINE","NOT APPLICABLE","1520","W","HARRISON ST","1231",,,,,,,"2","NO INDICATION OF INJURY","0","0","0","0","0","1","0","15","4","5","41.874325128","-87.665141746","POINT (-87.665141745938 41.874325127882)"
"c0f5930a8184e217ee09064e0640457c5a6f5bf6b5ee4df04bf92eadfdb3d6a61d882ea5bb2f5d224266825365d48990f45739475c20abd746b5ee30e9d84331",,"2024-05-08T15:40:00.000","30","NO CONTROLS","NO CONTROLS","CLEAR","DAYLIGHT","PARKED MOTOR VEHICLE","DIVIDED - W/MEDIAN (NOT RAISED)",,"STRAIGHT AND LEVEL","DRY","NO DEFECTS","NOT ON SCENE (DESK REPORT)","NO INJURY / DRIVE AWAY",,,,"OVER $1,500","2024-05-08T17:07:00.000","IMPROPER OVERTAKING/PASSING","NOT APPLICABLE","3217","W","26TH ST","1032",,,,,,,"2","NO INDICATION OF INJURY","0","0","0","0","0","1","0","15","4","5","41.844399669","-87.705645226","POINT (-87.705645226371 41.844399669368)"
"f88982d246d8adc288787aa71773948a9ef143661df73372c60d85252139e4df3fdfe2e761914b957026cefba907b72b2bad196cc9463e4fb00bf19009551465",,"2024-05-08T15:40:00.000","15","STOP SIGN/FLASHER","FUNCTIONING PROPERLY","CLEAR","DAYLIGHT","PEDESTRIAN","FOUR WAY",,"STRAIGHT AND LEVEL","DRY","NO DEFECTS","NOT ON SCENE (DESK REPORT)","NO INJURY / DRIVE AWAY","Y",,,"OVER $1,500","2024-05-08T16:20:00.000","FAILING TO YIELD RIGHT-OF-WAY","NOT APPLICABLE","6800","W","BYRON ST","1632",,,,,,,"2","NO INDICATION OF INJURY","0","0","0","0","0","2","0","15","4","5","41.951033958","-87.796266861","POINT (-87.796266861148 41.951033958109)"
"cfa97294cd07855c79eca59cefd6a31347c46479fa5ad8bbe6e86f78aa8b88a6e5bd392db7f811f83b209d07bff1f4f4fe368a46866797e6b11ead0181c7d717",,"2024-05-08T15:35:00.000","30","TRAFFIC SIGNAL","UNKNOWN","CLEAR","DAYLIGHT","SIDESWIPE SAME DIRECTION","NOT DIVIDED",,"STRAIGHT AND LEVEL","UNKNOWN","UNKNOWN","ON SCENE","NO INJURY / DRIVE AWAY",,,,"$501 - $1,500","2024-05-08T16:19:00.000","UNABLE TO DETERMINE","UNABLE TO DETERMINE","3099","S","ROCKWELL ST","1034",,,,,,,"2","NO INDICATION OF INJURY","0","0","0","0","0","3","0","15","4","5",,,
"6f255ca9ca734f272f2e00e5442695faedac56de110ca70b4d84ea784932c3778aacbeac3723cbbccdb13e1d45821602e140b8756493aae450af09579546ae2a",,"2024-05-08T15:30:00.000","30","TRAFFIC SIGNAL","UNKNOWN","CLEAR","DAYLIGHT","REAR END","NOT DIVIDED",,"STRAIGHT AND LEVEL","DRY","UNKNOWN","ON SCENE","INJURY AND / OR TOW DUE TO CRASH",,,,"OVER $1,500","2024-05-08T15:36:00.000","DRIVING SKILLS/KNOWLEDGE/EXPERIENCE","DRIVING SKILLS/KNOWLEDGE/EXPERIENCE","1667","N","WESTERN AVE","1434","Y","Y",,,,,"2","NO INDICATION OF INJURY","0","0","0","0","0","2","0","15","4","5","41.912234194","-87.687123729","POINT (-87.687123729373 41.912234194402)"
"de7586764c81a1901461d055523fa29009ea10aa0dba40eb2c48a1e41400baf1806db97e5babe80ab84e7a640874e5e8408dcc2f60efac9c1eb059410d50fc36",,"2024-05-08T15:30:00.000","25","UNKNOWN","UNKNOWN","CLEAR","DAYLIGHT","REAR END","NOT DIVIDED",,"STRAIGHT AND LEVEL","DRY","NO DEFECTS","ON SCENE","NO INJURY / DRIVE AWAY",,,,"$501 - $1,500","2024-05-08T15:31:00.000","UNABLE TO DETERMINE","UNABLE TO DETERMINE","1159","N","HAMLIN AVE","1112",,,,,,,"2","NO INDICATION OF INJURY","0","0","0","0","0","2","0","15","4","5","41.902623451","-87.721281877","POINT (-87.721281877032 41.902623451117)"
"e9dba0805e7f5e02f43e2a93767b786ecad70c2ed98d6bc9d688e567eeecce56ce6080361ba3b340723afa43121c02593c2c053e6081b992cb9687042cb7a147",,"2024-05-08T15:30:00.000","30","UNKNOWN","UNKNOWN","UNKNOWN","DAYLIGHT","SIDESWIPE SAME DIRECTION","ONE-WAY",,"STRAIGHT AND LEVEL","UNKNOWN","UNKNOWN","NOT ON SCENE (DESK REPORT)","NO INJURY / DRIVE AWAY",,,,"OVER $1,500","2024-05-08T16:10:00.000","UNABLE TO DETERMINE","UNABLE TO DETERMINE","356","W","GRAND AVE","1831",,,,,,,"2","NO INDICATION OF INJURY","0","0","0","0","0","2","0","15","4","5","41.891644864","-87.637748971","POINT (-87.637748970923 41.891644863504)"
"68f1cba207af425644dd427b491d633d924a645043c7cb87b350c614a2d044860788797005d067ef4679cc5dccd226fddf1e99a0632cd1a95ca3ce9981a99ae9",,"2024-05-08T15:26:00.000","30","TRAFFIC SIGNAL","FUNCTIONING PROPERLY","CLEAR","DAYLIGHT","REAR END","NOT DIVIDED",,"STRAIGHT AND LEVEL","DRY","NO DEFECTS","NOT ON SCENE (DESK REPORT)","NO INJURY / DRIVE AWAY",,,,"OVER $1,500","2024-05-08T21:00:00.000","UNABLE TO DETERMINE","NOT APPLICABLE","4959","S","ARCHER AVE","821",,,,,,,"2","NO INDICATION OF INJURY","0","0","0","0","0","2","0","15","4","5","41.803046146","-87.722006734","POINT (-87.722006733579 41.803046146366)"
"003c62af93853af5e70e24920415a2d0944c60976c665ccef3b1b1feef3d6d40faee6eeee448503e7f7fb32a611e1bf8cb9001c41e1b02f9186d17c608235e35",,"2024-05-08T15:24:00.000","10","STOP SIGN/FLASHER","FUNCTIONING PROPERLY","CLEAR","DAYLIGHT","PARKED MOTOR VEHICLE","NOT DIVIDED",,"STRAIGHT AND LEVEL","DRY","NO DEFECTS","ON SCENE","INJURY AND / OR TOW DUE TO CRASH",,,,"OVER $1,500","2024-05-08T15:24:00.000","IMPROPER BACKING","IMPROPER BACKING","7000","S","WASHTENAW AVE","831",,,,,,,"4","NO INDICATION OF INJURY","0","0","0","0","0","2","0","15","4","5","41.766306504","-87.690775341","POINT (-87.690775341033 41.766306504029)"
"be984b55263f2ff114762f4f7ed5a4d92f89e5a0d6fcfbf84462b97f51f96fbfd3ab181ecde1038b1c71e042e71125078f268f65cb4745738116d3d6b624180a",,"2024-05-08T15:08:00.000","30","UNKNOWN","UNKNOWN","CLEAR","DAYLIGHT","SIDESWIPE SAME DIRECTION","NOT DIVIDED",,"STRAIGHT AND LEVEL","DRY","NO DEFECTS","ON SCENE","NO INJURY / DRIVE AWAY","Y",,,"OVER $1,500","2024-05-08T15:08:00.000","UNABLE TO DETERMINE","UNABLE TO DETERMINE","11499","S","EGGLESTON AVE","2233",,,,,,,"3","NO INDICATION OF INJURY","0","0","0","0","0","3","0","15","4","5","41.685284646","-87.633544541","POINT (-87.63354454148 41.685284645697)"
"3b4ca55ec7aab72e95f7729e289a1fe97129b987207cb12618a5b72996be5b983889dc7df0d1fe6f8e2664ebb64f8a9d349cc673d9a48fd0c10e7fd3bc032d05",,"2024-05-08T15:05:00.000","30","TRAFFIC SIGNAL","FUNCTIONING PROPERLY","CLEAR","DAYLIGHT","REAR TO FRONT","DIVIDED - W/MEDIAN (NOT RAISED)",,"STRAIGHT AND LEVEL","DRY","NO DEFECTS","NOT ON SCENE (DESK REPORT)","NO INJURY / DRIVE AWAY","Y",,,"OVER $1,500","2024-05-08T15:33:00.000","IMPROPER BACKING","UNABLE TO DETERMINE","11100","S","VINCENNES AVE","2212",,,,,,,"2","NO INDICATION OF INJURY","0","0","0","0","0","2","0","15","4","5","41.692160999","-87.663472469","POINT (-87.663472468686 41.692160998747)"
"070f16b957ea7f42ddf3415b5b937a5de611934d93c16ad879d24d69488df67162031290828090abb4aea0b08917c0cd81449d3cefec414fa3dd8da4e6de24a1",,"2024-05-08T15:00:00.000","35","STOP SIGN/FLASHER","FUNCTIONING PROPERLY","CLEAR","DAYLIGHT","REAR END","DIVIDED - W/MEDIAN (NOT RAISED)",,"STRAIGHT AND LEVEL","DRY","NO DEFECTS","NOT ON SCENE (DESK REPORT)","NO INJURY / DRIVE AWAY",,,,"OVER $1,500","2024-05-08T16:00:00.000","FOLLOWING TOO CLOSELY","UNABLE TO DETERMINE","7900","S","HOYNE AVE","611",,,,,,,"2","NO INDICATION OF INJURY","0","0","0","0","0","2","0","15","4","5","41.750161761","-87.675729921","POINT (-87.675729921024 41.750161760781)"
"59283f5fa7e9b4b93ab4566491a1f4e4031280665d4246d6a8bafbcbc7c9b484f4bec6586a00f4e068d32430c0d1faebf0e00871a194791839ee24a77cd80c51",,"2024-05-08T15:00:00.000","10","OTHER","NO CONTROLS","CLEAR","DAYLIGHT","PARKED MOTOR VEHICLE","PARKING LOT",,"STRAIGHT AND LEVEL","DRY","NO DEFECTS","ON SCENE","NO INJURY / DRIVE AWAY",,"Y",,"OVER $1,500","2024-05-08T16:00:00.000","IMPROPER BACKING","NOT APPLICABLE","2801","S","DR MARTIN LUTHER KING JR DR","133",,,,,,,"2","NO INDICATION OF INJURY","0","0","0","0","0","1","0","15","4","5","41.843271243","-87.617088245","POINT (-87.617088244808 41.84327124309)"
"6c62c26aff4cfb821064774c9d91b7ea64dc1d519c5673620825cc9c48ba51d9f78c5c7124dea6986e8be5a2b5fddf527c9ba6f8cf1040c346195ed8f6a73841",,"2024-05-08T15:00:00.000","30","TRAFFIC SIGNAL","FUNCTIONING PROPERLY","CLEAR","DAYLIGHT","TURNING","FOUR WAY",,"STRAIGHT AND LEVEL","DRY","NO DEFECTS","NOT ON SCENE (DESK REPORT)","NO INJURY / DRIVE AWAY","Y",,"Y","OVER $1,500","2024-05-08T15:20:00.000","FAILING TO YIELD RIGHT-OF-WAY","IMPROPER TURNING/NO SIGNAL","6740","N","CLARK ST","2432",,,,,,,"2","NO INDICATION OF INJURY","0","0","0","0","0","2","0","15","4","5","42.004692641","-87.673035687","POINT (-87.673035686889 42.004692640611)"
"876c34f411807e4aa10445fca1ad95c61c3b198a6e2fc91c0efc1533f6da494b0b0b9b79c28d8ef8b5c2764014f5a447bcf7fbb65c8cfdde3f4a13e7fabe0926","Y","2024-05-08T15:00:00.000","15","NO CONTROLS","NO CONTROLS","CLEAR","DAYLIGHT","SIDESWIPE OPPOSITE DIRECTION","PARKING LOT",,"STRAIGHT AND LEVEL","DRY","UNKNOWN","NOT ON SCENE (DESK REPORT)","NO INJURY / DRIVE AWAY",,,,"OVER $1,500","2024-05-08T17:30:00.000","UNABLE TO DETERMINE","NOT APPLICABLE","3745","N","LINCOLN AVE","1922",,,,,,,"2","NO INDICATION OF INJURY","0","0","0","0","0","2","0","15","4","5","41.949961171","-87.675671129","POINT (-87.675671129255 41.949961171142)"
"9149942afcda917b67848456361255af336d1e9484641fa079e1765f2153f506a4bc3f9290a244c581877dba2a698d27e8a886f53721ff145fa4ed7aad5b405f",,"2024-05-08T15:00:00.000","30","STOP SIGN/FLASHER","NO CONTROLS","CLEAR","DAYLIGHT","TURNING","DIVIDED - W/MEDIAN BARRIER",,"STRAIGHT AND LEVEL","DRY","NO DEFECTS","NOT ON SCENE (DESK REPORT)","NO INJURY / DRIVE AWAY",,,"Y","$500 OR LESS","2024-05-08T17:50:00.000","IMPROPER TURNING/NO SIGNAL","NOT APPLICABLE","2100","S","INDIANA AVE","132",,,,,,,"2","NO INDICATION OF INJURY","0","0","0","0","0","2","0","15","4","5","41.854235514","-87.622399682","POINT (-87.622399682349 41.854235513986)"
"cc2e5de6f52320945b07d19adaaf091b28e04c7f4dc300121fce8eca121fedf7129c1633829f7f310346449f623c00d644f1977ea89a284606e36a23162727ea",,"2024-05-08T15:00:00.000","30","TRAFFIC SIGNAL","FUNCTIONING PROPERLY","CLEAR","DAYLIGHT","REAR END","DIVIDED - W/MEDIAN (NOT RAISED)",,"STRAIGHT AND LEVEL","DRY","NO DEFECTS","NOT ON SCENE (DESK REPORT)","NO INJURY / DRIVE AWAY",,,,"$501 - $1,500","2024-05-08T16:00:00.000","FAILING TO REDUCE SPEED TO AVOID CRASH","UNABLE TO DETERMINE","4473","N","WESTERN AVE","1911",,,,,,,"2","NO INDICATION OF INJURY","0","0","0","0","0","2","0","15","4","5","41.963050928","-87.6885858","POINT (-87.688585800076 41.963050927885)"
"adcfd2c3737ee02a8a4fa237ed9499ef268c4a542daa833eaaa49af7019be567de47c272d6cdc3f503ee1101287189f1824f153820d2ecd027af6217f5147a01",,"2024-05-08T14:50:00.000","30","STOP SIGN/FLASHER","FUNCTIONING PROPERLY","CLEAR","DAYLIGHT","ANGLE","FOUR WAY",,"STRAIGHT AND LEVEL","DRY","NO DEFECTS","NOT ON SCENE (DESK REPORT)","INJURY AND / OR TOW DUE TO CRASH","Y",,,"OVER $1,500","2024-05-08T16:20:00.000","FAILING TO YIELD RIGHT-OF-WAY","UNABLE TO DETERMINE","1900","W","OGDEN AVE","1225",,,,,,,"2","NO INDICATION OF INJURY","0","0","0","0","0","2","0","14","4","5","41.874783255","-87.674200354","POINT (-87.674200354342 41.874783255317)"
"db34560793e899c6f6638782e9afed0787f566b8f886234a76c63183cc830ad802b7f31234a923b0b88711029305fb8cdf45f02e2b0c5196245d004e02480f7e",,"2024-05-08T14:50:00.000","30","STOP SIGN/FLASHER","NO CONTROLS","CLEAR","DAYLIGHT","ANGLE","DIVIDED - W/MEDIAN (NOT RAISED)",,"STRAIGHT AND LEVEL","DRY","NO DEFECTS","NOT ON SCENE (DESK REPORT)","INJURY AND / OR TOW DUE TO CRASH",,,,"OVER $1,500","2024-05-08T16:25:00.000","FAILING TO YIELD RIGHT-OF-WAY","NOT APPLICABLE","1000","N","HERMITAGE AVE","1213",,,,,,,"2","NO INDICATION OF INJURY","0","0","0","0","0","2","0","14","4","5","41.899714227","-87.671209124","POINT (-87.67120912402 41.899714226969)"
"81b6a462521a5a3e9d589d628228ce773fe11099b2adbb51e19bde8488fcf1f057ae74e003edae04356e4b19470d52a30ade48b1e562de83826164ac52f16a2e",,"2024-05-08T14:47:00.000","30","NO CONTROLS","NO CONTROLS","CLEAR","DAYLIGHT","SIDESWIPE SAME DIRECTION","UNKNOWN INTERSECTION TYPE",,"STRAIGHT AND LEVEL","DRY","NO DEFECTS","NOT ON SCENE (DESK REPORT)","NO INJURY / DRIVE AWAY",,,,"$500 OR LESS","2024-05-08T21:28:00.000","FAILING TO REDUCE SPEED TO AVOID CRASH","UNABLE TO DETERMINE","523","E","43RD ST","221",,,,,,,"2","NO INDICATION OF INJURY","0","0","0","0","0","2","0","14","4","5","41.81659378","-87.613007973","POINT (-87.613007972581 41.816593779582)"
"d70ae9f6f53fd5ac8ed175e68247fe7e9a5ac770e22734d6f924fa2d0cc4d9978ffc1fdc9b70ded5d6ca6c093f6481de12ff22fa5a59ad134e7c953d29272cf3",,"2024-05-08T14:45:00.000","30","NO CONTROLS","NO CONTROLS","CLEAR","DAYLIGHT","TURNING","NOT DIVIDED",,"STRAIGHT AND LEVEL","DRY","NO DEFECTS","NOT ON SCENE (DESK REPORT)","NO INJURY / DRIVE AWAY",,,,"OVER $1,500","2024-05-08T16:01:00.000","IMPROPER TURNING/NO SIGNAL","IMPROPER TURNING/NO SIGNAL","9514","S","STATE ST","511",,,,,,,"2","NO INDICATION OF INJURY","0","0","0","0","0","2","0","14","4","5","41.72117284","-87.623865107","POINT (-87.623865107461 41.721172840423)"
"06e45a5e22acdf290658894ff19efad43b3f8275da9d8a8bfe14f9b830c4064c0ab7eb1fe3eb6bc97abaa4a0931c4095102b60dde15daa77b1d90712a045a563",,"2024-05-08T14:37:00.000","30","NO CONTROLS","NO CONTROLS","CLEAR","DAYLIGHT","TURNING","NOT DIVIDED",,"STRAIGHT AND LEVEL","DRY","NO DEFECTS","ON SCENE","NO INJURY / DRIVE AWAY",,,,"OVER $1,500","2024-05-08T15:05:00.000","FAILING TO YIELD RIGHT-OF-WAY","IMPROPER TURNING/NO SIGNAL","4330","W","WASHINGTON BLVD","1114",,,,,,,"2","NO INDICATION OF INJURY","0","0","0","0","0","2","0","14","4","5","41.882052154","-87.734331121","POINT (-87.734331121132 41.882052153717)"
"a3820f9fae6701204a9764bb6dc752ff4fd158dbc706f85b38c821e7e0ea7cd2369a194d58fda18d71871354e08ef55f99d74cf9a445279fc3dfc1418e6b39cc",,"2024-05-08T14:36:00.000","15","STOP SIGN/FLASHER","NO CONTROLS","CLEAR","DAYLIGHT","PARKED MOTOR VEHICLE","DIVIDED - W/MEDIAN (NOT RAISED)",,"STRAIGHT AND LEVEL","DRY","NO DEFECTS","ON SCENE","NO INJURY / DRIVE AWAY","Y",,,"$501 - $1,500","2024-05-08T14:36:00.000","DRIVING SKILLS/KNOWLEDGE/EXPERIENCE","NOT APPLICABLE","4250","W","CULLOM AVE","1722",,,,,,,"2","NO INDICATION OF INJURY","0","0","0","0","0","2","0","14","4","5","41.959155132","-87.734675892","POINT (-87.734675892321 41.95915513176)"
"e54148e6ddb8dcaa545e95db71dbe30332fe3e3d13c101639451f59c87f74535b674a60cec94b36b28cfbd83662861b7d94bce64615e4dc25ae5fc4237a2158f",,"2024-05-08T14:35:00.000","30","NO CONTROLS","NO CONTROLS","CLEAR","DAYLIGHT","TURNING","DIVIDED - W/MEDIAN (NOT RAISED)",,"STRAIGHT AND LEVEL","DRY","NO DEFECTS","NOT ON SCENE (DESK REPORT)","NO INJURY / DRIVE AWAY",,,,"OVER $1,500","2024-05-08T15:30:00.000","UNABLE TO DETERMINE","NOT APPLICABLE","3830","N","KEDZIE AVE","1733",,,,,,,"2","NO INDICATION OF INJURY","0","0","0","0","0","2","0","14","4","5","41.951220655","-87.708089354","POINT (-87.708089353882 41.951220655087)"
"3497aaf5405eb75f76f6c9ef9ef29b4d3367353f79daec1c1633bef12105eb3796efce565eb2d3bf03aa5af6ff59d219eb14c91607c09ba038a56a8cbc0b4ebd",,"2024-05-08T14:33:00.000","35","TRAFFIC SIGNAL","FUNCTIONING PROPERLY","CLEAR","DAYLIGHT","REAR END","FOUR WAY",,"STRAIGHT AND LEVEL","DRY","NO DEFECTS","ON SCENE","INJURY AND / OR TOW DUE TO CRASH",,,"Y","OVER $1,500","2024-05-08T14:33:00.000","FOLLOWING TOO CLOSELY","UNABLE TO DETERMINE","11500","S","COTTAGE GROVE AVE","532",,,,,,,"2","NONINCAPACITATING INJURY","1","0","0","1","0","1","0","14","4","5","41.68539921","-87.611247473","POINT (-87.611247473326 41.685399210486)"
"43f7d024b7e628785921d3855b3c69e262237a2cd4bba6a3c23450fa50fd59b364e27e10e109ae5bbbffc646585b90c0a05a5d4e36ab1472d7644b31cf124bc6",,"2024-05-08T14:33:00.000","30","STOP SIGN/FLASHER","FUNCTIONING PROPERLY","CLEAR","DAYLIGHT","ANGLE","FOUR WAY",,"STRAIGHT AND LEVEL","DRY","UNKNOWN","ON SCENE","INJURY AND / OR TOW DUE TO CRASH","Y",,,"OVER $1,500","2024-05-08T15:05:00.000","UNABLE TO DETERMINE","UNABLE TO DETERMINE","3933","W","GRAND AVE","2535",,,,,,,"2","NO INDICATION OF INJURY","0","0","0","0","0","2","0","14","4","5","41.905541382","-87.725185621","POINT (-87.725185620898 41.905541381758)"
"371cce328c33307f986b72de288522f0809a6eceff60acd6c8d070fd1feeb9b661902a209ccfc65b626538356ec60cdb517c8d47377cafba04bd39d3e3832611",,"2024-05-08T14:30:00.000","35","TRAFFIC SIGNAL","UNKNOWN","CLEAR","DAYLIGHT","SIDESWIPE SAME DIRECTION","NOT DIVIDED",,"STRAIGHT AND LEVEL","UNKNOWN","UNKNOWN","NOT ON SCENE (DESK REPORT)","NO INJURY / DRIVE AWAY",,,"Y","OVER $1,500","2024-05-08T19:23:00.000","UNABLE TO DETERMINE","NOT APPLICABLE","955","N","WESTERN AVE","1212",,,,,,,"3","NO INDICATION OF INJURY","0","0","0","0","0","3","0","14","4","5","41.899210635","-87.68678425","POINT (-87.686784249709 41.899210635025)"
"4f41bb4d34be2363aff24dc2b09eed9ff7179e3df2c37ab2592622f0c71aa1f71dcb716c7ba89408d95a609eb0d7583ca14806177e3a0c234f2bb169d22220b5",,"2024-05-08T14:30:00.000","30","NO CONTROLS","NO CONTROLS","CLEAR","DAYLIGHT","PARKED MOTOR VEHICLE","PARKING LOT",,"STRAIGHT AND LEVEL","DRY","NO DEFECTS","NOT ON SCENE (DESK REPORT)","NO INJURY / DRIVE AWAY",,,"N","OVER $1,500","2024-05-08T15:13:00.000","IMPROPER BACKING","NOT APPLICABLE","4934","S","KEDZIE AVE","821",,,,,,,"2","NO INDICATION OF INJURY","0","0","0","0","0","2","0","14","4","5","41.803445713","-87.703986272","POINT (-87.70398627177 41.803445713074)"
"ea0c577a0e1d4797f1691aff6a409668c88d4d61689ee873ae80393fc7fee6ee0a2f026297a23ab2c388c0deffe32153ca3d022d3e824cf55170caadef2790f8",,"2024-05-08T14:27:00.000","30","TRAFFIC SIGNAL","FUNCTIONING PROPERLY","CLEAR","DAYLIGHT","TURNING","DIVIDED - W/MEDIAN BARRIER",,"STRAIGHT AND LEVEL","DRY","NO DEFECTS","ON SCENE","INJURY AND / OR TOW DUE TO CRASH",,,,"OVER $1,500","2024-05-08T14:57:00.000","UNABLE TO DETERMINE","UNABLE TO DETERMINE","799","W","CHICAGO AVE","1214",,,,,,,"2","REPORTED, NOT EVIDENT","1","0","0","0","1","1","0","14","4","5","41.89628637","-87.647668725","POINT (-87.647668725313 41.896286369547)"
"353912904203a609e63deb4d5683f29749b259645e5921116176a206be59914fc1d3d589c7e5e8a12bfcaa4fe935dbfef51696e78cc12e540f3f184bc76cadca","Y","2024-05-08T14:25:00.000","35","NO CONTROLS","NO CONTROLS","CLEAR","DAYLIGHT","SIDESWIPE SAME DIRECTION","NOT DIVIDED",,"STRAIGHT AND LEVEL","DRY","NO DEFECTS","ON SCENE","INJURY AND / OR TOW DUE TO CRASH",,,"Y","$501 - $1,500","2024-05-08T16:31:00.000","NOT APPLICABLE","NOT APPLICABLE","1512","S","PULASKI RD","1012",,,,,,,"2","REPORTED, NOT EVIDENT","1","0","0","0","1","2","0","14","4","5","41.860260981","-87.725142602","POINT (-87.725142601654 41.860260981443)"
"7bfa982e16dada732b7cd9c1f3420c035c9efcd5aefd53536a04e5b38d3ac565c7c33829cdfed9242e658017f03ed61aaf04a9d2ad0b1034c491dc9839bb57f2",,"2024-05-08T14:15:00.000","30","TRAFFIC SIGNAL","FUNCTIONING PROPERLY","CLEAR","DAYLIGHT","PEDALCYCLIST","Y-INTERSECTION",,"STRAIGHT AND LEVEL","DRY","NO DEFECTS","ON SCENE","NO INJURY / DRIVE AWAY",,,,"$500 OR LESS","2024-05-08T14:52:00.000","UNABLE TO DETERMINE","NOT APPLICABLE","2803","N","WESTERN AVE","1432",,,,,,,"2","NO INDICATION OF INJURY","0","0","0","0","0","2","0","14","4","5","41.932293416","-87.687745294","POINT (-87.687745294028 41.932293415575)"
"3c07a8fd0fab8630e6d1cd2160ee67b5cd309531d92e22b630d7b6143cb7ff7843a3734d6dbad182bc453bb302a801745e3b86b650186a1f9347417ed47acff7",,"2024-05-08T14:00:00.000","30","TRAFFIC SIGNAL","FUNCTIONING PROPERLY","CLEAR","DAYLIGHT","TURNING","NOT DIVIDED",,"STRAIGHT AND LEVEL","DRY","NO DEFECTS","NOT ON SCENE (DESK REPORT)","NO INJURY / DRIVE AWAY",,,,"$501 - $1,500","2024-05-08T18:13:00.000","IMPROPER TURNING/NO SIGNAL","NOT APPLICABLE","4400","S","PULASKI RD","815",,,,,,,"2","NO INDICATION OF INJURY","0","0","0","0","0","2","0","14","4","5","41.813271598","-87.723935214","POINT (-87.723935214329 41.813271598175)"