"crash_record_id","crash_date_est_i","crash_date","posted_speed_limit","traffic_control_device","device_condition","weather_condition","lighting_condition","first_crash_type","trafficway_type","lane_cnt","alignment","roadway_surface_cond","road_defect","report_type","crash_type","intersection_related_i","private_property_i","hit_and_run_i","damage","date_police_notified","prim_contributory_cause","sec_contributory_cause","street_no","street_direction","street_name","beat_of_occurrence","photos_taken_i","statements_taken_i","dooring_i","work_zone_i","work_zone_type","workers_present_i","num_units","most_severe_injury","injuries_total","injuries_fatal","injuries_incapacitating","injuries_non_incapacitating","injuries_reported_not_evident","injuries_no_indication","injuries_unknown","crash_hour","crash_day_of_week","crash_month","latitude","longitude","location"
"68cd610202228fa1489556fb28d23f6cd28a757cee4e2d964f7e8fa921eb0aaefc57a3a2d48052228503de833b06ae4cebd32a5283306b863b986d9695ba64a9",,"2024-05-08T14:00:00.000","25","NO CONTROLS","NO CONTROLS","CLEAR","DAYLIGHT","PARKED MOTOR VEHICLE","NOT DIVIDED",,"STRAIGHT AND LEVEL","DRY","UNKNOWN","NOT ON SCENE (DESK REPORT)","NO INJURY / DRIVE AWAY",,,"Y","$501 - $1,500","2024-05-08T15:00:00.000","UNABLE TO DETERMINE","UNABLE TO DETERMINE","15","S","CICERO AVE","1113",,,,,,,"2","NO INDICATION OF INJURY","0","0","0","0","0","1","0","14","4","5","41.879967095","-87.745113382","POINT (-87.745113382259 41.879967094904)"
"8b8734a7a15366cd1e9947b04e8b396394059be2bd90209390d290135910d914755130dfc4ce0f486de804a1b6c9767e8e255bfc438ea1030427b894ac777378",,"2024-05-08T14:00:00.000","30","NO CONTROLS","NO CONTROLS","CLEAR","DAYLIGHT","TURNING","NOT DIVIDED",,"STRAIGHT AND LEVEL","DRY","NO DEFECTS","NOT ON SCENE (DESK REPORT)","NO INJURY / DRIVE AWAY",,,,"$501 - $1,500","2024-05-08T16:16:00.000","IMPROPER TURNING/NO SIGNAL","NOT APPLICABLE","7700","S","WESTERN AVE","835",,,,,,,"2","NO INDICATION OF INJURY","0","0","0","0","0","2","0","14","4","5","41.753661963","-87.683087215","POINT (-87.683087215177 41.753661963436)"
"b6de6c6a2df745160fc8e70f13b455f30675e8d5c4ab6ff751a2f21148ec1f601708aed7e65955feb25ce0ed3cabf12c1907c392fec45830c98ec9a30ca19aaf",,"2024-05-08T14:00:00.000","30","STOP SIGN/FLASHER","FUNCTIONING PROPERLY","CLEAR","DAYLIGHT","TURNING","T-INTERSECTION",,"STRAIGHT AND LEVEL","DRY","UNKNOWN","NOT ON SCENE (DESK REPORT)","INJURY AND / OR TOW DUE TO CRASH","Y",,,"OVER $1,500","2024-05-08T14:10:00.000","UNABLE TO DETERMINE","NOT APPLICABLE","2700","S","CALIFORNIA AVE","1033",,,,,,,"2","REPORTED, NOT EVIDENT","1","0","0","0","1","1","0","14","4","5","41.842506292","-87.695297059","POINT (-87.695297058659 41.842506291778)"
"e97a05a3dd752d05e7fded25144efbea0108920c2fb0acb976b1fa2aa15a9cc827a40e23c39e098381760d09899d5212ef1b8469337c9faf3566e77bdf00ee25",,"2024-05-08T14:00:00.000","30","UNKNOWN","UNKNOWN","UNKNOWN","DAYLIGHT","REAR END","ONE-WAY",,"STRAIGHT AND LEVEL","UNKNOWN","UNKNOWN","NOT ON SCENE (DESK REPORT)","INJURY AND / OR TOW DUE TO CRASH",,,,"OVER $1,500","2024-05-08T18:05:00.000","UNABLE TO DETERMINE","NOT APPLICABLE","6652","S","INGLESIDE AVE","321",,,,,,,"2","REPORTED, NOT EVIDENT","2","0","0","0","2","2","0","14","4","5","41.773435638","-87.60227396","POINT (-87.602273959998 41.773435637717)"
"fff17f8166177876ca94888c164d968ff902974fac169977cc50cf5e17f8637173ea83666bad909f218baa1176cb03a209fa06e9a055ca7ddd7f881b127f4bfb",,"2024-05-08T14:00:00.000","30","TRAFFIC SIGNAL","FUNCTIONING PROPERLY","CLEAR","DAYLIGHT","SIDESWIPE SAME DIRECTION","NOT DIVIDED",,"STRAIGHT AND LEVEL","DRY","NO DEFECTS","NOT ON SCENE (DESK REPORT)","NO INJURY / DRIVE AWAY",,,"N","$501 - $1,500","2024-05-08T14:30:00.000","FOLLOWING TOO CLOSELY","IMPROPER OVERTAKING/PASSING","1800","W","TAYLOR ST","1231",,,,,,,"2","NO INDICATION OF INJURY","0","0","0","0","0","2","0","14","4","5","41.869302785","-87.671530892","POINT (-87.671530891933 41.86930278531)"
"89cab2bd18e24745d6898af5c2df79e772e30c179153e660acbc4e7f332f3db189ca9c97a53725f8d632720fadddf4b64fbd02e08c429a0c4e4f913229b7696f",,"2024-05-08T13:58:00.000","30","TRAFFIC SIGNAL","FUNCTIONING PROPERLY","CLEAR","DAYLIGHT","ANGLE","FIVE POINT, OR MORE",,"STRAIGHT AND LEVEL","DRY","NO DEFECTS","NOT ON SCENE (DESK REPORT)","INJURY AND / OR TOW DUE TO CRASH",,,,"$501 - $1,500","2024-05-08T15:10:00.000","UNABLE TO DETERMINE","NOT APPLICABLE","1001","W","WRIGHTWOOD AVE","1932",,,,,,,"2","NONINCAPACITATING INJURY","1","0","0","1","0","1","0","13","4","5","41.928895965","-87.653852289","POINT (-87.653852288769 41.928895965327)"
"94929e25ee8d2e989fd1ad2fa9e7326d7f8b6f525674779ffbd46c4dc9b489222f5f568b04d0f2be09fbec4c8b417b87d448da37f9edfb998b0e1ef971389492",,"2024-05-08T13:55:00.000","30","NO CONTROLS","NO CONTROLS","CLEAR","DAYLIGHT","REAR END","ONE-WAY",,"STRAIGHT AND LEVEL","DRY","NO DEFECTS","ON SCENE","INJURY AND / OR TOW DUE TO CRASH",,,,"OVER $1,500","2024-05-08T13:57:00.000","FAILING TO YIELD RIGHT-OF-WAY","UNABLE TO DETERMINE","4000","S","INDIANA AVE","213",,,,,,,"2","NONINCAPACITATING INJURY","2","0","0","2","0","1","0","13","4","5","41.821921539","-87.621701481","POINT (-87.621701481275 41.821921538799)"
"95815c68fdbef6b5ed95ac18990730e588259fd341dcf5804d4a51648269cf08eeca6e4f53057ac23171b639718eaf3524876c88935dd83007362fbd7bbdd16c",,"2024-05-08T13:50:00.000","30","NO CONTROLS","NO CONTROLS","CLEAR","DAYLIGHT","PARKED MOTOR VEHICLE","DIVIDED - W/MEDIAN (NOT RAISED)",,"STRAIGHT AND LEVEL","DRY","NO DEFECTS","NOT ON SCENE (DESK REPORT)","NO INJURY / DRIVE AWAY",,,"Y","OVER $1,500","2024-05-08T16:35:00.000","FAILING TO YIELD RIGHT-OF-WAY","NOT APPLICABLE","3421","W","FULLERTON AVE","1413",,,,,,,"2","NO INDICATION OF INJURY","0","0","0","0","0","2","0","13","4","5","41.924544228","-87.712949629","POINT (-87.712949629475 41.924544227766)"
"bf295792677163b77a7fff9eb0ac543fde33bf4dbc763a7681b4a1e017cabc56279b0388931875fc5b7e23a897d9891b9b2cccaf62e90ba4711f312cf5674377",,"2024-05-08T13:50:00.000","30","TRAFFIC SIGNAL","FUNCTIONING PROPERLY","CLEAR","DAYLIGHT","SIDESWIPE SAME DIRECTION","ONE-WAY",,"STRAIGHT AND LEVEL","DRY","NO DEFECTS","NOT ON SCENE (DESK REPORT)","NO INJURY / DRIVE AWAY","Y",,"Y","OVER $1,500","2024-05-08T13:56:00.000","IMPROPER OVERTAKING/PASSING","FAILING TO YIELD RIGHT-OF-WAY","11501","S","MARSHFIELD AVE","2234",,,,,,,"2","NO INDICATION OF INJURY","0","0","0","0","0","3","0","13","4","5","41.684713237","-87.662562951","POINT (-87.662562950664 41.684713237025)"
"1357cd0d67127e93f2b03a57aad09dbc1999ca0d4c1000352d58288055b4f9809621b2dbc9ba52dbe8f01c7f9e7a88592dfd8f9a9d30e10d74068611a237140d",,"2024-05-08T13:44:00.000","30","STOP SIGN/FLASHER","FUNCTIONING PROPERLY","CLEAR","DAYLIGHT","PEDALCYCLIST","DIVIDED - W/MEDIAN (NOT RAISED)",,"STRAIGHT AND LEVEL","DRY","NO DEFECTS","ON SCENE","INJURY AND / OR TOW DUE TO CRASH","Y",,,"OVER $1,500","2024-05-08T14:04:00.000","UNABLE TO DETERMINE","UNABLE TO DETERMINE","5159","N","SIMONDS DR","2024",,,,,,,"2","NONINCAPACITATING INJURY","1","0","0","1","0","2","0","13","4","5","41.9769372","-87.649575133","POINT (-87.649575133047 41.976937200496)"
"271c3ab3097b57608123aae7e621305dd14e052fbd728a267a94d95ce98806d2949c52c3d88177b369e16a211fea3b679d1d13861be68688e1303459982cd608",,"2024-05-08T13:40:00.000","30","NO CONTROLS","NO CONTROLS","CLEAR","DAYLIGHT","REAR END","DIVIDED - W/MEDIAN (NOT RAISED)",,"STRAIGHT AND LEVEL","DRY","UNKNOWN","NOT ON SCENE (DESK REPORT)","NO INJURY / DRIVE AWAY",,,,"OVER $1,500","2024-05-08T13:55:00.000","UNABLE TO DETERMINE","NOT APPLICABLE","1412","N","LARAMIE AVE","2532",,,,,,,"2","NO INDICATION OF INJURY","0","0","0","0","0","2","0","13","4","5","41.906300822","-87.756016589","POINT (-87.75601658904 41.906300822108)"
"9f40ac541c82890ce19164f9733ad068746e703742a408854e3d98ea86555d734d50da1d57450d6073d1ca696ecb909a0b08ac846bb5e367b0e5f276450cdb96",,"2024-05-08T13:35:00.000","30","TRAFFIC SIGNAL","FUNCTIONING PROPERLY","CLEAR","DAYLIGHT","SIDESWIPE SAME DIRECTION","NOT DIVIDED",,"STRAIGHT AND LEVEL","DRY","NO DEFECTS","NOT ON SCENE (DESK REPORT)","NO INJURY / DRIVE AWAY",,,,"OVER $1,500","2024-05-08T13:58:00.000","IMPROPER LANE USAGE","NOT APPLICABLE","650","W","18TH ST","1235",,,,,,,"2","NO INDICATION OF INJURY","0","0","0","0","0","2","0","13","4","5","41.85769874","-87.643885245","POINT (-87.643885245483 41.857698740262)"
"25487d756d0675f4dbd3f25c6209d368fe4dd58f76701754f63f7de3935329c5f9c4fc2733bc2ad572fb2262bed49d66896243ccffafba41955624325724ab6c",,"2024-05-08T13:30:00.000","25","NO CONTROLS","NO CONTROLS","CLEAR","DAYLIGHT","ANGLE","NOT DIVIDED",,"STRAIGHT AND LEVEL","DRY","UNKNOWN","NOT ON SCENE (DESK REPORT)","NO INJURY / DRIVE AWAY",,,"Y","$500 OR LESS","2024-05-08T16:45:00.000","UNABLE TO DETERMINE","UNABLE TO DETERMINE","29","E","87TH ST","632",,,,,,,"2","NO INDICATION OF INJURY","0","0","0","0","0","3","0","13","4","5","41.736255462","-87.622917508","POINT (-87.622917508206 41.73625546179)"
"48b5224847b8ecb9476f377c89f85786cd0fc585f78bcfe399c33ddd7293e0c2d6413c2c4d2a63a24774249d65f5b645b97fd2c1100acd74c700e9eb75e556dc",,"2024-05-08T13:30:00.000","30","NO CONTROLS","NO CONTROLS","CLEAR","DAYLIGHT","ANGLE","NOT DIVIDED",,"STRAIGHT AND LEVEL","DRY","NO DEFECTS","NOT ON SCENE (DESK REPORT)","NO INJURY / DRIVE AWAY",,,,"OVER $1,500","2024-05-08T16:38:00.000","FAILING TO YIELD RIGHT-OF-WAY","DRIVING SKILLS/KNOWLEDGE/EXPERIENCE","2200","N","WESTERN AVE","1431",,,,,,,"2","NO INDICATION OF INJURY","0","0","0","0","0","3","0","13","4","5","41.921653063","-87.687685219","POINT (-87.687685219452 41.921653062886)"
"9573862731f8f7e0ffb8fde91865ee7d077568abbdd2821d8288dc10d6ca06148ed0f35e668c4dba0708aaca6c9b913e397d97e0bc4bd5916445c4d1965d3195",,"2024-05-08T13:30:00.000","30","NO CONTROLS","NO CONTROLS","CLEAR","DAYLIGHT","REAR END","ONE-WAY",,"STRAIGHT AND LEVEL","DRY","NO DEFECTS","NOT ON SCENE (DESK REPORT)","NO INJURY / DRIVE AWAY",,,,"$501 - $1,500","2024-05-08T15:50:00.000","FOLLOWING TOO CLOSELY","NOT APPLICABLE","10000","W","BALMORAL AVE","1654",,,,,,,"2","NO INDICATION OF INJURY","0","0","0","0","0","2","0","13","4","5",,,
"9ff2c4f90bdc21f596f5a9deb150be5476139e26db421ac97c40d597fba4bc55ec8a22779298e7f4f63901ba99f362d6901e1eb8485766c370931c535b64b1c5",,"2024-05-08T13:30:00.000","30","NO CONTROLS","NO CONTROLS","CLEAR","DAYLIGHT","PARKED MOTOR VEHICLE","NOT DIVIDED",,"STRAIGHT AND LEVEL","DRY","UNKNOWN","ON SCENE","NO INJURY / DRIVE AWAY",,,"Y","OVER $1,500","2024-05-08T13:30:00.000","OPERATING VEHICLE IN ERRATIC, RECKLESS, CARELESS, NEGLIGENT OR AGGRESSIVE MANNER","NOT APPLICABLE","4632","W","51ST ST","815",,,,,,,"2","NO INDICATION OF INJURY","0","0","0","0","0","1","0","13","4","5","41.800478081","-87.739351187","POINT (-87.739351187071 41.80047808138)"
"9b3956de0625e0869c6c344593b2e01efc2f4f93d24caf9b6ea9ddbd83f579198aad9d2bbc940aa0c3ecb6048f851266894db6ae491c7c0a831f9bd309916581",,"2024-05-08T13:20:00.000","25","NO CONTROLS","NO CONTROLS","CLEAR","DAYLIGHT","SIDESWIPE SAME DIRECTION","NOT DIVIDED",,"STRAIGHT AND LEVEL","DRY","NO DEFECTS","NOT ON SCENE (DESK REPORT)","NO INJURY / DRIVE AWAY",,,,"$501 - $1,500","2024-05-08T13:58:00.000","NOT APPLICABLE","NOT APPLICABLE","4000","W","MADISON ST","1115",,,,,,,"2","NO INDICATION OF INJURY","0","0","0","0","0","3","0","13","4","5","41.8808343","-87.725796597","POINT (-87.725796597174 41.880834299772)"
"fb1b7ecb264a85e2d373770b36aecc106ae914516893a7712721baed1100e448424c13d549c6d40cdd86397cfa69d7b21830f350372404e63184c88b0ba2a787",,"2024-05-08T13:20:00.000","30","TRAFFIC SIGNAL","FUNCTIONING PROPERLY","CLEAR","DAYLIGHT","TURNING","NOT DIVIDED",,"STRAIGHT AND LEVEL","DRY","NO DEFECTS","NOT ON SCENE (DESK REPORT)","NO INJURY / DRIVE AWAY",,,"Y","$501 - $1,500","2024-05-08T13:55:00.000","UNABLE TO DETERMINE","NOT APPLICABLE","4912","N","WESTERN AVE","2031",,,,,,,"2","NO INDICATION OF INJURY","0","0","0","0","0","2","0","13","4","5","41.970811593","-87.689125715","POINT (-87.68912571528 41.970811593307)"
"e05288a23bf5300774df0276146b248564b85d7dd6e5fd574e6cb82beab29d1d803d5353387db72cd6566c6c4477af91ffc3db953f190ff48e4c65eee0ff2fd4",,"2024-05-08T13:17:00.000","25","NO CONTROLS","NO CONTROLS","CLEAR","DAYLIGHT","PARKED MOTOR VEHICLE","PARKING LOT",,"STRAIGHT AND LEVEL","DRY","NO DEFECTS","NOT ON SCENE (DESK REPORT)","NO INJURY / DRIVE AWAY",,,"Y","$501 - $1,500","2024-05-08T21:30:00.000","DRIVING SKILLS/KNOWLEDGE/EXPERIENCE","UNABLE TO DETERMINE","3857","S","DR MARTIN LUTHER KING JR DR","212","Y",,,,,,"2","NO INDICATION OF INJURY","0","0","0","0","0","1","0","13","4","5","41.823983252","-87.616853891","POINT (-87.616853890785 41.823983251515)"
"2513e7f99bdc3a800189995bb420444236936e40ac607f6f3f68ea3b13d2af5f031c47cc9b844645dbce3672c967c0260d416cfcd78e3702e80c533612b7bd21",,"2024-05-08T13:15:00.000","30","TRAFFIC SIGNAL","UNKNOWN","CLEAR","DAYLIGHT","SIDESWIPE SAME DIRECTION","DIVIDED - W/MEDIAN (NOT RAISED)",,"STRAIGHT AND LEVEL","DRY","UNKNOWN","NOT ON SCENE (DESK REPORT)","INJURY AND / OR TOW DUE TO CRASH",,,,"OVER $1,500","2024-05-08T14:30:00.000","IMPROPER OVERTAKING/PASSING","DRIVING SKILLS/KNOWLEDGE/EXPERIENCE","800","W","LAWRENCE AVE","2024",,,,,,,"2","NONINCAPACITATING INJURY","1","0","0","1","0","3","0","13","4","5","41.969261067","-87.650422729","POINT (-87.650422728959 41.969261066974)"
"47da920cc4cf38f1857ddcd239867422f656301c2cba69eaa4394e153423893326ce1fe1c2c45eb5321cb7ccd0fd699539200fbda20fc150a327e895b30630c4",,"2024-05-08T13:10:00.000","30","TRAFFIC SIGNAL","FUNCTIONING PROPERLY","CLEAR","DAYLIGHT","REAR TO FRONT","NOT DIVIDED",,"STRAIGHT AND LEVEL","DRY","NO DEFECTS","NOT ON SCENE (DESK REPORT)","NO INJURY / DRIVE AWAY",,,,"$501 - $1,500","2024-05-08T15:20:00.000","UNABLE TO DETERMINE","DRIVING SKILLS/KNOWLEDGE/EXPERIENCE","2800","W","ROSCOE ST","1733",,,,,,,"2","NO INDICATION OF INJURY","0","0","0","0","0","2","0","13","4","5","41.942899283","-87.698053745","POINT (-87.698053745344 41.942899283463)"
"e3e4c86586a1ded7966e9a88fd89760d3f30c29b019670e86cb0bf7a4ac2cc0a440e069262fadea6f67b16d2efd834fa72edac984f1b8df7828520ee3212faa0",,"2024-05-08T13:10:00.000","30","NO CONTROLS","NO CONTROLS","CLEAR","DAYLIGHT","SIDESWIPE SAME DIRECTION","NOT DIVIDED",,"STRAIGHT AND LEVEL","DRY","NO DEFECTS","NOT ON SCENE (DESK REPORT)","NO INJURY / DRIVE AWAY",,,,"$501 - $1,500","2024-05-08T14:12:00.000","IMPROPER OVERTAKING/PASSING","NOT APPLICABLE","4799","W","63RD ST","813",,,,,,,"2","NO INDICATION OF INJURY","0","0","0","0","0","3","0","13","4","5","41.778320184","-87.742228925","POINT (-87.742228924664 41.778320184199)"
"9e013a1bd1d31f7efe9bc7612d263d9b94a5b9f97c747e72c17f758fea5d5b78390cb6b7185aa2ab97da2b1e6eb7720f28a97f0c659f2b69e3a458fa086622dd",,"2024-05-08T13:05:00.000","30","NO CONTROLS","NO CONTROLS","CLEAR","DAYLIGHT","TURNING","DIVIDED - W/MEDIAN BARRIER",,"STRAIGHT AND LEVEL","DRY","NO DEFECTS","ON SCENE","NO INJURY / DRIVE AWAY","Y",,,"OVER $1,500","2024-05-08T13:06:00.000","IMPROPER TURNING/NO SIGNAL","DRIVING SKILLS/KNOWLEDGE/EXPERIENCE","7625","S","STONY ISLAND AVE","411",,,,,,,"2","NO INDICATION OF INJURY","0","0","0","0","0","2","0","13","4","5","41.756200389","-87.585530503","POINT (-87.585530503265 41.756200389197)"
"602eca86771d5a96097e77b8c19de44bc6b497d79ff11cd90efd8d18ce496d5d042a5f55ff778e5813ebed09631564fbbcb685158244baa30fb7aa427ec0ebc8",,"2024-05-08T13:00:00.000","30","NO CONTROLS","NO CONTROLS","CLEAR","DAYLIGHT","REAR END","NOT DIVIDED",,"STRAIGHT AND LEVEL","UNKNOWN","UNKNOWN","NOT ON SCENE (DESK REPORT)","NO INJURY / DRIVE AWAY",,,,"OVER $1,500","2024-05-08T13:45:00.000","UNABLE TO DETERMINE","NOT APPLICABLE","9499","S","ASHLAND AVE","2221",,,,,,,"2","NO INDICATION OF INJURY","0","0","0","0","0","2","0","13","4","5","41.72130883","-87.662540006","POINT (-87.662540006354 41.721308830281)"
"0f74f171a6c787a5e610197b29b62d7384c3e425980c473d21a177430af46e9720802f69867d9a164040de8cd0c693d6a406aad26b991fc7c536958c234f55cf",,"2024-05-08T12:45:00.000","30","NO CONTROLS","NO CONTROLS","CLEAR","DAYLIGHT","REAR END","DIVIDED - W/MEDIAN (NOT RAISED)",,"STRAIGHT AND LEVEL","DRY","NO DEFECTS","NOT ON SCENE (DESK REPORT)","NO INJURY / DRIVE AWAY",,,,"OVER $1,500","2024-05-08T14:27:00.000","UNABLE TO DETERMINE","UNABLE TO DETERMINE","539","E","87TH ST","632",,,,,,,"2","NO INDICATION OF INJURY","0","0","0","0","0","2","0","12","4","5","41.736454162","-87.610512822","POINT (-87.610512822106 41.736454162419)"
"3b85a996f49ef202b96d3f70080a93838030a76ae95284b6e44adab18885e88bb30ced76c10e72a0e9ac2c440f7b61641f3f67f0d338d1a73e871a72b6048893",,"2024-05-08T12:40:00.000","30","TRAFFIC SIGNAL","FUNCTIONING PROPERLY","CLEAR","DAYLIGHT","REAR END","FOUR WAY",,"STRAIGHT AND LEVEL","DRY","UNKNOWN","NOT ON SCENE (DESK REPORT)","NO INJURY / DRIVE AWAY",,,,"$501 - $1,500","2024-05-08T13:10:00.000","DRIVING SKILLS/KNOWLEDGE/EXPERIENCE","NOT APPLICABLE","798","S","HOMAN AVE","1133",,,,,,,"2","NO INDICATION OF INJURY","0","0","0","0","0","2","0","12","4","5","41.870942724","-87.710837809","POINT (-87.710837809478 41.870942723937)"
"22dfd8552884ced6e28dec61301e0bdde76d4ad6a606f449757490eac0f4e2da9613df626975d56715e1fdf212ed4329fe036865d034d46f4fa90307e5ec4466",,"2024-05-08T12:30:00.000","30","TRAFFIC SIGNAL","NO CONTROLS","CLEAR","DAYLIGHT","TURNING","FOUR WAY",,"STRAIGHT AND LEVEL","DRY","UNKNOWN","NOT ON SCENE (DESK REPORT)","NO INJURY / DRIVE AWAY","Y",,,"OVER $1,500","2024-05-08T13:05:00.000","FAILING TO YIELD RIGHT-OF-WAY","FAILING TO YIELD RIGHT-OF-WAY","801","N","PAULINA ST","1213",,,,,,,"2","NO INDICATION OF INJURY","0","0","0","0","0","2","0","12","4","5","41.896100666","-87.669584538","POINT (-87.669584538328 41.896100665675)"
"dc768df96e52b465dd737bbc7a9c782ffaaa7ff50e210e3798b85eae93d1586076d83209523568eb56e5e4d45446a219c870f14fba82c1550db4bde82d795773",,"2024-05-08T12:30:00.000","20","NO CONTROLS","NO CONTROLS","CLEAR","DAYLIGHT","PARKED MOTOR VEHICLE","NOT DIVIDED",,"STRAIGHT AND LEVEL","DRY","NO DEFECTS","ON SCENE","INJURY AND / OR TOW DUE TO CRASH",,,"Y","OVER $1,500","2024-05-08T12:30:00.000","UNABLE TO DETERMINE","NOT APPLICABLE","740","E","ADMINISTRATION DR","233",,,,,,,"3","NO INDICATION OF INJURY","0","0","0","0","0","1","0","12","4","5","41.792480022","-87.606852523","POINT (-87.606852523192 41.792480022474)"
"fb22d7830b97aeb3ca85ed0c770c84d5d41a79f2be6f2a812d16e2c395b0c8de0e14ce85196e5cd5abf26d255b8404645c65eea3a57c04c9dc9b77a37b9622e0",,"2024-05-08T12:09:00.000","25","NO CONTROLS","NO CONTROLS","CLEAR","DAYLIGHT","SIDESWIPE SAME DIRECTION","NOT DIVIDED",,"STRAIGHT AND LEVEL","DRY","NO DEFECTS","NOT ON SCENE (DESK REPORT)","NO INJURY / DRIVE AWAY",,,"Y","$501 - $1,500","2024-05-08T15:17:00.000","NOT APPLICABLE","NOT APPLICABLE","759","N","HOMAN AVE","1121",,,,,,,"2","NO INDICATION OF INJURY","0","0","0","0","0","2","0","12","4","5","41.895417524","-87.711286297","POINT (-87.711286296667 41.895417523714)"
"649cb7267df3f4e91c3eadd654b1662fc82b889eeb9534793eda79c6f7867b3d6caabcb7bd541cb21980cc3e677ab2454bc7bec87e56b427dfc5d2a4c891d404",,"2024-05-08T12:05:00.000","20","NO CONTROLS","NO CONTROLS","CLEAR","DAYLIGHT","PARKED MOTOR VEHICLE","ONE-WAY",,"STRAIGHT AND LEVEL","DRY","NO DEFECTS","ON SCENE","NO INJURY / DRIVE AWAY",,,"Y","OVER $1,500","2024-05-08T13:31:00.000","UNABLE TO DETERMINE","NOT APPLICABLE","1623","N","KEATING AVE","2533",,,,,,,"2","NO INDICATION OF INJURY","0","0","0","0","0","1","0","12","4","5","41.910384185","-87.74452792","POINT (-87.744527920124 41.910384184524)"
"86e693f2d15d002f48986cd963bca31bd5d100206db1cf12cf6169ea1141af198261504fe1a6eccb50d112bba4975487bdf0de3267565965cad0bafddfc07aa8",,"2024-05-08T12:05:00.000","30","TRAFFIC SIGNAL","FUNCTIONING PROPERLY","CLEAR","DAYLIGHT","REAR END","DIVIDED - W/MEDIAN (NOT RAISED)",,"STRAIGHT AND LEVEL","DRY","NO DEFECTS","NOT ON SCENE (DESK REPORT)","NO INJURY / DRIVE AWAY",,,,"OVER $1,500","2024-05-08T13:15:00.000","UNABLE TO DETERMINE","NOT APPLICABLE","675","N","ST CLAIR ST","1834",,,,,,,"2","NO INDICATION OF INJURY","0","0","0","0","0","2","0","12","4","5","41.894784779","-87.622605841","POINT (-87.622605840856 41.894784779144)"
"9c08b547a5fbf254e78fdc6a3791372e32bc84e7dca04bc09b148b11da6b7c5bee55c45f2bc9d0ddb1f4318c71d1091d5d0609b8604a2d698e2664381c99fa2e",,"2024-05-08T12:00:00.000","20","NO CONTROLS","NO CONTROLS","CLEAR","DAYLIGHT","PARKED MOTOR VEHICLE","NOT DIVIDED",,"STRAIGHT AND LEVEL","DRY","NO DEFECTS","ON SCENE","NO INJURY / DRIVE AWAY",,,,"$500 OR LESS","2024-05-08T12:07:00.000","UNABLE TO DETERMINE","UNABLE TO DETERMINE","1646","W","GREENLEAF AVE","2423",,,,,,,"2","NO INDICATION OF INJURY","0","0","0","0","0","1","0","12","4","5","42.010345727","-87.672021635","POINT (-87.672021634679 42.01034572652)"
"3abeae2a4b65c8e559659a05df266c255722637d43faf38be722fb3ada76486d634580324d5c42387bc07f43d5e74627c6af13f2937c38def9d8203478bb24a6",,"2024-05-08T11:52:00.000","35","NO CONTROLS","NO CONTROLS","CLEAR","DAYLIGHT","TURNING","NOT DIVIDED",,"STRAIGHT AND LEVEL","UNKNOWN","UNKNOWN","ON SCENE","NO INJURY / DRIVE AWAY",,,,"$500 OR LESS","2024-05-08T11:57:00.000","IMPROPER TURNING/NO SIGNAL","UNABLE TO DETERMINE","5709","W","BELMONT AVE","2514",,,,,,,"2","NO INDICATION OF INJURY","0","0","0","0","0","2","0","11","4","5","41.938428456","-87.769299149","POINT (-87.769299149033 41.938428455576)"
"e42dc76a20a945b9069b6a00ec4d3e3ec6c79bf8c9fabf4133524beee52116bd986509ac50229a669945bfc1bbf17ba4ddf1c88b5b5fcc01947ae1328fbe7bd6",,"2024-05-08T11:40:00.000","35","TRAFFIC SIGNAL","FUNCTIONING PROPERLY","CLEAR","DAYLIGHT","REAR END","NOT DIVIDED",,"STRAIGHT AND LEVEL","DRY","NO DEFECTS","NOT ON SCENE (DESK REPORT)","INJURY AND / OR TOW DUE TO CRASH",,,,"OVER $1,500","2024-05-08T12:10:00.000","FOLLOWING TOO CLOSELY","FAILING TO REDUCE SPEED TO AVOID CRASH","7660","W","TOUHY AVE","1611",,,,,,,"2","REPORTED, NOT EVIDENT","1","0","0","0","1","2","0","11","4","5","42.011517232","-87.818772919","POINT (-87.818772919105 42.01151723167)"