"crash_record_id","crash_date_est_i","crash_date","posted_speed_limit","traffic_control_device","device_condition","weather_condition","lighting_condition","first_crash_type","trafficway_type","lane_cnt","alignment","roadway_surface_cond","road_defect","report_type","crash_type","intersection_related_i","private_property_i","hit_and_run_i","damage","date_police_notified","prim_contributory_cause","sec_contributory_cause","street_no","street_direction","street_name","beat_of_occurrence","photos_taken_i","statements_taken_i","dooring_i","work_zone_i","work_zone_type","workers_present_i","num_units","most_severe_injury","injuries_total","injuries_fatal","injuries_incapacitating","injuries_non_incapacitating","injuries_reported_not_evident","injuries_no_indication","injuries_unknown","crash_hour","crash_day_of_week","crash_month","latitude","longitude","location"
"e5375d2a70ffdf31e206660cb837fa3e88fb740218ab4d2c83d0c1880c743acd0f361854f7bffa37282823a77da4b99058c14bc5331f01567d015b62ec313601",,"2024-05-08T11:40:00.000","30","NO CONTROLS","NO CONTROLS","CLEAR","DAYLIGHT","TURNING","NOT DIVIDED",,"STRAIGHT AND LEVEL","DRY","NO DEFECTS","ON SCENE","NO INJURY / DRIVE AWAY",,,"Y","OVER $1,500","2024-05-08T11:44:00.000","IMPROPER TURNING/NO SIGNAL","UNABLE TO DETERMINE","1550","W","MARQUETTE RD","725",,,,,,,"2","NO INDICATION OF INJURY","0","0","0","0","0","2","0","11","4","5","41.772308257","-87.663624905","POINT (-87.663624905027 41.772308256732)"
"44d1bada55d8577b2a90a30172a3a2c79ea66b343213eae8e843459241e14a2f529cf8db742925a0bc177d1b8b7c2d94174d427aa3e15267822c3b56a7709aca",,"2024-05-08T11:38:00.000","30","NO CONTROLS","NO CONTROLS","CLEAR","DAYLIGHT","PEDALCYCLIST","ONE-WAY",,"STRAIGHT AND LEVEL","DRY","NO DEFECTS","ON SCENE","INJURY AND / OR TOW DUE TO CRASH",,,,"OVER $1,500","2024-05-08T11:41:00.000","FAILING TO YIELD RIGHT-OF-WAY","DISTRACTION - FROM OUTSIDE VEHICLE","150","S","WELLS ST","122",,,,,,,"2","INCAPACITATING INJURY","1","0","1","0","0","1","0","11","4","5","41.879421181","-87.633899414","POINT (-87.63389941393 41.879421180569)"
"610a93d92eb2a0fd21be86fed4bc9567c556862c55fb645feca6f8813d8df7afeda26ea9038b5f96db31b72c120b4f918bdec9e2c074e59c07dfc9cb53993393",,"2024-05-08T11:30:00.000","30","NO CONTROLS","NO CONTROLS","CLEAR","DAYLIGHT","REAR END","PARKING LOT",,"STRAIGHT AND LEVEL","DRY","NO DEFECTS","NOT ON SCENE (DESK REPORT)","NO INJURY / DRIVE AWAY",,"Y",,"OVER $1,500","2024-05-08T11:45:00.000","UNABLE TO DETERMINE","UNABLE TO DETERMINE","3500","N","KIMBALL AVE","1732",,,,,,,"2","NO INDICATION OF INJURY","0","0","0","0","0","2","0","11","4","5","41.944881074","-87.712805089","POINT (-87.712805088759 41.944881073845)"
"dd133c7d0667917125e9098083f502914b2d1b90db9116a9b288a45a613675728aa4951ed22b6398aa2d965debc72d1db7a9db08c2e2654854e4ac53bd251036",,"2024-05-08T11:30:00.000","25","UNKNOWN","UNKNOWN","CLEAR","DAYLIGHT","REAR END","FOUR WAY",,"STRAIGHT AND LEVEL","UNKNOWN","UNKNOWN","NOT ON SCENE (DESK REPORT)","NO INJURY / DRIVE AWAY",,,"Y","OVER $1,500","2024-05-08T12:25:00.000","NOT APPLICABLE","NOT APPLICABLE","800","E","79TH ST","624",,,,,,,"2","NO INDICATION OF INJURY","0","0","0","0","0","2","0","11","4","5","41.751396701","-87.605154658","POINT (-87.605154658072 41.751396701356)"
"b8fe9656773ae60ce8c0b279924e059340a334050df0eb487c6b9d5122a3ba8057c1cf55ac74a1484e7f10569d7dab9d7526e6007a16cf07a0f7f837a58ec654",,"2024-05-08T11:24:00.000","30","NO CONTROLS","NO CONTROLS","CLEAR","DAYLIGHT","PARKED MOTOR VEHICLE","NOT DIVIDED",,"STRAIGHT AND LEVEL","DRY","NO DEFECTS","ON SCENE","NO INJURY / DRIVE AWAY",,,,"OVER $1,500","2024-05-08T11:24:00.000","DRIVING SKILLS/KNOWLEDGE/EXPERIENCE","NOT APPLICABLE","3615","W","OAKDALE AVE","2523",,,,,,,"2","NO INDICATION OF INJURY","0","0","0","0","0","1","0","11","4","5","41.934531566","-87.717899875","POINT (-87.717899875213 41.934531565548)"
"6204db604c55c6245f78203774f65ed54e63bbe351a04837271e200f6c77768bde33134c7c2502ab2da89f6d038775dd342d524d3a1b7a16299e3dd0ea23e4e8",,"2024-05-08T11:15:00.000","30","NO CONTROLS","NO CONTROLS","CLEAR","DAYLIGHT","SIDESWIPE SAME DIRECTION","NOT DIVIDED",,"STRAIGHT AND LEVEL","DRY","NO DEFECTS","NOT ON SCENE (DESK REPORT)","NO INJURY / DRIVE AWAY",,,"Y","OVER $1,500","2024-05-08T11:47:00.000","FAILING TO YIELD RIGHT-OF-WAY","NOT APPLICABLE","5733","S","KEDZIE AVE","824",,,,,,,"2","NO INDICATION OF INJURY","0","0","0","0","0","2","0","11","4","5","41.788891434","-87.703279592","POINT (-87.703279592166 41.788891434222)"
"7dc4bf099a98afdb94798b5b277e807331640a17822cd9aae6ab78eee7b8fbf56830d4c44ef38f6018b4d379363ef3d888fd38ceb3e42b2173610be52c329187",,"2024-05-08T11:15:00.000","15","NO CONTROLS","NO CONTROLS","CLEAR","DAYLIGHT","SIDESWIPE SAME DIRECTION","NOT DIVIDED",,"STRAIGHT AND LEVEL","DRY","NO DEFECTS","ON SCENE","NO INJURY / DRIVE AWAY",,,,"OVER $1,500","2024-05-08T12:05:00.000","FAILING TO YIELD RIGHT-OF-WAY","FAILING TO YIELD RIGHT-OF-WAY","3615","N","LAKEWOOD AVE","1923",,,,,,,"2","NO INDICATION OF INJURY","0","0","0","0","0","2","0","11","4","5","41.947596825","-87.661461723","POINT (-87.661461722592 41.947596824767)"
"b14e21138f9dc7982f52e85f3170f749cb4ef7f131c0b7a54276ce5f38dd9de8fa1cc311c00900574cdb2814817a91a422a408be10907f21a2a5039bcc08ae2a",,"2024-05-08T11:05:00.000","30","PEDESTRIAN CROSSING SIGN","FUNCTIONING PROPERLY","CLEAR","DAYLIGHT","PEDESTRIAN","DIVIDED - W/MEDIAN BARRIER",,"STRAIGHT AND LEVEL","DRY","NO DEFECTS","ON SCENE","INJURY AND / OR TOW DUE TO CRASH",,,"Y","OVER $1,500","2024-05-08T11:19:00.000","FAILING TO YIELD RIGHT-OF-WAY","UNABLE TO DETERMINE","1301","E","47TH ST","222",,,,,,,"2","NONINCAPACITATING INJURY","1","0","0","1","0","1","0","11","4","5","41.809553218","-87.594956403","POINT (-87.594956403417 41.809553218479)"
"f2132f09cfd161dc62a5a03154e78cac2674703ce55bcc5f91e89d99953a5d4309b3fe7bd090dfeeaf50d5afcf6f7acad888b6efbe9944c12b5ccef16d921e90",,"2024-05-08T11:00:00.000","20","NO CONTROLS","NO CONTROLS","CLEAR","DAYLIGHT","PARKED MOTOR VEHICLE","ONE-WAY",,"STRAIGHT AND LEVEL","UNKNOWN","UNKNOWN","NOT ON SCENE (DESK REPORT)","NO INJURY / DRIVE AWAY",,,"Y","OVER $1,500","2024-05-08T16:50:00.000","UNABLE TO DETERMINE","NOT APPLICABLE","2010","N","LEAMINGTON AVE","2522",,,,,,,"2","NO INDICATION OF INJURY","0","0","0","0","0","1","0","11","4","5","41.917232343","-87.754754728","POINT (-87.754754728114 41.917232342535)"
"06948ae26680a860e18a24cb1528cb1985febcb37a8feb60f8f0633d086f3a168d337b718d012ad0fba3df1e28b567491af93e83a477cf6eede6b04a25726954",,"2024-05-08T10:45:00.000","10","NO CONTROLS","NO CONTROLS","UNKNOWN","DAYLIGHT","ANGLE","OTHER",,"STRAIGHT AND LEVEL","UNKNOWN","UNKNOWN","NOT ON SCENE (DESK REPORT)","NO INJURY / DRIVE AWAY",,,,"$501 - $1,500","2024-05-08T11:00:00.000","UNABLE TO DETERMINE","UNABLE TO DETERMINE","5909","S","KEDZIE AVE","824",,,,,,,"2","NO INDICATION OF INJURY","0","0","0","0","0","2","0","10","4","5","41.785940727","-87.703194513","POINT (-87.70319451298 41.785940727464)"
"b8e40fa9b93c792e0447ab0b18c0863a354fb2b4fe83d2dbd95edeb1ffd5799f6e43b348380a6b330c20c51e1b000f91ff71f962a16e8905eba03b351aacaf1c",,"2024-05-08T10:45:00.000","30","NO CONTROLS","NO CONTROLS","CLEAR","DAYLIGHT","REAR END","NOT DIVIDED",,"STRAIGHT AND LEVEL","DRY","NO DEFECTS","NOT ON SCENE (DESK REPORT)","NO INJURY / DRIVE AWAY",,,,"OVER $1,500","2024-05-08T10:50:00.000","UNABLE TO DETERMINE","NOT APPLICABLE","5536","W","MONTROSE AVE","1623",,,,,,,"2","NO INDICATION OF INJURY","0","0","0","0","0","2","0","10","4","5","41.960604827","-87.766280147","POINT (-87.766280147406 41.960604827068)"
"aa318ee03b16515e2ba950896f76f28b09b2ebc5400bdf875fc90f23643f7c776bfaf28ca1edd34cc5a89cdaf3d4ac602580bb3403547b96572d7514dc9f6f92",,"2024-05-08T10:42:00.000","25","TRAFFIC SIGNAL","FUNCTIONING PROPERLY","CLEAR","DAYLIGHT","REAR END","FOUR WAY",,"STRAIGHT AND LEVEL","DRY","NO DEFECTS","ON SCENE","INJURY AND / OR TOW DUE TO CRASH","Y",,,"OVER $1,500","2024-05-08T10:43:00.000","FOLLOWING TOO CLOSELY","NOT APPLICABLE","7900","S","ASHLAND AVE","611",,,,,,,"2","REPORTED, NOT EVIDENT","1","0","0","0","1","1","0","10","4","5","41.75026224","-87.663580117","POINT (-87.663580117092 41.750262240415)"
"0762515410756de346aba1ffd75de5fc91b12db091100a92a829f0bd79037c087c545799a59305cea07532b1f4d24dc6dd3a8bd5196fc0e7338c2c4535c5a532","Y","2024-05-08T10:30:00.000","30","NO CONTROLS","NO CONTROLS","CLEAR","DAYLIGHT","REAR END","DIVIDED - W/MEDIAN (NOT RAISED)",,"STRAIGHT AND LEVEL","DRY","NO DEFECTS","NOT ON SCENE (DESK REPORT)","NO INJURY / DRIVE AWAY",,,,"OVER $1,500","2024-05-08T11:20:00.000","OPERATING VEHICLE IN ERRATIC, RECKLESS, CARELESS, NEGLIGENT OR AGGRESSIVE MANNER","UNABLE TO DETERMINE","8075","S","SOUTH CHICAGO AVE","414",,,,,,,"2","NO INDICATION OF INJURY","0","0","0","0","0","2","0","10","4","5","41.748082732","-87.580616434","POINT (-87.580616434185 41.748082732142)"
"c090527bea15068b0af513214b0d61236abd6aaf1235c5c70e6337f9fb3b4d0066f87526d090fa013f497a52c122d4605aac319cd412f51301492981e44082ad",,"2024-05-08T10:28:00.000","30","TRAFFIC SIGNAL","FUNCTIONING PROPERLY","CLEAR","DAYLIGHT","SIDESWIPE SAME DIRECTION","NOT DIVIDED",,"STRAIGHT AND LEVEL","DRY","NO DEFECTS","NOT ON SCENE (DESK REPORT)","NO INJURY / DRIVE AWAY",,,"Y","OVER $1,500","2024-05-08T11:08:00.000","IMPROPER OVERTAKING/PASSING","NOT APPLICABLE","1048","W","95TH ST","2223",,,,,,,"2","NO INDICATION OF INJURY","0","0","0","0","0","2","0","10","4","5","41.721485782","-87.650049783","POINT (-87.650049782636 41.721485782023)"
"6245ad89a40ec45659cb42ca4a15c47569274e6cf002c55054ead55fbf44fd26dcab5b056572d1d5e6612448cf2fd099f89394043a528010d453b241677b2b6a",,"2024-05-08T10:25:00.000","25","NO CONTROLS","NO CONTROLS","CLEAR","DAYLIGHT","TURNING","PARKING LOT",,"STRAIGHT AND LEVEL","DRY","UNKNOWN","ON SCENE","NO INJURY / DRIVE AWAY",,,,"OVER $1,500","2024-05-08T10:32:00.000","UNABLE TO DETERMINE","UNABLE TO DETERMINE","4645","W","DIVERSEY AVE","2521",,,,,,,"2","NO INDICATION OF INJURY","0","0","0","0","0","2","0","10","4","5","41.931460938","-87.743717307","POINT (-87.743717307031 41.931460938215)"
"f9279c763f1a325cda49d1c1cde5b6da84a6123971bc3b9c70294f065455818075131cace18d27d25dbb23e7bc137ccb29d81a1f748ab11cd399f20dd8b06550",,"2024-05-08T10:25:00.000","15","STOP SIGN/FLASHER","NOT FUNCTIONING","CLEAR","DAYLIGHT","PARKED MOTOR VEHICLE","ONE-WAY",,"STRAIGHT AND LEVEL","DRY","NO DEFECTS","NOT ON SCENE (DESK REPORT)","NO INJURY / DRIVE AWAY",,,,"OVER $1,500","2024-05-08T11:00:00.000","UNABLE TO DETERMINE","UNABLE TO DETERMINE","1059","N","LAMON AVE","1531",,,,,,,"2","NO INDICATION OF INJURY","0","0","0","0","0","1","0","10","4","5","41.900446907","-87.748233563","POINT (-87.748233563366 41.9004469071)"
"b68609894e093f7f6723000746de9cea302ede88c7e967eff7d8dda262ecf4a68a066177494f77eb0d5565fe56fb9a4e9499ff813e43f26231e6099003e1a052",,"2024-05-08T10:24:00.000","30","TRAFFIC SIGNAL","FUNCTIONING PROPERLY","CLEAR","DAYLIGHT","SIDESWIPE SAME DIRECTION","DIVIDED - W/MEDIAN BARRIER",,"STRAIGHT ON GRADE","DRY","NO DEFECTS","NOT ON SCENE (DESK REPORT)","NO INJURY / DRIVE AWAY",,,,"OVER $1,500","2024-05-08T11:10:00.000","FAILING TO YIELD RIGHT-OF-WAY","NOT APPLICABLE","1816","W","IRVING PARK RD","1912",,,,,,,"2","NO INDICATION OF INJURY","0","0","0","0","0","2","0","10","4","5","41.954316298","-87.674906814","POINT (-87.674906814146 41.954316297737)"
"b05b49b16806d376e7720784997ec7999af03ef66f649aebd29b37b3d2b418d41b71079320d6eb07f6d389002060d17fb2f2a42e83eff42724a54b951cee2e9b","Y","2024-05-08T10:20:00.000","30","TRAFFIC SIGNAL","FUNCTIONING PROPERLY","CLEAR","DAYLIGHT","REAR END","DIVIDED - W/MEDIAN (NOT RAISED)",,"STRAIGHT AND LEVEL","DRY","NO DEFECTS","NOT ON SCENE (DESK REPORT)","NO INJURY / DRIVE AWAY",,,"Y","OVER $1,500","2024-05-08T13:40:00.000","FAILING TO REDUCE SPEED TO AVOID CRASH","FOLLOWING TOO CLOSELY","3800","S","KEDZIE AVE","911",,,,,,,"2","NO INDICATION OF INJURY","0","0","0","0","0","2","0","10","4","5","41.824356308","-87.704593654","POINT (-87.704593654313 41.824356307608)"
"f45b7e03f55811e50b15a443e7fdd0e0fd98fbc245e2af59e49721b849e06a87c397c3019d2e71445f74d7f6f54e52c3b1a1c95ac4af37cf70426027af8e4d53",,"2024-05-08T10:20:00.000","30","TRAFFIC SIGNAL","FUNCTIONING PROPERLY","CLEAR","DAYLIGHT","SIDESWIPE SAME DIRECTION","NOT DIVIDED",,"STRAIGHT AND LEVEL","DRY","NO DEFECTS","ON SCENE","NO INJURY / DRIVE AWAY",,,,"OVER $1,500","2024-05-08T10:30:00.000","FAILING TO REDUCE SPEED TO AVOID CRASH","UNABLE TO DETERMINE","1601","W","71ST ST","735",,,,,,,"2","NO INDICATION OF INJURY","0","0","0","0","0","2","0","10","4","5","41.76479878","-87.663856155","POINT (-87.663856154847 41.764798780315)"
"d7af0d333b857185045fa04afa4ae87c7b5b7c7832a28639fdd679dfdf3abe5c260583623c2961fa3797d869136591797dad5fb7c5e650ba5e776257a18617ac",,"2024-05-08T10:12:00.000","10","NO CONTROLS","NO CONTROLS","UNKNOWN","DAYLIGHT","PARKED MOTOR VEHICLE","PARKING LOT",,"STRAIGHT AND LEVEL","UNKNOWN","UNKNOWN","NOT ON SCENE (DESK REPORT)","NO INJURY / DRIVE AWAY",,"Y",,"$501 - $1,500","2024-05-08T10:12:00.000","UNABLE TO DETERMINE","NOT APPLICABLE","4400","W","45TH ST","815",,,,,,,"2","NO INDICATION OF INJURY","0","0","0","0","0","2","0","10","4","5","41.811512877","-87.733582684","POINT (-87.73358268379 41.811512877369)"
"090e465844a08a2f42dae1dfc83289b3a5067f3ee6e98f30a43b6743ee0aff227321f6380c7650a6ad101113040e0a87e289795875e4d6163095440469e96e26",,"2024-05-08T10:10:00.000","30","TRAFFIC SIGNAL","FUNCTIONING PROPERLY","CLEAR","DAYLIGHT","REAR END","DIVIDED - W/MEDIAN BARRIER",,"STRAIGHT AND LEVEL","DRY","NO DEFECTS","NOT ON SCENE (DESK REPORT)","NO INJURY / DRIVE AWAY",,,,"$501 - $1,500","2024-05-08T12:05:00.000","FOLLOWING TOO CLOSELY","UNABLE TO DETERMINE","59","E","ROOSEVELT RD","131",,,,,,,"2","NO INDICATION OF INJURY","0","0","0","0","0","2","0","10","4","5","41.867333155","-87.62511194","POINT (-87.62511194034 41.867333154895)"
"f030edad7a0d2f1f4bb32e7016cd6413bf344da416a343ee4f0ae9dd95d08e63392570b5918ed433a8f3de6389c8899a7d7f6c950e93727007af20d9f5cece28",,"2024-05-08T10:10:00.000","30","NO CONTROLS","NO CONTROLS","CLEAR","DAYLIGHT","ANGLE","ALLEY",,"STRAIGHT AND LEVEL","DRY","UNKNOWN","ON SCENE","INJURY AND / OR TOW DUE TO CRASH",,,,"$500 OR LESS","2024-05-08T10:10:00.000","IMPROPER LANE USAGE","IMPROPER LANE USAGE","5343","W","LAWRENCE AVE","1623",,,,,,,"2","NONINCAPACITATING INJURY","1","0","0","1","0","1","0","10","4","5","41.96758126","-87.761113218","POINT (-87.761113217713 41.967581260357)"
"e4df17dafdbc2087fc61a79ec3296cc38430d4299f0dc275f1e14c6853aac164e566ec95149e5b36ce7b224e4a70c0a53476b6cfaeb7a72e7e8f1f09abdc7a05",,"2024-05-08T09:52:00.000","30","NO CONTROLS","NO CONTROLS","CLEAR","DAYLIGHT","PARKED MOTOR VEHICLE","ONE-WAY",,"STRAIGHT AND LEVEL","DRY","NO DEFECTS","NOT ON SCENE (DESK REPORT)","NO INJURY / DRIVE AWAY",,,,"$500 OR LESS","2024-05-08T11:01:00.000","IMPROPER LANE USAGE","UNABLE TO DETERMINE","251","E","HURON ST","1834",,,,,,,"2","NO INDICATION OF INJURY","0","0","0","0","0","1","0","9","4","5","41.894903302","-87.620743726","POINT (-87.62074372624 41.894903302355)"
"29611ad4d20c2eed298aac6393f391b1d40218a3e32da743029160b44373f30a28c2bad095415d1d2e2ccfdc6107445b87edebe3ca0b44974f467a259ea9059d",,"2024-05-08T09:50:00.000","35","OTHER","FUNCTIONING PROPERLY","CLEAR","DAYLIGHT","TURNING","NOT REPORTED",,"STRAIGHT AND LEVEL","DRY","NO DEFECTS","NOT ON SCENE (DESK REPORT)","INJURY AND / OR TOW DUE TO CRASH","Y",,,"OVER $1,500","2024-05-08T10:40:00.000","UNABLE TO DETERMINE","NOT APPLICABLE","6201","S","COTTAGE GROVE AVE","313",,,,,,,"2","REPORTED, NOT EVIDENT","1","0","0","0","1","2","0","9","4","5","41.782142888","-87.605820413","POINT (-87.605820413489 41.78214288843)"
"022be1439eec027e520ba65075b9c8f3ad51a8fd84782a31ce2a033dd9caefbcee16260984b7055ab0baf2a64897748c0c6e607937f3d2bac3cbea65bd178ffb",,"2024-05-08T09:45:00.000","15","NO CONTROLS","NO CONTROLS","CLEAR","DAYLIGHT","PARKED MOTOR VEHICLE","ALLEY",,"STRAIGHT AND LEVEL","DRY","NO DEFECTS","ON SCENE","NO INJURY / DRIVE AWAY",,,,"OVER $1,500","2024-05-08T10:25:00.000","UNABLE TO DETERMINE","NOT APPLICABLE","1006","N","MENARD AVE","1511",,,,,,,"2","NO INDICATION OF INJURY","0","0","0","0","0","2","0","9","4","5","41.898684179","-87.770539749","POINT (-87.770539748966 41.898684179352)"
"7e56029a1fcaa18eb7397669ada6cf6f3d41dc77a3148e92255d2d8549807909ad6906ebfa50ea7060f75c7275add36fb25bf3136b4be023f0ab993b80f94017",,"2024-05-08T09:40:00.000","30","UNKNOWN","UNKNOWN","CLEAR","DAYLIGHT","SIDESWIPE OPPOSITE DIRECTION","UNKNOWN",,"STRAIGHT AND LEVEL","DRY","UNKNOWN","NOT ON SCENE (DESK REPORT)","NO INJURY / DRIVE AWAY",,,"Y","OVER $1,500","2024-05-08T14:20:00.000","UNABLE TO DETERMINE","UNABLE TO DETERMINE","3900","S","LAKE SHORE DR NB","212",,,,,,,"2","NO INDICATION OF INJURY","0","0","0","0","0","2","0","9","4","5","41.825882585","-87.600971854","POINT (-87.600971854237 41.825882585011)"
"722f8937a853b0ada57e08f5e309569dfeb9627aa4f84d5711e1e3c4dcfe9cdb43695c1f04ab3a70bd15492c29705c051225523c727f21a2407bae5423755e70",,"2024-05-08T09:15:00.000","30","NO CONTROLS","NO CONTROLS","CLEAR","DAYLIGHT","OTHER NONCOLLISION","DIVIDED - W/MEDIAN (NOT RAISED)",,"STRAIGHT AND LEVEL","DRY","OTHER","NOT ON SCENE (DESK REPORT)","NO INJURY / DRIVE AWAY",,,,"OVER $1,500","2024-05-08T11:00:00.000","ROAD CONSTRUCTION/MAINTENANCE","ROAD CONSTRUCTION/MAINTENANCE","3111","W","111TH ST","2211",,,,"Y","CONSTRUCTION",,"1","NO INDICATION OF INJURY","0","0","0","0","0","1","0","9","4","5","41.691480835","-87.698873239","POINT (-87.698873238738 41.691480835381)"
"9e40e5f1bef6bffd796f5d579dabdd122404c667c03e29828ee05c58fb6a295136c8f48a2cfcab383a4f60b310917d39d4c421687d4761ae50093058976238f5",,"2024-05-08T09:15:00.000","30","NO CONTROLS","NO CONTROLS","CLEAR","DAYLIGHT","TURNING","DIVIDED - W/MEDIAN BARRIER",,"STRAIGHT AND LEVEL","DRY","NO DEFECTS","ON SCENE","NO INJURY / DRIVE AWAY",,"N","Y","$501 - $1,500","2024-05-08T09:18:00.000","UNABLE TO DETERMINE","NOT APPLICABLE","8002","S","WESTERN AVE","835",,,,,,,"2","NO INDICATION OF INJURY","0","0","0","0","0","2","0","9","4","5","41.748184648","-87.682949335","POINT (-87.682949334622 41.748184647829)"
"5d5a8ee7d19db0751368922cfba6190d90f9bf6937fa057b805f7e76101e4f2d942b40a7b1531b7edac1c2550882d27544090bf4293ec0fa568154fdb121e315",,"2024-05-08T09:10:00.000","15","NO CONTROLS","NO CONTROLS","CLEAR","DAYLIGHT","SIDESWIPE OPPOSITE DIRECTION","PARKING LOT",,"STRAIGHT AND LEVEL","DRY","NO DEFECTS","NOT ON SCENE (DESK REPORT)","NO INJURY / DRIVE AWAY",,,,"$501 - $1,500","2024-05-08T09:30:00.000","IMPROPER BACKING","UNABLE TO DETERMINE","818","E","63RD ST","313",,,,,,,"2","NO INDICATION OF INJURY","0","0","0","0","0","2","0","9","4","5","41.780532096","-87.605126686","POINT (-87.605126686203 41.780532096194)"
"a694f4e8f47db19655d4c8677e22d33ee28f0d6dba08842a823b1027d5f8662f216ee5c23c5b47cc92a8440ca900f85559c57225cf76cee036c30b4ebe59b7cf",,"2024-05-08T09:10:00.000","30","STOP SIGN/FLASHER","FUNCTIONING PROPERLY","CLEAR","DAYLIGHT","REAR END","ONE-WAY",,"STRAIGHT AND LEVEL","DRY","NO DEFECTS","NOT ON SCENE (DESK REPORT)","NO INJURY / DRIVE AWAY",,,"Y","OVER $1,500","2024-05-08T09:40:00.000","FOLLOWING TOO CLOSELY","FAILING TO REDUCE SPEED TO AVOID CRASH","6601","S","FRANCISCO AVE","831",,,,,,,"2","NO INDICATION OF INJURY","0","0","0","0","0","2","0","9","4","5","41.773519846","-87.695539946","POINT (-87.6955399459 41.773519846146)"
"51f9102a7c98de2783d400a696ac9d3a0bdb281cca939d5791a4d7c109009435d04277bb12a6c6cfafe5bcb59088cc34098c46e9bdfb2c9eb0a07295d2ec570b",,"2024-05-08T09:05:00.000","30","STOP SIGN/FLASHER","FUNCTIONING PROPERLY","CLEAR","DAYLIGHT","SIDESWIPE SAME DIRECTION","ONE-WAY",,"STRAIGHT AND LEVEL","DRY","NO DEFECTS","NOT ON SCENE (DESK REPORT)","NO INJURY / DRIVE AWAY","Y",,,"OVER $1,500","2024-05-08T09:40:00.000","FAILING TO YIELD RIGHT-OF-WAY","NOT APPLICABLE","5700","W","ROSCOE ST","1633",,,,,,,"2","NO INDICATION OF INJURY","0","0","0","0","0","6","0","9","4","5","41.942306624","-87.769185202","POINT (-87.769185202279 41.94230662432)"
"bce3cdd397772f50ef702c39affc70781784174940cd306795b70d4ddb04b89ea4f84cd4a964bf0f3c371f31c5e2bb7bb5c7bff01eea2a332a9393d9fe1aa217",,"2024-05-08T09:05:00.000","30","NO CONTROLS","NO CONTROLS","CLEAR","DAYLIGHT","REAR TO FRONT","NOT DIVIDED",,"STRAIGHT AND LEVEL","DRY","NO DEFECTS","ON SCENE","INJURY AND / OR TOW DUE TO CRASH",,,,"$500 OR LESS","2024-05-08T09:30:00.000","IMPROPER BACKING","NOT APPLICABLE","2111","N","HALSTED ST","1812",,,,,,,"2","NONINCAPACITATING INJURY","1","0","0","1","0","1","0","9","4","5","41.920370828","-87.648440805","POINT (-87.648440805453 41.920370828203)"
"93a31c40bc256e9bf339cec0027b5d5569afa17209a2faae4e4992526048292f3f4a3b59078883c10d7f17f085e2b4af15bcf16e63f2e897097bcddae9c99670",,"2024-05-08T09:01:00.000","30","TRAFFIC SIGNAL","FUNCTIONING PROPERLY","CLEAR","DAYLIGHT","REAR END","NOT DIVIDED",,"STRAIGHT AND LEVEL","DRY","NO DEFECTS","NOT ON SCENE (DESK REPORT)","INJURY AND / OR TOW DUE TO CRASH",,,,"OVER $1,500","2024-05-08T10:05:00.000","FOLLOWING TOO CLOSELY","FOLLOWING TOO CLOSELY","200","E","87TH ST","632",,,,,,,"2","REPORTED, NOT EVIDENT","1","0","0","0","1","2","0","9","4","5","41.736541701","-87.619296247","POINT (-87.619296247246 41.736541700958)"
"83fa5fe49236cf3f351acdcbae9fffa311da23ae5fcf0efadfa292aa266072d577265930f22c43c6551829ff00c7cf8c7514e7116190e55e001cb9d6461796e8",,"2024-05-08T09:00:00.000","30","NO CONTROLS","NO CONTROLS","CLEAR","DAYLIGHT","SIDESWIPE SAME DIRECTION","DIVIDED - W/MEDIAN (NOT RAISED)",,"STRAIGHT AND LEVEL","DRY","NO DEFECTS","NOT ON SCENE (DESK REPORT)","NO INJURY / DRIVE AWAY",,,"Y","$501 - $1,500","2024-05-08T09:20:00.000","IMPROPER LANE USAGE","NOT APPLICABLE","1501","S","STATE ST","131",,,,,,,"2","NO INDICATION OF INJURY","0","0","0","0","0","2","0","9","4","5","41.861895049","-87.627141887","POINT (-87.627141887427 41.861895048676)"
"c03583be0cb3bdf2bcb27f44dac5e1253ecd548f1c78f1846a0b094d3baeebd2df9b8678ae8d4b07be13051a51079bd7e2027384b5aed16854c3ad03d23ec39d",,"2024-05-08T09:00:00.000","30","NO CONTROLS","NO CONTROLS","CLEAR","DAYLIGHT","TURNING","NOT DIVIDED",,"STRAIGHT AND LEVEL","DRY","NO DEFECTS","ON SCENE","NO INJURY / DRIVE AWAY",,,,"OVER $1,500","2024-05-08T09:18:00.000","IMPROPER TURNING/NO SIGNAL","DRIVING SKILLS/KNOWLEDGE/EXPERIENCE","1140","S","WABASH AVE","123",,,,,,,"2","NO INDICATION OF INJURY","0","0","0","0","0","2","0","9","4","5","41.868036913","-87.625982044","POINT (-87.625982044099 41.868036912782)"