"crash_record_id","crash_date_est_i","crash_date","posted_speed_limit","traffic_control_device","device_condition","weather_condition","lighting_condition","first_crash_type","trafficway_type","lane_cnt","alignment","roadway_surface_cond","road_defect","report_type","crash_type","intersection_related_i","private_property_i","hit_and_run_i","damage","date_police_notified","prim_contributory_cause","sec_contributory_cause","street_no","street_direction","street_name","beat_of_occurrence","photos_taken_i","statements_taken_i","dooring_i","work_zone_i","work_zone_type","workers_present_i","num_units","most_severe_injury","injuries_total","injuries_fatal","injuries_incapacitating","injuries_non_incapacitating","injuries_reported_not_evident","injuries_no_indication","injuries_unknown","crash_hour","crash_day_of_week","crash_month","latitude","longitude","location"
"e9ad744f62f7fc56a36332f60d5a3aa47e0b85a91c3f0fd132f1efda011f0d5bd3d9baa3e86cdbae63e3a01c960b99b6f61e67517a7dbc2750adffcf3fafc6c0",,"2024-05-08T09:00:00.000","35","TRAFFIC SIGNAL","FUNCTIONING PROPERLY","CLEAR","DAYLIGHT","TURNING","CENTER TURN LANE",,"STRAIGHT AND LEVEL","DRY","NO DEFECTS","ON SCENE","INJURY AND / OR TOW DUE TO CRASH",,,,"OVER $1,500","2024-05-08T09:00:00.000","IMPROPER TURNING/NO SIGNAL","IMPROPER TURNING/NO SIGNAL","8100","S","ASHLAND AVE","614",,,,,,,"2","NO INDICATION OF INJURY","0","0","0","0","0","2","0","9","4","5","41.746622063","-87.663489333","POINT (-87.663489333293 41.746622062843)"
"d989d6a501d566e2a22f0084292e8e7f80988faf65256c3f40b6444a086dff1043f3b0236df51d6a55ae8ca26af08e501dbd56170b4712bfbb04070983abc12b",,"2024-05-08T08:51:00.000","30","NO CONTROLS","NO CONTROLS","CLEAR","DAYLIGHT","PARKED MOTOR VEHICLE","NOT DIVIDED",,"STRAIGHT AND LEVEL","DRY","NO DEFECTS","ON SCENE","NO INJURY / DRIVE AWAY",,,,"OVER $1,500","2024-05-08T08:59:00.000","UNABLE TO DETERMINE","UNABLE TO DETERMINE","3638","W","BYRON ST","1732",,,,,,,"2","NO INDICATION OF INJURY","0","0","0","0","0","3","0","8","4","5","41.952056754","-87.719363462","POINT (-87.719363461876 41.952056753739)"
"80371c12d6e6c5a11a8b9db112df4d1662be09f73b0bf6bb03ce1f34c2cd88fb6e2c42955033daad531b937669bb599c59b4c9744e3afa0a363bee65a638b469",,"2024-05-08T08:46:00.000","30","TRAFFIC SIGNAL","FUNCTIONING PROPERLY","CLEAR","DAYLIGHT","REAR END","DIVIDED - W/MEDIAN (NOT RAISED)",,"STRAIGHT AND LEVEL","DRY","NO DEFECTS","NOT ON SCENE (DESK REPORT)","NO INJURY / DRIVE AWAY",,,,"$500 OR LESS","2024-05-08T09:10:00.000","UNABLE TO DETERMINE","UNABLE TO DETERMINE","2402","N","WESTERN AVE","1431",,,,,,,"2","NO INDICATION OF INJURY","0","0","0","0","0","2","0","8","4","5","41.925004867","-87.687792803","POINT (-87.687792803237 41.925004867257)"
"ba3bc140e3b7371056f1466b89139b208b41fd02b0aac6b3709ac0c78d81ee84a27dc2e8a7924a7e66b58115a5b739166a98d762da7e8750fff630c40a802414",,"2024-05-08T08:46:00.000","30","TRAFFIC SIGNAL","FUNCTIONING PROPERLY","CLEAR","DAYLIGHT","PEDALCYCLIST","T-INTERSECTION",,"STRAIGHT AND LEVEL","DRY","UNKNOWN","ON SCENE","NO INJURY / DRIVE AWAY","Y",,,"$501 - $1,500","2024-05-08T08:46:00.000","UNABLE TO DETERMINE","NOT APPLICABLE","148","N","DEARBORN ST","111",,,,,,,"2","NO INDICATION OF INJURY","0","0","0","0","0","2","0","8","4","5","41.884446079","-87.629602189","POINT (-87.629602188986 41.884446079412)"
"48cc78e893a53ed42f7e5b87c4d385cb68f9d322678c7c5a188933cb0440711706d76550d1562ecdd76b95dd52f2b54f342ba347325d4b5a6d0ec6892856b373",,"2024-05-08T08:45:00.000","35","NO CONTROLS","NO CONTROLS","CLEAR","DAYLIGHT","REAR END","NOT DIVIDED",,"STRAIGHT AND LEVEL","DRY","NO DEFECTS","NOT ON SCENE (DESK REPORT)","NO INJURY / DRIVE AWAY",,,,"OVER $1,500","2024-05-08T10:00:00.000","FOLLOWING TOO CLOSELY","NOT APPLICABLE","4701","N","CENTRAL AVE","1623",,,,,,,"2","NO INDICATION OF INJURY","0","0","0","0","0","2","0","8","4","5","41.965985669","-87.767273493","POINT (-87.767273493411 41.965985669142)"
"f39c2a91cf0ae2625110c134c94bf96b2c7ab4acc9998e6ead32c787376b890a0a92ce521fe77c18702b4d11dec76c6de8d846bc515551a619160fce8a8e5c8b",,"2024-05-08T08:42:00.000","30","NO CONTROLS","NO CONTROLS","CLEAR","DAYLIGHT","SIDESWIPE SAME DIRECTION","ONE-WAY",,"STRAIGHT AND LEVEL","DRY","UNKNOWN","ON SCENE","INJURY AND / OR TOW DUE TO CRASH","N",,,"OVER $1,500","2024-05-08T08:42:00.000","UNABLE TO DETERMINE","UNABLE TO DETERMINE","7445","S","STATE ST","323","Y","Y",,,,,"2","NONINCAPACITATING INJURY","3","0","0","3","0","1","0","8","4","5","41.758720013","-87.624624544","POINT (-87.624624543653 41.758720013411)"
"143319645154395f46cb29c9a743ed6ee583af515e7971addb4cb3c963a6d9078f6899c909c91486699b236157e8e47592c5430e26ba81ab975010f7dd2a3dfc",,"2024-05-08T08:40:00.000","20","STOP SIGN/FLASHER","FUNCTIONING PROPERLY","CLEAR","DAYLIGHT","ANGLE","FOUR WAY",,"STRAIGHT AND LEVEL","DRY","UNKNOWN","ON SCENE","INJURY AND / OR TOW DUE TO CRASH","Y",,,"OVER $1,500","2024-05-08T08:43:00.000","UNABLE TO DETERMINE","NOT APPLICABLE","99","E","75TH ST","623",,,,,,,"2","REPORTED, NOT EVIDENT","1","0","0","0","1","7","0","8","4","5","41.758181133","-87.621612585","POINT (-87.621612584709 41.758181132899)"
"09943db9c9f64e9f269997f4bc5820e1aed56df9b8215cae9a07f84aad85bf7394e96e18fd73527e6fd458721b3dc3a7781fc77a2ecd922fbbfbe1623cd46192",,"2024-05-08T08:35:00.000","30","NO CONTROLS","NO CONTROLS","CLEAR","DAYLIGHT","PEDESTRIAN","DIVIDED - W/MEDIAN (NOT RAISED)",,"STRAIGHT AND LEVEL","DRY","NO DEFECTS","ON SCENE","INJURY AND / OR TOW DUE TO CRASH",,,"Y","OVER $1,500","2024-05-08T08:52:00.000","UNABLE TO DETERMINE","UNABLE TO DETERMINE","2392","N","MILWAUKEE AVE","1414",,,,,,,"2","REPORTED, NOT EVIDENT","1","0","0","0","1","1","0","8","4","5","41.924646801","-87.700420596","POINT (-87.700420595529 41.924646800503)"
"9ffba5622f5843e1866601d5bd23b5396239d7acc800610dceceeae2034cb45af4fc80ebf795113e3ce9cf2df9e78c0e531610b1132cc56fb2b80c0789444cc4",,"2024-05-08T08:30:00.000","30","NO CONTROLS","NO CONTROLS","CLEAR","DAYLIGHT","TURNING","NOT DIVIDED",,"STRAIGHT AND LEVEL","DRY","NO DEFECTS","NOT ON SCENE (DESK REPORT)","NO INJURY / DRIVE AWAY",,,,"OVER $1,500","2024-05-08T08:59:00.000","FOLLOWING TOO CLOSELY","NOT APPLICABLE","50","E","ROOSEVELT RD","123",,,,,,,"2","NO INDICATION OF INJURY","0","0","0","0","0","2","0","8","4","5","41.867546041","-87.625478713","POINT (-87.625478712677 41.867546040884)"
"c05850fd4193f4b73677613e6439292131b3f504a65aa7365b205f8051cee223501b7355ff32d5e749671c1c489cc4d75c88d2059304257e56b9e8e181fee1f8",,"2024-05-08T08:30:00.000","30","STOP SIGN/FLASHER","NO CONTROLS","CLEAR","DAYLIGHT","REAR END","ONE-WAY",,"STRAIGHT AND LEVEL","DRY","NO DEFECTS","NOT ON SCENE (DESK REPORT)","NO INJURY / DRIVE AWAY",,,,"OVER $1,500","2024-05-08T18:52:00.000","FOLLOWING TOO CLOSELY","FOLLOWING TOO CLOSELY","8654","S","DREXEL AVE","632",,,,,,,"2","NO INDICATION OF INJURY","0","0","0","0","0","2","0","8","4","5","41.736882292","-87.602546845","POINT (-87.602546845321 41.736882291556)"
"d35d8a615db1a7111b8c07509114b1d7edab142de2e7613771c5e29877ac5c5083281066d6b1743da57fa6d1dbdca163438c35673d12baf29334fe8a3d3c81a3",,"2024-05-08T08:30:00.000","30","STOP SIGN/FLASHER","FUNCTIONING PROPERLY","CLEAR","DAYLIGHT","TURNING","FOUR WAY",,"STRAIGHT AND LEVEL","UNKNOWN","UNKNOWN","NOT ON SCENE (DESK REPORT)","NO INJURY / DRIVE AWAY","Y",,,"OVER $1,500","2024-05-08T09:00:00.000","UNABLE TO DETERMINE","NOT APPLICABLE","2992","W","CARROLL AVE","1222",,,,,,,"2","NO INDICATION OF INJURY","0","0","0","0","0","2","0","8","4","5","41.887693171","-87.701270483","POINT (-87.701270482763 41.887693171278)"
"133a183bc050eca466d8aee85b93621e0f7cef6c62655d85a3f0331a2643dfae9ed46e56faf1a8425e3c4d6d3ec5ca9afb08828c7a0f88444469b67487f08ea7",,"2024-05-08T08:29:00.000","10","NO CONTROLS","NO CONTROLS","CLEAR","DAYLIGHT","REAR END","OTHER",,"STRAIGHT AND LEVEL","DRY","NO DEFECTS","ON SCENE","NO INJURY / DRIVE AWAY",,"Y",,"OVER $1,500","2024-05-08T08:32:00.000","UNABLE TO DETERMINE","NOT APPLICABLE","2420","W","PERSHING RD","911",,,,,,,"3","NO INDICATION OF INJURY","0","0","0","0","0","3","0","8","4","5","41.823071491","-87.685735973","POINT (-87.685735973467 41.82307149119)"
"e70e438f262ce9c94850b207dc33997135a4db0e197bf0391fcf32955353249fce6f4c810135f31ffa78345a08d579e792329f4badfdf1f4a075a1ed0333e17d",,"2024-05-08T08:20:00.000","30","NO CONTROLS","NO CONTROLS","CLEAR","DAYLIGHT","ANGLE","FOUR WAY",,"STRAIGHT AND LEVEL","DRY","UNKNOWN","ON SCENE","NO INJURY / DRIVE AWAY",,,,"OVER $1,500","2024-05-08T08:25:00.000","UNABLE TO DETERMINE","UNABLE TO DETERMINE","4701","N","LARAMIE AVE","1623",,,,,,,"2","NO INDICATION OF INJURY","0","0","0","0","0","2","0","8","4","5","41.966079475","-87.757496433","POINT (-87.757496433201 41.966079474666)"
"8a0da86fa8bb7847e88fd3606b501dbccb78a72fdba18b3d0358cf65f7a709d6fce1ebeddbea9aa9e3755645cf012185ef083edcf74a21185ca1f75d583dce1e",,"2024-05-08T08:15:00.000","25","NO CONTROLS","NO CONTROLS","CLEAR","DAYLIGHT","SIDESWIPE OPPOSITE DIRECTION","NOT DIVIDED",,"STRAIGHT ON GRADE","DRY","NO DEFECTS","ON SCENE","NO INJURY / DRIVE AWAY",,,,"$500 OR LESS","2024-05-08T08:15:00.000","UNABLE TO DETERMINE","NOT APPLICABLE","3049","W","45TH ST","922",,,,,,,"2","NO INDICATION OF INJURY","0","0","0","0","0","5","0","8","4","5","41.811695692","-87.701164802","POINT (-87.701164801831 41.811695692372)"
"9854c55109c4fb1b2b8d46bcc641c9d7501238b428764a1f812d70b65f814de53b8ef2a2f10999879ee7509deec363a763cf8eedce348d96ad020ce93f00e57e",,"2024-05-08T08:15:00.000","35","NO CONTROLS","NO CONTROLS","CLEAR","DAYLIGHT","REAR END","NOT DIVIDED",,"STRAIGHT AND LEVEL","DRY","NO DEFECTS","ON SCENE","NO INJURY / DRIVE AWAY",,,,"$501 - $1,500","2024-05-08T08:15:00.000","FOLLOWING TOO CLOSELY","NOT APPLICABLE","215","E","MARQUETTE RD","322",,,,,,,"2","NO INDICATION OF INJURY","0","0","0","0","0","2","0","8","4","5","41.772782722","-87.619640606","POINT (-87.619640606088 41.772782721566)"
"306e5e6847198b2c35b3e0012760f39273a8d3fbe63c64bf3ab39e8b869e39c2ddf8d5d8401cad4ffad563fc2832329ee3dc7ff32c9471e8b6d3c58229766b5a",,"2024-05-08T08:13:00.000","30","NO CONTROLS","NO CONTROLS","CLEAR","DAYLIGHT","REAR END","NOT DIVIDED",,"STRAIGHT AND LEVEL","DRY","NO DEFECTS","ON SCENE","NO INJURY / DRIVE AWAY",,,"Y","$501 - $1,500","2024-05-08T08:15:00.000","FAILING TO REDUCE SPEED TO AVOID CRASH","UNABLE TO DETERMINE","430","W","69TH ST","722",,,,,,,"2","NO INDICATION OF INJURY","0","0","0","0","0","2","0","8","4","5","41.769083294","-87.636093312","POINT (-87.636093311571 41.769083294402)"
"392d5667711e39efada43abe60091f269ffb68ddbb05c6639903655c43d117f141dc86bfbde7c0c9cd5ba58e4c38052c6a3710b07412e88d43b186a811654ca0",,"2024-05-08T08:10:00.000","25","STOP SIGN/FLASHER","FUNCTIONING PROPERLY","CLEAR","DAYLIGHT","ANGLE","NOT DIVIDED",,"STRAIGHT AND LEVEL","DRY","UNKNOWN","ON SCENE","NO INJURY / DRIVE AWAY","N",,,"OVER $1,500","2024-05-08T08:12:00.000","FAILING TO YIELD RIGHT-OF-WAY","NOT APPLICABLE","898","N","CENTRAL AVE","1511",,,,,,,"2","NO INDICATION OF INJURY","0","0","0","0","0","2","0","8","4","5","41.896626068","-87.765604868","POINT (-87.765604868176 41.89662606839)"
"bf3ea65fd941804c383fc927d852e856be7a867e048659105512434c9866e6517b827a0c3d53019ca152c6f1fda30c2c7f26f9f792661be5584a42509adbbe20",,"2024-05-08T08:10:00.000","30","NO CONTROLS","NO CONTROLS","CLEAR","DAYLIGHT","PEDESTRIAN","DIVIDED - W/MEDIAN (NOT RAISED)",,"STRAIGHT AND LEVEL","DRY","NO DEFECTS","ON SCENE","INJURY AND / OR TOW DUE TO CRASH",,,,"$500 OR LESS","2024-05-08T09:11:00.000","NOT APPLICABLE","NOT APPLICABLE","8900","S","CRANDON AVE","413",,,,,,,"2","NONINCAPACITATING INJURY","1","0","0","1","0","1","0","8","4","5","41.73341508","-87.568486997","POINT (-87.568486996657 41.733415079567)"
"dd5cf8393bcfcf37ac1cc0e2fc1820effa926dc411ccd70f8ca5c093b88c97ca75a77cd6379e67772bc5021e7b05e89097b7a4ea7f1c29b15b0bcc38c6753da8",,"2024-05-08T08:10:00.000","30","NO CONTROLS","NO CONTROLS","CLEAR","DAYLIGHT","SIDESWIPE SAME DIRECTION","NOT DIVIDED",,"STRAIGHT AND LEVEL","DRY","UNKNOWN","NOT ON SCENE (DESK REPORT)","NO INJURY / DRIVE AWAY",,,,"OVER $1,500","2024-05-08T08:25:00.000","UNABLE TO DETERMINE","UNABLE TO DETERMINE","5437","W","LAKE ST","1523",,,,,,,"2","NO INDICATION OF INJURY","0","0","0","0","0","2","0","8","4","5","41.887170867","-87.761713732","POINT (-87.761713732498 41.88717086749)"
"1a6bea5867a516f046dafc869035e1853b6f53a143372bf15b9019e7afd2de607fdab0f4b6c40606e48ff836471810916daaaba400f9532ec50ee90fdb303d96",,"2024-05-08T08:07:00.000","30","STOP SIGN/FLASHER","FUNCTIONING PROPERLY","CLEAR","DAYLIGHT","REAR END","NOT DIVIDED",,"STRAIGHT AND LEVEL","DRY","NO DEFECTS","NOT ON SCENE (DESK REPORT)","NO INJURY / DRIVE AWAY",,,,"OVER $1,500","2024-05-08T19:03:00.000","FOLLOWING TOO CLOSELY","FAILING TO REDUCE SPEED TO AVOID CRASH","1901","S","LOOMIS ST","1235",,,,,,,"2","NO INDICATION OF INJURY","0","0","0","0","0","2","0","8","4","5","41.856017969","-87.661119285","POINT (-87.66111928522 41.856017968868)"
"c67ff91d8217793102b1eb45c510b377a082adc2384794f0b8304a5c8cb07005f59d94fd16c7edee9b4aebffb3568cb39bc9838a48e0d8db5d76851ce06c3aa6","Y","2024-05-08T08:02:00.000","30","NO CONTROLS","NO CONTROLS","CLEAR","DAYLIGHT","PEDESTRIAN","NOT DIVIDED",,"STRAIGHT AND LEVEL","DRY","NO DEFECTS","ON SCENE","INJURY AND / OR TOW DUE TO CRASH",,,"Y","$500 OR LESS","2024-05-08T08:02:00.000","NOT APPLICABLE","NOT APPLICABLE","4655","W","NORTH AVE","2533",,,,,,,"2","NONINCAPACITATING INJURY","1","0","0","1","0","1","0","8","4","5","41.909544842","-87.743383923","POINT (-87.743383923201 41.909544842437)"
"0d874e2ce79c82ce38114a9b586e9306aad7abcd75715ad38c9e925dcf1efb8080d340a22eaf3eed5527ad29bf0e1a6bb5c69526258fed899c66d8284c063abd",,"2024-05-08T08:00:00.000","25","TRAFFIC SIGNAL","FUNCTIONING PROPERLY","CLEAR","DAYLIGHT","SIDESWIPE SAME DIRECTION","FOUR WAY",,"STRAIGHT AND LEVEL","DRY","NO DEFECTS","ON SCENE","NO INJURY / DRIVE AWAY",,,,"$501 - $1,500","2024-05-08T08:05:00.000","IMPROPER LANE USAGE","FAILING TO YIELD RIGHT-OF-WAY","3398","N","LAKE SHORE DR","1925",,,,,,,"2","NO INDICATION OF INJURY","0","0","0","0","0","2","0","8","4","5","41.943275561","-87.640618243","POINT (-87.640618242849 41.94327556132)"
"a5a2580070b64a9f096ee18125f2fb44dd2e6bee19cc7834ec853b9e61ab905c278e4288e15a7fb3ab9c64216a1f25d59214ed50b233a890d58087757022ea13",,"2024-05-08T08:00:00.000","30","NO CONTROLS","NO CONTROLS","CLEAR","DAYLIGHT","REAR END","ONE-WAY",,"STRAIGHT AND LEVEL","DRY","UNKNOWN","NOT ON SCENE (DESK REPORT)","NO INJURY / DRIVE AWAY",,,,"OVER $1,500","2024-05-08T08:30:00.000","FOLLOWING TOO CLOSELY","NOT APPLICABLE","2828","S","LA SALLE ST","914",,,,,,,"2","NO INDICATION OF INJURY","0","0","0","0","0","2","0","8","4","5","41.841741472","-87.63026611","POINT (-87.630266109685 41.841741471828)"
"f42e68a15ad2eb4b0cdf7ddc33f9defc33d59bac2f4e9ebfd5b7395b0a605d4c683071e8d572140348bf72492fddfc57cabe748e4f4caca11d91fece932e3dec",,"2024-05-08T08:00:00.000","35","TRAFFIC SIGNAL","FUNCTIONING PROPERLY","CLEAR","DAYLIGHT","SIDESWIPE SAME DIRECTION","NOT DIVIDED",,"STRAIGHT AND LEVEL","DRY","NO DEFECTS","ON SCENE","NO INJURY / DRIVE AWAY",,,"Y","OVER $1,500","2024-05-08T08:10:00.000","IMPROPER LANE USAGE","IMPROPER OVERTAKING/PASSING","2400","W","63RD ST","825",,,,,,,"2","NO INDICATION OF INJURY","0","0","0","0","0","3","0","8","4","5","41.779331844","-87.683675761","POINT (-87.683675760848 41.779331844298)"
"149b676aab184e804256c94affd05fd9f4ae81163597fdd114accc42b4e3a380ea440b64bb61cee4842832aaf2fc68336b44a4d1f8c137dc7843f151a7430b43",,"2024-05-08T07:50:00.000","25","NO CONTROLS","NO CONTROLS","CLEAR","DAYLIGHT","SIDESWIPE SAME DIRECTION","NOT DIVIDED",,"STRAIGHT AND LEVEL","DRY","NO DEFECTS","NOT ON SCENE (DESK REPORT)","NO INJURY / DRIVE AWAY",,,,"$501 - $1,500","2024-05-08T11:10:00.000","NOT APPLICABLE","NOT APPLICABLE","3100","W","DEVON AVE","2412",,,,,,,"2","NO INDICATION OF INJURY","0","0","0","0","0","2","0","7","4","5","41.997539893","-87.707005962","POINT (-87.707005961806 41.997539893342)"
"83c71fcb03ebd5f5015a5d7aa0ffbd386317a73287793e8775364c6c5be24ce81b5987ad27cde36ea0f82f52484d221834fd68a27ff3a04a6694cd2228124d09",,"2024-05-08T07:50:00.000","30","TRAFFIC SIGNAL","FUNCTIONING PROPERLY","CLEAR","DAYLIGHT","TURNING","FOUR WAY",,"STRAIGHT AND LEVEL","DRY","NO DEFECTS","NOT ON SCENE (DESK REPORT)","INJURY AND / OR TOW DUE TO CRASH","Y",,,"$501 - $1,500","2024-05-08T08:43:00.000","UNABLE TO DETERMINE","UNABLE TO DETERMINE","7600","S","SOUTH CHICAGO AVE","411",,,,,,,"2","REPORTED, NOT EVIDENT","1","0","0","0","1","2","0","7","4","5","41.756736099","-87.593070955","POINT (-87.593070955379 41.756736099049)"
"b46335bf44938a737eb39476e2b320343df2099d0561f76b075d933af028d15b424eb4877b7b0e2df1e65b2a2d9accc3f92dfd42c94d07c501ea1e4a6d8baa81",,"2024-05-08T07:49:00.000","30","NO CONTROLS","NO CONTROLS","CLEAR","DAYLIGHT","ANGLE","NOT DIVIDED",,"STRAIGHT AND LEVEL","DRY","NO DEFECTS","ON SCENE","INJURY AND / OR TOW DUE TO CRASH",,,,"OVER $1,500","2024-05-08T07:50:00.000","UNABLE TO DETERMINE","NOT APPLICABLE","5010","W","GRAND AVE","2533",,,,,,,"2","INCAPACITATING INJURY","1","0","1","0","0","1","0","7","4","5","41.916180082","-87.75140933","POINT (-87.751409329979 41.916180081667)"
"14bdb1b11fbd0f9185c94d383b52186ae1bf898a018354270250a90a95f4bf37a472c589c709e21a300634084af83e57d5b92464852a3cc320c9cdb541c5b89d",,"2024-05-08T07:45:00.000","30","STOP SIGN/FLASHER","FUNCTIONING PROPERLY","CLEAR","DAYLIGHT","PEDALCYCLIST","NOT DIVIDED",,"STRAIGHT AND LEVEL","DRY","NO DEFECTS","ON SCENE","INJURY AND / OR TOW DUE TO CRASH","Y",,,"OVER $1,500","2024-05-08T07:53:00.000","FAILING TO YIELD RIGHT-OF-WAY","VISION OBSCURED (SIGNS, TREE LIMBS, BUILDINGS, ETC.)","2529","N","HALSTED ST","1935",,,,,,,"2","NONINCAPACITATING INJURY","1","0","0","1","0","1","0","7","4","5","41.928112239","-87.648709116","POINT (-87.648709115754 41.928112239456)"
"790c9693c0f7e8a05b679067a562ddb9ec6765617a0857f761f2dbc24e9119fe3be8596d0b2dfe9c4e2e4ff40a5dbd68ee23c14f470550cfb06d1538ee75d281",,"2024-05-08T07:45:00.000","25","UNKNOWN","UNKNOWN","UNKNOWN","UNKNOWN","SIDESWIPE SAME DIRECTION","NOT DIVIDED",,"STRAIGHT AND LEVEL","UNKNOWN","UNKNOWN","ON SCENE","NO INJURY / DRIVE AWAY",,,,"$501 - $1,500","2024-05-08T08:00:00.000","UNABLE TO DETERMINE","UNABLE TO DETERMINE","910","E","87TH ST","632",,,,,,,"2","NO INDICATION OF INJURY","0","0","0","0","0","2","0","7","4","5","41.736796779","-87.601919054","POINT (-87.601919054187 41.73679677855)"
"96d956f82bba08412619ae6c3f12c9714d9a20a2d8d742ec20b75ebeadfa17b983e0be4fc2fc77a8e2e67fe484211234ec7936279da0085f658afcb5195dce9b",,"2024-05-08T07:45:00.000","10","NO CONTROLS","NO CONTROLS","CLEAR","DAYLIGHT","REAR END","ALLEY",,"STRAIGHT AND LEVEL","DRY","NO DEFECTS","NOT ON SCENE (DESK REPORT)","NO INJURY / DRIVE AWAY",,,,"$501 - $1,500","2024-05-08T08:30:00.000","NOT APPLICABLE","NOT APPLICABLE","7506","N","OAKLEY AVE","2411",,,,,,,"2","NO INDICATION OF INJURY","0","0","0","0","0","2","0","7","4","5","42.017691607","-87.687896977","POINT (-87.687896976903 42.017691607456)"
"156504697e70ccf008d79e65a41a441bacca876cd71e10b6710caa677debacb206bbc02ea528385d2849a5bd808da6d8d468f69a04f5bbd5da24e50fb2570962","N","2024-05-08T07:40:00.000","30","NO CONTROLS","NO CONTROLS","CLEAR","DAYLIGHT","TURNING","ALLEY",,"STRAIGHT AND LEVEL","DRY","NO DEFECTS","ON SCENE","INJURY AND / OR TOW DUE TO CRASH",,,,"OVER $1,500","2024-05-08T07:43:00.000","FAILING TO YIELD RIGHT-OF-WAY","FAILING TO YIELD RIGHT-OF-WAY","1219","W","NORWOOD ST","2433",,,,,,,"2","NO INDICATION OF INJURY","0","0","0","0","0","2","0","7","4","5","41.991702557","-87.661101054","POINT (-87.661101054082 41.991702557032)"
"48fb495830b8d1244bcd29f3832957ac0b7d9bd6526f697951e1f8ee4dd080d07948a92b6355fd8b92d4e4ad8189cc3c8a55ec6860aa3607533e0931699eafcb",,"2024-05-08T07:40:00.000","30","NO CONTROLS","NO CONTROLS","CLEAR","DAYLIGHT","REAR END","DIVIDED - W/MEDIAN (NOT RAISED)",,"STRAIGHT AND LEVEL","DRY","NO DEFECTS","ON SCENE","INJURY AND / OR TOW DUE TO CRASH",,,,"OVER $1,500","2024-05-08T07:45:00.000","IMPROPER OVERTAKING/PASSING","IMPROPER OVERTAKING/PASSING","4330","S","KEDZIE AVE","821",,,,,,,"3","REPORTED, NOT EVIDENT","1","0","0","0","1","3","0","7","4","5","41.814510633","-87.704373207","POINT (-87.70437320743 41.814510632769)"
"a30487db80b418622dfc0c06531bb233848d7315fce0d4db1e7c87b3a19e88744318c047137360f8add4d22c096e1abd5c0fd52f143c83a58811c81365d40407",,"2024-05-08T07:36:00.000","30","STOP SIGN/FLASHER","FUNCTIONING PROPERLY","CLEAR","DAYLIGHT","ANGLE","DIVIDED - W/MEDIAN (NOT RAISED)",,"STRAIGHT AND LEVEL","DRY","NO DEFECTS","ON SCENE","NO INJURY / DRIVE AWAY",,,,"OVER $1,500","2024-05-08T08:10:00.000","FAILING TO YIELD RIGHT-OF-WAY","NOT APPLICABLE","1301","N","LARAMIE AVE","2533",,,,,,,"2","NO INDICATION OF INJURY","0","0","0","0","0","2","0","7","4","5","41.904154585","-87.75567079","POINT (-87.755670790212 41.904154585335)"
"fc9fb39dcd7021e8abedae8521c8bb81ec2f64e6314c32ffec82a56c47d618fcd83e91f3a110d5e2d7ebf1e0b719fbc9690f10bc873bfdd5e05a45ecd6c565f2",,"2024-05-08T07:35:00.000","30","TRAFFIC SIGNAL","FUNCTIONING PROPERLY","CLEAR","DAYLIGHT","SIDESWIPE SAME DIRECTION","NOT DIVIDED",,"STRAIGHT AND LEVEL","DRY","NO DEFECTS","NOT ON SCENE (DESK REPORT)","NO INJURY / DRIVE AWAY",,,,"OVER $1,500","2024-05-08T07:50:00.000","UNABLE TO DETERMINE","NOT APPLICABLE","4801","N","NAGLE AVE","1622",,,,,,,"2","NO INDICATION OF INJURY","0","0","0","0","0","2","0","7","4","5","41.968433923","-87.787866563","POINT (-87.787866562515 41.968433923187)"
"0c36a3ff1b91a5d8efbc98832f864b2647bd348c87aebb6f14ec4e23602b77afe6841b56bc1d3db3e7e0b00b839a3414da75f7eb5215bfae8c03b9c540ac6a25",,"2024-05-08T07:30:00.000","30","TRAFFIC SIGNAL","FUNCTIONING PROPERLY","CLEAR","DAYLIGHT","TURNING","T-INTERSECTION",,"STRAIGHT AND LEVEL","DRY","NO DEFECTS","NOT ON SCENE (DESK REPORT)","NO INJURY / DRIVE AWAY",,,,"OVER $1,500","2024-05-08T10:15:00.000","IMPROPER TURNING/NO SIGNAL","FAILING TO YIELD RIGHT-OF-WAY","6656","W","GRAND AVE","2512",,,,,,,"2","NO INDICATION OF INJURY","0","0","0","0","0","2","0","7","4","5","41.923728324","-87.792776614","POINT (-87.792776613874 41.923728323715)"