"crash_record_id","crash_date_est_i","crash_date","posted_speed_limit","traffic_control_device","device_condition","weather_condition","lighting_condition","first_crash_type","trafficway_type","lane_cnt","alignment","roadway_surface_cond","road_defect","report_type","crash_type","intersection_related_i","private_property_i","hit_and_run_i","damage","date_police_notified","prim_contributory_cause","sec_contributory_cause","street_no","street_direction","street_name","beat_of_occurrence","photos_taken_i","statements_taken_i","dooring_i","work_zone_i","work_zone_type","workers_present_i","num_units","most_severe_injury","injuries_total","injuries_fatal","injuries_incapacitating","injuries_non_incapacitating","injuries_reported_not_evident","injuries_no_indication","injuries_unknown","crash_hour","crash_day_of_week","crash_month","latitude","longitude","location"
"4fe8635c5126daff4c17f79530fe64ded9f1fadcc5ecd63cdb853f5ddec6960aa1d09ca3ac12a9c7591641df157aa11b52953f10b33d17d3734507c84aefea39",,"2024-05-08T07:30:00.000","30","STOP SIGN/FLASHER","FUNCTIONING PROPERLY","CLEAR","DAYLIGHT","TURNING","T-INTERSECTION",,"STRAIGHT AND LEVEL","DRY","NO DEFECTS","ON SCENE","INJURY AND / OR TOW DUE TO CRASH","Y",,,"OVER $1,500","2024-05-08T07:33:00.000","FAILING TO YIELD RIGHT-OF-WAY","VISION OBSCURED (SIGNS, TREE LIMBS, BUILDINGS, ETC.)","2830","W","83RD ST","835",,,,,,,"2","REPORTED, NOT EVIDENT","1","0","0","0","1","1","0","7","4","5","41.742749558","-87.693592021","POINT (-87.693592021296 41.742749557669)"
"8ccc435d1c073cf528b236459813339f585bfe7c9ffb1bf427fbef171fd3805b32989c973b2635bc6ff32df10c51f60013e9331708c9ea08d1503aebc3769883",,"2024-05-08T07:30:00.000","30","TRAFFIC SIGNAL","UNKNOWN","CLEAR","DAYLIGHT","HEAD ON","NOT DIVIDED",,"STRAIGHT AND LEVEL","UNKNOWN","UNKNOWN","NOT ON SCENE (DESK REPORT)","NO INJURY / DRIVE AWAY",,,,"$501 - $1,500","2024-05-08T14:50:00.000","UNABLE TO DETERMINE","NOT APPLICABLE","4152","W","GRAND AVE","2534",,,,,,,"2","NO INDICATION OF INJURY","0","0","0","0","0","2","0","7","4","5","41.908019348","-87.730757321","POINT (-87.730757320595 41.908019348297)"
"e1108a9528a81f92d9583dbc8ca540ae76f4d26d1d59715b6ab9b62565ffd919b9301c970333b4b50f907f96febcd2718ded7d7d6d95824fb4aa8a422aedbae4",,"2024-05-08T07:30:00.000","30","NO CONTROLS","NO CONTROLS","CLEAR","DAYLIGHT","PARKED MOTOR VEHICLE","ONE-WAY",,"STRAIGHT AND LEVEL","DRY","NO DEFECTS","ON SCENE","NO INJURY / DRIVE AWAY",,,,"OVER $1,500","2024-05-08T07:30:00.000","DRIVING SKILLS/KNOWLEDGE/EXPERIENCE","UNABLE TO DETERMINE","3357","N","KILDARE AVE","1731",,,,,,,"2","NO INDICATION OF INJURY","0","0","0","0","0","2","0","7","4","5","41.942535059","-87.734528445","POINT (-87.734528444629 41.942535059056)"
"0e23170f9f3580bf8be3794c3d18b83ff825637bbb9bcb4ceea72288c516e048f7366fa5d770de2f7bd038b435036aa7605a2ee19225a0d47c69e916b4bb1237",,"2024-05-08T07:28:00.000","30","NO CONTROLS","NO CONTROLS","CLEAR","DAYLIGHT","REAR END","NOT DIVIDED",,"STRAIGHT AND LEVEL","DRY","UNKNOWN","ON SCENE","NO INJURY / DRIVE AWAY",,,,"OVER $1,500","2024-05-08T07:29:00.000","UNABLE TO DETERMINE","UNABLE TO DETERMINE","4660","W","LAWRENCE AVE","1712",,,,,,,"2","NO INDICATION OF INJURY","0","0","0","0","0","2","0","7","4","5","41.968165154","-87.74525377","POINT (-87.745253770149 41.968165153507)"
"2e4dd66c56ed72f181a0ec40a6d6ae5804b23fc231c828c7d338a17535a9c575f50f2ce5e897f6e7ca4416476f5532adc0a335734df4aa14fa70358e27c4314d",,"2024-05-08T07:26:00.000","30","STOP SIGN/FLASHER","FUNCTIONING PROPERLY","CLEAR","DAYLIGHT","TURNING","DIVIDED - W/MEDIAN (NOT RAISED)",,"STRAIGHT AND LEVEL","DRY","NO DEFECTS","ON SCENE","INJURY AND / OR TOW DUE TO CRASH","Y",,,"OVER $1,500","2024-05-08T07:26:00.000","UNABLE TO DETERMINE","UNABLE TO DETERMINE","5097","N","ELSTON AVE","1621",,,,,,,"2","NO INDICATION OF INJURY","0","0","0","0","0","2","0","7","4","5","41.973711466","-87.74903015","POINT (-87.749030149669 41.973711465926)"
"adb352ad4d1ce03ffa4ba5808b85cda02077bb0fc8c16353b4ace038880a93d5f12c31d7bcc433eef8922af469a756c97db6681d5f8a5abe75c6657bddab9062",,"2024-05-08T07:22:00.000","30","TRAFFIC SIGNAL","FUNCTIONING PROPERLY","CLEAR","DAYLIGHT","TURNING","NOT DIVIDED",,"STRAIGHT AND LEVEL","DRY","NO DEFECTS","NOT ON SCENE (DESK REPORT)","INJURY AND / OR TOW DUE TO CRASH","Y",,,"OVER $1,500","2024-05-08T07:32:00.000","UNABLE TO DETERMINE","NOT APPLICABLE","3048","W","PETERSON AVE","2413",,,,,,,"2","NO INDICATION OF INJURY","0","0","0","0","0","2","0","7","4","5","41.990512324","-87.706202797","POINT (-87.706202797163 41.990512324259)"
"b975fed0675f3b14d38abfb0dc04ef87d818781962e81c90793b31c3c6d60ee84628a0d9ba1acb285d49b1669471d067750f55e9e739e17d9efba5f1573e78b6",,"2024-05-08T07:15:00.000","30","STOP SIGN/FLASHER","NO CONTROLS","CLEAR","DAYLIGHT","TURNING","DIVIDED - W/MEDIAN (NOT RAISED)",,"STRAIGHT AND LEVEL","DRY","NO DEFECTS","NOT ON SCENE (DESK REPORT)","NO INJURY / DRIVE AWAY","Y",,,"OVER $1,500","2024-05-08T08:10:00.000","UNABLE TO DETERMINE","UNABLE TO DETERMINE","3656","W","ADDISON ST","1732",,,,,,,"2","NO INDICATION OF INJURY","0","0","0","0","0","2","0","7","4","5","41.946582696","-87.719917211","POINT (-87.719917211139 41.946582696118)"
"b31474b77aff676a073a166427139f2fc8f22a871240469087174c4c744766d4030f1a04e9cb071234a9964ca52ddf3786d6e806dcc6e388e24dca01bfc95226",,"2024-05-08T07:00:00.000","30","TRAFFIC SIGNAL","FUNCTIONING PROPERLY","CLEAR","DAYLIGHT","ANGLE","NOT DIVIDED",,"STRAIGHT AND LEVEL","DRY","NO DEFECTS","NOT ON SCENE (DESK REPORT)","NO INJURY / DRIVE AWAY","Y",,,"OVER $1,500","2024-05-08T07:30:00.000","FAILING TO YIELD RIGHT-OF-WAY","FAILING TO YIELD RIGHT-OF-WAY","6700","S","WENTWORTH AVE","722",,,,,,,"2","NO INDICATION OF INJURY","0","0","0","0","0","2","0","7","4","5","41.772615436","-87.630099678","POINT (-87.630099677564 41.77261543566)"
"b09ac3b46629c86f0aef14cb2c397b7935410734519c7ddd7903aa5c2f254ea2de460df3e0184e9bca4f57fe4fc0e547528ed679b6d529db8fe7500a64072da7",,"2024-05-08T06:50:00.000","30","NO CONTROLS","NO CONTROLS","CLEAR","DAYLIGHT","SIDESWIPE SAME DIRECTION","NOT DIVIDED",,"STRAIGHT AND LEVEL","DRY","NO DEFECTS","NOT ON SCENE (DESK REPORT)","NO INJURY / DRIVE AWAY",,,"Y","$500 OR LESS","2024-05-08T15:40:00.000","IMPROPER OVERTAKING/PASSING","NOT APPLICABLE","5533","S","HARLEM AVE","811",,,,,,,"2","NO INDICATION OF INJURY","0","0","0","0","0","2","0","6","4","5","41.7908892","-87.801336306","POINT (-87.801336306318 41.790889200425)"
"2bf23cd6cb732965e6f2926ff6d731cb33970908c6c5b9138cbf1e5344f2e3837f0148350e20fb8ce93e0e7258454a272a8ff3bccdf13889d45c7a44cf320c5d",,"2024-05-08T06:45:00.000","30","UNKNOWN","UNKNOWN","UNKNOWN","UNKNOWN","SIDESWIPE SAME DIRECTION","DIVIDED - W/MEDIAN (NOT RAISED)",,"STRAIGHT AND LEVEL","UNKNOWN","UNKNOWN","NOT ON SCENE (DESK REPORT)","NO INJURY / DRIVE AWAY",,,,"OVER $1,500","2024-05-08T09:15:00.000","UNABLE TO DETERMINE","UNABLE TO DETERMINE","1359","E","47TH ST","222",,,,,,,"2","NO INDICATION OF INJURY","0","0","0","0","0","2","0","6","4","5","41.809572599","-87.593080635","POINT (-87.593080634837 41.809572599393)"
"19e728d83b01052c358cd58038af7a5a9541450b11f73fc608232afca6ec92fd8a5c56922e44c40d97be4ef8ba4cc318fbbaf3eeaea14a2e56f3426a8197c5e7",,"2024-05-08T06:31:00.000","30","TRAFFIC SIGNAL","FUNCTIONING PROPERLY","CLEAR","DAYLIGHT","REAR END","DIVIDED - W/MEDIAN (NOT RAISED)",,"STRAIGHT AND LEVEL","DRY","NO DEFECTS","ON SCENE","INJURY AND / OR TOW DUE TO CRASH",,,,"OVER $1,500","2024-05-08T07:16:00.000","UNABLE TO DETERMINE","UNABLE TO DETERMINE","2828","E","106TH ST","434",,,,,,,"2","NONINCAPACITATING INJURY","2","0","0","1","1","0","0","6","4","5","41.702877176","-87.555214835","POINT (-87.555214834567 41.702877176062)"
"f6676f91ac3d99743003834a9d7172e10c47e4b705177b7fed98f3418bcb0052b4f231ae163b4c1a475481768f8cd8fe1cb5d8701c7bb5ad39583d01db1be3d7",,"2024-05-08T06:10:00.000","30","NO CONTROLS","NO CONTROLS","CLEAR","DAYLIGHT","REAR END","NOT DIVIDED",,"STRAIGHT AND LEVEL","DRY","NO DEFECTS","NOT ON SCENE (DESK REPORT)","NO INJURY / DRIVE AWAY",,,"Y","OVER $1,500","2024-05-08T12:21:00.000","FOLLOWING TOO CLOSELY","FOLLOWING TOO CLOSELY","5301","S","HARLEM AVE","811",,,,,,,"2","NO INDICATION OF INJURY","0","0","0","0","0","2","0","6","4","5","41.795688053","-87.801459671","POINT (-87.801459670523 41.795688052768)"
"acd61d3a48722b28aba502367a236c659fef65bb82c5b400d3a59aaa3d1a167b6035fce2441a64445d563f3d28b6a98ae86eb9e3214228b3ad3be7aa9e8455f0",,"2024-05-08T05:40:00.000","30","NO CONTROLS","NO CONTROLS","CLEAR","UNKNOWN","SIDESWIPE SAME DIRECTION","NOT DIVIDED",,"STRAIGHT AND LEVEL","UNKNOWN","UNKNOWN","NOT ON SCENE (DESK REPORT)","NO INJURY / DRIVE AWAY",,,"Y","OVER $1,500","2024-05-08T08:15:00.000","UNABLE TO DETERMINE","NOT APPLICABLE","2016","S","CALIFORNIA AVE","1023",,,,,,,"2","NO INDICATION OF INJURY","0","0","0","0","0","3","0","5","4","5","41.854096972","-87.695665753","POINT (-87.695665753109 41.854096971956)"
"ccd2ab8636afb482ec31221f69ddac5f441f0b01b76503699314a83b9490c8d0fb4eb3e5a406977f7f0d432325a5293181da249d373df87bfad8bb17d69d04e2",,"2024-05-08T05:28:00.000","30","NO CONTROLS","UNKNOWN","CLEAR","DAWN","REAR END","NOT DIVIDED",,"STRAIGHT AND LEVEL","DRY","NO DEFECTS","ON SCENE","NO INJURY / DRIVE AWAY",,,,"OVER $1,500","2024-05-08T05:38:00.000","FOLLOWING TOO CLOSELY","PHYSICAL CONDITION OF DRIVER","1235","W","DIVERSEY PKWY","1932",,,,,,,"2","NO INDICATION OF INJURY","0","0","0","0","0","2","0","5","4","5","41.932424709","-87.660059042","POINT (-87.660059041939 41.932424708628)"
"77065f6a03ab0d0a75c26e0126dc7d6d9c9d2d8351c6411c79a258dbf5ca6f7bfce992d35df48213564962d51edfca4a89295ab148d517cad6485b07754b075a",,"2024-05-08T03:21:00.000","30","NO CONTROLS","NO CONTROLS","CLEAR","DARKNESS, LIGHTED ROAD","ANGLE","DIVIDED - W/MEDIAN (NOT RAISED)",,"STRAIGHT AND LEVEL","DRY","NO DEFECTS","ON SCENE","INJURY AND / OR TOW DUE TO CRASH",,,"Y","$501 - $1,500","2024-05-08T03:47:00.000","UNABLE TO DETERMINE","UNABLE TO DETERMINE","5106","S","ARCHER AVE","815",,,,,,,"2","REPORTED, NOT EVIDENT","1","0","0","0","1","1","0","3","4","5","41.800869495","-87.729510815","POINT (-87.729510815359 41.800869494844)"
"8ec361e53687ab53b6fff01b9aec1a3f4f91c5a4e0b8c824cbe53467e58a1fa699c06033502ec1fe1ada419246e6f4beb872b29f5b9de2bb34ea45a400b83ff9",,"2024-05-08T03:02:00.000","30","PEDESTRIAN CROSSING SIGN","FUNCTIONING PROPERLY","CLEAR","DARKNESS, LIGHTED ROAD","FIXED OBJECT","DIVIDED - W/MEDIAN (NOT RAISED)",,"STRAIGHT AND LEVEL","DRY","NO DEFECTS","ON SCENE","NO INJURY / DRIVE AWAY",,,,"OVER $1,500","2024-05-08T03:02:00.000","UNABLE TO DETERMINE","UNABLE TO DETERMINE","4232","W","IRVING PARK RD","1722",,,,,,,"1","NO INDICATION OF INJURY","0","0","0","0","0","1","0","3","4","5","41.953688597","-87.733897659","POINT (-87.733897658514 41.953688597388)"
"9235deb14476c45ff85cba5aa9bb93f7eb7b47feb126f7f70439b627ca2f74727ed3668291e7b7d4236c72efa0e6568fd08f41c4d2a85cd11d34cb5d88cfee76",,"2024-05-08T02:40:00.000","30","NO CONTROLS","NO CONTROLS","CLEAR","DARKNESS, LIGHTED ROAD","OTHER NONCOLLISION","ONE-WAY",,"STRAIGHT AND LEVEL","DRY","RUT, HOLES","NOT ON SCENE (DESK REPORT)","NO INJURY / DRIVE AWAY",,,,"OVER $1,500","2024-05-08T11:00:00.000","UNABLE TO DETERMINE","UNABLE TO DETERMINE","504","N","LEAVITT ST","1221",,,,,,,"1","NO INDICATION OF INJURY","0","0","0","0","0","1","0","2","4","5","41.890920965","-87.68195613","POINT (-87.681956130219 41.890920965008)"
"0d9a9032dc3683da557bf30c349ad6032c8cedc020daa1c2f917b94df5accb83f7dc0e9d4a5dfa483130236df8a86b74219997708ca238b040a025b463cd1b06",,"2024-05-08T02:30:00.000","30","NO CONTROLS","NO CONTROLS","CLEAR","DAYLIGHT","PARKED MOTOR VEHICLE","ONE-WAY",,"STRAIGHT AND LEVEL","DRY","NO DEFECTS","NOT ON SCENE (DESK REPORT)","NO INJURY / DRIVE AWAY",,,"Y","$501 - $1,500","2024-05-08T15:19:00.000","UNABLE TO DETERMINE","NOT APPLICABLE","2160","E","71ST ST","331",,,,,,,"2","NO INDICATION OF INJURY","0","0","0","0","0","1","0","2","4","5","41.766395842","-87.571468909","POINT (-87.571468908922 41.766395841832)"
"9c4735cb7f560e1e22049e82cab80c7ba6ee682a3a8bfb89f54fc1c5ad35ae30a1d1bf552a2d0222a5cb765b179bb6feaa6058a7a3fa3055fdf92fb492985c8c",,"2024-05-08T02:05:00.000","30","TRAFFIC SIGNAL","FUNCTIONING PROPERLY","CLEAR","DARKNESS, LIGHTED ROAD","ANGLE","FOUR WAY",,"STRAIGHT AND LEVEL","DRY","NO DEFECTS","ON SCENE","INJURY AND / OR TOW DUE TO CRASH","Y",,,"OVER $1,500","2024-05-08T02:09:00.000","DISREGARDING TRAFFIC SIGNALS","NOT APPLICABLE","127","E","ONTARIO ST","1834",,,,,,,"2","NO INDICATION OF INJURY","0","0","0","0","0","2","0","2","4","5","41.893224736","-87.624270611","POINT (-87.624270611305 41.893224735926)"
"1d93ba213f90d3541ea29e1122030adfaf1991b645a80a4e95a16216603d2b859303c0a0cd5f5d0b583f6d4742b8bb75eecf6f1480d697fbc23656c1bd883fcd",,"2024-05-08T01:00:00.000","25","NO CONTROLS","NO CONTROLS","UNKNOWN","UNKNOWN","PARKED MOTOR VEHICLE","ONE-WAY",,"STRAIGHT AND LEVEL","UNKNOWN","UNKNOWN","NOT ON SCENE (DESK REPORT)","NO INJURY / DRIVE AWAY",,,"Y","OVER $1,500","2024-05-08T20:00:00.000","UNABLE TO DETERMINE","DRIVING SKILLS/KNOWLEDGE/EXPERIENCE","644","S","LA SALLE ST","123",,,,,,,"2","NO INDICATION OF INJURY","0","0","0","0","0","1","0","1","4","5","41.873648641","-87.631811863","POINT (-87.6318118633 41.873648641076)"
"059ffc6b8ee445e5a09a5e3193a2a4f41915ec16b500c116bbce73b19c462cf054fc947df49269158ffe7617e099fdea14a4c435c00187c7bb39d09564856a46",,"2024-05-08T00:56:00.000","15","NO CONTROLS","NO CONTROLS","CLEAR","DARKNESS","FIXED OBJECT","ALLEY",,"STRAIGHT AND LEVEL","DRY","NO DEFECTS","ON SCENE","NO INJURY / DRIVE AWAY",,"Y","Y","OVER $1,500","2024-05-08T12:00:00.000","UNABLE TO DETERMINE","NOT APPLICABLE","1414","S","AVERS AVE","1011",,,,,,,"1","NO INDICATION OF INJURY","0","0","0","0","0","1","0","0","4","5","41.862074076","-87.721543254","POINT (-87.721543254033 41.862074076452)"
"108ff0c0957bb28c1c9dc818dc0de629f09afa3cec71b611247a45544c8bfe60c99ce262dafe70d739aab4ab7f16b1dff5a0e93c436a4b09bc695af0fe1c9163",,"2024-05-08T00:25:00.000","35","NO CONTROLS","NO CONTROLS","CLEAR","DARKNESS, LIGHTED ROAD","PARKED MOTOR VEHICLE","NOT DIVIDED",,"STRAIGHT AND LEVEL","UNKNOWN","UNKNOWN","ON SCENE","NO INJURY / DRIVE AWAY",,,,"OVER $1,500","2024-05-08T00:50:00.000","IMPROPER BACKING","IMPROPER BACKING","5726","W","GRAND AVE","2515",,,,,,,"2","NO INDICATION OF INJURY","0","0","0","0","0","1","0","0","4","5","41.919526594","-87.769375827","POINT (-87.769375827013 41.919526594497)"
"55542beb947880554d454b5c5930f1abcfcbc4cdeb30248701a53289ed157f954f3dedaf19a7c1f81855833ffcb430dbd18a26ec00d672797618fe7363ead5ca",,"2024-05-08T00:15:00.000","30","UNKNOWN","NO CONTROLS","CLEAR","DARKNESS","PARKED MOTOR VEHICLE","NOT DIVIDED",,"STRAIGHT AND LEVEL","DRY","NO DEFECTS","ON SCENE","NO INJURY / DRIVE AWAY",,,"Y","OVER $1,500","2024-05-08T00:50:00.000","UNABLE TO DETERMINE","NOT APPLICABLE","1006","N","HAMLIN AVE","1112",,,,,,,"2","NO INDICATION OF INJURY","0","0","0","0","0","1","0","0","4","5","41.899321471","-87.72146762","POINT (-87.721467619872 41.899321471208)"
"6f65a60d6912addeab848a3420bf71c3fbf4239555c6096f5865ac62adbf9283b2591e4742883981da5b897d96686bc5dcb6ae798129a6d2d5cf8373e768d543",,"2024-05-08T00:14:00.000","30","NO CONTROLS","NO CONTROLS","RAIN","DARKNESS, LIGHTED ROAD","PARKED MOTOR VEHICLE","ONE-WAY",,"STRAIGHT AND LEVEL","WET","UNKNOWN","ON SCENE","NO INJURY / DRIVE AWAY",,,"Y","$501 - $1,500","2024-05-08T00:30:00.000","UNABLE TO DETERMINE","UNABLE TO DETERMINE","6458","S","DREXEL AVE","312",,,,,,,"3","NO INDICATION OF INJURY","0","0","0","0","0","1","0","0","4","5","41.776899097","-87.602954344","POINT (-87.60295434409 41.776899097108)"
"11301f336c77af1799514f0ea6156e8663f2360ea539f89e57d57b05f1fdc099d5fb67a48056b00023b6f2b1b869edb475c626429db7d2ef2b77ee4b6b9a5457",,"2024-05-08T00:05:00.000","30","NO CONTROLS","NO CONTROLS","CLEAR","DARKNESS, LIGHTED ROAD","TURNING","NOT DIVIDED",,"STRAIGHT AND LEVEL","UNKNOWN","UNKNOWN","ON SCENE","INJURY AND / OR TOW DUE TO CRASH",,,"Y","OVER $1,500","2024-05-08T00:09:00.000","NOT APPLICABLE","UNABLE TO DETERMINE","2946","W","CORTLAND ST","1421",,,,,,,"2","NONINCAPACITATING INJURY","1","0","0","1","0","4","0","0","4","5","41.915746689","-87.701128708","POINT (-87.701128708458 41.915746688616)"
"d7e9782620d3510d8162bfd6e03fa632e8f40df43ac55909c753bb64c4caf48dab6f1712c21427a21447291fd3ceefb96a9d4b5bd031680bf67157ee6f198f10",,"2024-05-08T00:00:00.000","30","NO CONTROLS","NO CONTROLS","CLEAR","DARKNESS, LIGHTED ROAD","REAR TO FRONT","NOT DIVIDED",,"STRAIGHT AND LEVEL","WET","NO DEFECTS","ON SCENE","NO INJURY / DRIVE AWAY",,,"Y","OVER $1,500","2024-05-08T00:07:00.000","OPERATING VEHICLE IN ERRATIC, RECKLESS, CARELESS, NEGLIGENT OR AGGRESSIVE MANNER","OPERATING VEHICLE IN ERRATIC, RECKLESS, CARELESS, NEGLIGENT OR AGGRESSIVE MANNER","259","W","MONTROSE HARBOR DR","1915",,,,,,,"2","NO INDICATION OF INJURY","0","0","0","0","0","2","0","0","4","5","41.963221989","-87.635613805","POINT (-87.635613805491 41.963221989269)"
"f0283f42ecacd3b9f450e19b7f050bef7f7e33f79a4588e93f56040ca755e9f4f5a449159e074aa7893770174f2d018d2befa87c027e685a9c35c99ce8c243de",,"2024-05-07T23:47:00.000","30","TRAFFIC SIGNAL","FUNCTIONING PROPERLY","CLEAR","DARKNESS, LIGHTED ROAD","PEDALCYCLIST","DIVIDED - W/MEDIAN BARRIER",,"STRAIGHT AND LEVEL","UNKNOWN","NO DEFECTS","ON SCENE","INJURY AND / OR TOW DUE TO CRASH",,,,"$501 - $1,500","2024-05-08T00:00:00.000","DISREGARDING TRAFFIC SIGNALS","FAILING TO REDUCE SPEED TO AVOID CRASH","343","N","MICHIGAN AVE","114",,,,,,,"2","NONINCAPACITATING INJURY","1","0","0","1","0","1","0","23","3","5","41.887750299","-87.624410868","POINT (-87.624410867821 41.887750298554)"
"5c8dbeff6a794d63dd24e49fca294b5b3775f67b7bc7e57c52a07e4457fb02b92298631ad25f6bfa4e0de7220772a6cf739e748e83ac877e27c2eac5c7a0149b",,"2024-05-07T23:34:00.000","30","TRAFFIC SIGNAL","FUNCTIONING PROPERLY","CLEAR","DARKNESS, LIGHTED ROAD","PEDESTRIAN","NOT DIVIDED",,"STRAIGHT AND LEVEL","DRY","UNKNOWN","ON SCENE","INJURY AND / OR TOW DUE TO CRASH",,,,"OVER $1,500","2024-05-07T23:34:00.000","UNABLE TO DETERMINE","UNABLE TO DETERMINE","1601","W","74TH ST","735",,,,,,,"2","NONINCAPACITATING INJURY","1","0","0","1","0","1","0","23","3","5","41.759344094","-87.663702494","POINT (-87.663702494087 41.759344093535)"
"de334fc3b41448bae9825afc2b87293e1d35c1d6e5b99ea744576884ad026e0b2ed153470dc29557c7195198d9da04d82e531f5e48c099e05388f4c6d46a5915",,"2024-05-07T23:33:00.000","30","UNKNOWN","UNKNOWN","CLEAR","DARKNESS, LIGHTED ROAD","SIDESWIPE SAME DIRECTION","NOT DIVIDED",,"STRAIGHT AND LEVEL","DRY","UNKNOWN","ON SCENE","NO INJURY / DRIVE AWAY",,,,"OVER $1,500","2024-05-07T23:57:00.000","FAILING TO YIELD RIGHT-OF-WAY","FAILING TO REDUCE SPEED TO AVOID CRASH","3540","N","CLARK ST","1924",,,,,,,"2","NO INDICATION OF INJURY","0","0","0","0","0","2","0","23","3","5","41.946576955","-87.656187541","POINT (-87.6561875411 41.946576955272)"
"692366b043ffc9c68a9820a9e08bbd1281dfffcba8412d5dabb38ade34643e72cf4847a34293cb30077242204a95cc27d3fcfc948c65e36abffb22f45487b1fa",,"2024-05-07T23:20:00.000","30","TRAFFIC SIGNAL","FUNCTIONING PROPERLY","CLEAR","DARKNESS, LIGHTED ROAD","TURNING","DIVIDED - W/MEDIAN (NOT RAISED)",,"STRAIGHT AND LEVEL","WET","UNKNOWN","NOT ON SCENE (DESK REPORT)","INJURY AND / OR TOW DUE TO CRASH",,,,"OVER $1,500","2024-05-07T23:30:00.000","FAILING TO YIELD RIGHT-OF-WAY","NOT APPLICABLE","560","W","OHARE ST","1654",,,,,,,"3","NO INDICATION OF INJURY","0","0","0","0","0","2","0","23","3","5",,,
"a482f3f5d7be321244b1ba2bb84ac2dd34c0f6366d42a46b30ffeda13b322fe794589a18beab14a33072b14046c9f72c923fab7b91760f5b313d9a3cb72d91e6",,"2024-05-07T23:18:00.000","35","NO CONTROLS","NO CONTROLS","CLEAR","DARKNESS, LIGHTED ROAD","ANGLE","ALLEY",,"STRAIGHT AND LEVEL","DRY","NO DEFECTS","NOT ON SCENE (DESK REPORT)","NO INJURY / DRIVE AWAY",,,,"OVER $1,500","2024-05-08T15:00:00.000","FAILING TO YIELD RIGHT-OF-WAY","UNABLE TO DETERMINE","7500","S","HONORE ST","611",,,,,,,"2","NO INDICATION OF INJURY","0","0","0","0","0","2","0","23","3","5","41.757355345","-87.669832391","POINT (-87.66983239079 41.75735534544)"
"f68a668f493e416f2ec263c4882c4eddf1e1e34c170fe32409448b4b82ed50ce5611ca55eac322a289940a75f542b2ca035fcfa1295162582fc973f39e11fc78",,"2024-05-07T23:15:00.000","30","STOP SIGN/FLASHER","UNKNOWN","CLEAR","DARKNESS","TURNING","NOT DIVIDED",,"STRAIGHT AND LEVEL","UNKNOWN","UNKNOWN","NOT ON SCENE (DESK REPORT)","NO INJURY / DRIVE AWAY","Y",,,"$501 - $1,500","2024-05-08T00:45:00.000","DISREGARDING STOP SIGN","UNABLE TO DETERMINE","2539","E","72ND ST","334",,,,,,,"2","NO INDICATION OF INJURY","0","0","0","0","0","2","0","23","3","5","41.765670166","-87.562305896","POINT (-87.562305895614 41.765670166241)"
"277cfa06ab17eda175461cb479a8ffdcf9cca6e541fc6b467a101fe693e6e097670db87bebbe3a52f842b0629d2e8430d356d6e2c1ddd9a5afb49a0462aed009",,"2024-05-07T23:00:00.000","30","TRAFFIC SIGNAL","FUNCTIONING PROPERLY","CLOUDY/OVERCAST","DARKNESS, LIGHTED ROAD","REAR END","DIVIDED - W/MEDIAN (NOT RAISED)",,"STRAIGHT AND LEVEL","WET","NO DEFECTS","NOT ON SCENE (DESK REPORT)","NO INJURY / DRIVE AWAY",,,"Y","OVER $1,500","2024-05-08T00:50:00.000","UNABLE TO DETERMINE","UNABLE TO DETERMINE","7500","S","STONY ISLAND AVE","411",,,,,,,"2","NO INDICATION OF INJURY","0","0","0","0","0","2","0","23","3","5","41.758715467","-87.586280965","POINT (-87.586280964844 41.758715466706)"
"a0677fbe57ee3ec222e74898cd9d2dbb099e5994a3abb48c607d38a5a126b11fe800fc409108b26db34903a4b0b0906eb23711d81ae240cfb7480a24b2e6d65f",,"2024-05-07T23:00:00.000","35","NO CONTROLS","NO CONTROLS","CLEAR","DARKNESS, LIGHTED ROAD","SIDESWIPE SAME DIRECTION","NOT DIVIDED",,"STRAIGHT AND LEVEL","DRY","NO DEFECTS","NOT ON SCENE (DESK REPORT)","NO INJURY / DRIVE AWAY",,,,"OVER $1,500","2024-05-08T10:50:00.000","FOLLOWING TOO CLOSELY","NOT APPLICABLE","7210","W","DEVON AVE","1611",,,,,,,"2","NO INDICATION OF INJURY","0","0","0","0","0","4","0","23","3","5","41.997869647","-87.807309064","POINT (-87.80730906395 41.997869646778)"