"crash_record_id","crash_date_est_i","crash_date","posted_speed_limit","traffic_control_device","device_condition","weather_condition","lighting_condition","first_crash_type","trafficway_type","lane_cnt","alignment","roadway_surface_cond","road_defect","report_type","crash_type","intersection_related_i","private_property_i","hit_and_run_i","damage","date_police_notified","prim_contributory_cause","sec_contributory_cause","street_no","street_direction","street_name","beat_of_occurrence","photos_taken_i","statements_taken_i","dooring_i","work_zone_i","work_zone_type","workers_present_i","num_units","most_severe_injury","injuries_total","injuries_fatal","injuries_incapacitating","injuries_non_incapacitating","injuries_reported_not_evident","injuries_no_indication","injuries_unknown","crash_hour","crash_day_of_week","crash_month","latitude","longitude","location"
"c33fc608d217166c31b3c8ae8e1ab3c55358bd1c2a0302400cf6f772a7c12d0ed0b978508499b18d02f683e4df42b3328ce6049ee2b3fcbff52068b648c4b43b",,"2024-05-07T22:45:00.000","30","TRAFFIC SIGNAL","FUNCTIONING PROPERLY","CLEAR","DARKNESS, LIGHTED ROAD","TURNING","NOT DIVIDED",,"STRAIGHT AND LEVEL","DRY","NO DEFECTS","NOT ON SCENE (DESK REPORT)","NO INJURY / DRIVE AWAY",,,,"OVER $1,500","2024-05-08T11:35:00.000","UNABLE TO DETERMINE","NOT APPLICABLE","5200","N","NAGLE AVE","1613",,,,,,,"2","NO INDICATION OF INJURY","0","0","0","0","0","2","0","22","3","5","41.97568567","-87.788020406","POINT (-87.788020406203 41.975685669719)"
"6d80c979e606ced18db74769ae647cda7edd46dd3324020df17ff3745ea2479692f2b9e5125361330c852d1c6ca16c720bf075ebe4e99e87083e16371be7604c",,"2024-05-07T22:42:00.000","45","NO CONTROLS","NO CONTROLS","OTHER","DARKNESS, LIGHTED ROAD","FIXED OBJECT","ONE-WAY",,"CURVE, LEVEL","WET","UNKNOWN","ON SCENE","INJURY AND / OR TOW DUE TO CRASH",,,,"OVER $1,500","2024-05-07T22:43:00.000","UNABLE TO DETERMINE","UNABLE TO DETERMINE","1000","N","LAKE SHORE DR NB","1824",,,,,,,"1","NO INDICATION OF INJURY","0","0","0","0","0","1","0","22","3","5","41.900958919","-87.619928174","POINT (-87.619928173678 41.900958919109)"
"6a6636369fd59a5d555754bfa57dcae786da64251cd06e981b3c2d1cc9d3365c783f28e32e922ae64133c8d180a8ede2cc940496f5b57ac6dd9075544fca34cf",,"2024-05-07T22:39:00.000","30","NO CONTROLS","NO CONTROLS","CLEAR","DARKNESS, LIGHTED ROAD","FIXED OBJECT","DIVIDED - W/MEDIAN BARRIER",,"STRAIGHT AND LEVEL","WET","NO DEFECTS","ON SCENE","INJURY AND / OR TOW DUE TO CRASH",,,,"OVER $1,500","2024-05-07T22:39:00.000","UNABLE TO DETERMINE","NOT APPLICABLE","500","W","GARFIELD BLVD","935",,,,,,,"1","NONINCAPACITATING INJURY","1","0","0","1","0","0","0","22","3","5","41.794541105","-87.637971842","POINT (-87.637971842206 41.794541104775)"
"e1e91814758150c0dd188f0e0561b24d7b4676a725664487fc27861192622d9c3e7e4a1ef73d8d0a2fdc336f31fd0d47385cabb31a316101130569830c95eca9",,"2024-05-07T22:30:00.000","35","NO CONTROLS","NO CONTROLS","CLEAR","DARKNESS, LIGHTED ROAD","ANGLE","ALLEY",,"STRAIGHT AND LEVEL","DRY","NO DEFECTS","NOT ON SCENE (DESK REPORT)","NO INJURY / DRIVE AWAY",,,"Y","$501 - $1,500","2024-05-08T13:18:00.000","IMPROPER BACKING","IMPROPER BACKING","161","W","9TH ST","123",,,,,,,"2","NO INDICATION OF INJURY","0","0","0","0","0","2","0","22","3","5","41.870803864","-87.632639015","POINT (-87.632639014797 41.870803863698)"
"2a7d769bd2fe72416a96e8618fbe32173824ffbaf597a303ba54109fc8c0934542cf17d3296f42a16b90a7b7848f1dc5655c6444b805ef60fe5c7f5f5b7e35ad",,"2024-05-07T22:10:00.000","30","TRAFFIC SIGNAL","FUNCTIONING PROPERLY","CLEAR","DARKNESS, LIGHTED ROAD","TURNING","ONE-WAY",,"STRAIGHT AND LEVEL","WET","NO DEFECTS","NOT ON SCENE (DESK REPORT)","NO INJURY / DRIVE AWAY",,,,"OVER $1,500","2024-05-08T11:50:00.000","UNABLE TO DETERMINE","NOT APPLICABLE","125","W","OHIO ST","1831",,,,,,,"2","NO INDICATION OF INJURY","0","0","0","0","0","3","0","22","3","5","41.892303666","-87.632268607","POINT (-87.632268607442 41.892303665638)"
"9b21165a1fc5e6786cf3f349a517dcccc37ff8ea3f212b2eac6f8a574cbc15e551c9ae9953ce9e5a4372e2318ed6de367a4aae4c1605534e55ac6f3290a188f2",,"2024-05-07T22:10:00.000","30","TRAFFIC SIGNAL","FUNCTIONING PROPERLY","CLEAR","DARKNESS, LIGHTED ROAD","REAR END","NOT DIVIDED",,"STRAIGHT AND LEVEL","DRY","NO DEFECTS","NOT ON SCENE (DESK REPORT)","NO INJURY / DRIVE AWAY",,,,"OVER $1,500","2024-05-07T22:36:00.000","UNABLE TO DETERMINE","NOT APPLICABLE","5893","S","ARCHER AVE","811",,,,,,,"2","NO INDICATION OF INJURY","0","0","0","0","0","2","0","22","3","5","41.795572249","-87.762516294","POINT (-87.762516294322 41.795572249211)"
"06154e5e568b2e35c1dc4992e8e5d1d7786073a350b67ed115cef3bbc9ace32e411b24de1b2db3ba42bbf61c7b111d48e17d6af7022d186ff4c321885ba317e4",,"2024-05-07T22:05:00.000","30","TRAFFIC SIGNAL","FUNCTIONING PROPERLY","UNKNOWN","DARKNESS, LIGHTED ROAD","SIDESWIPE SAME DIRECTION","FOUR WAY",,"STRAIGHT AND LEVEL","UNKNOWN","UNKNOWN","NOT ON SCENE (DESK REPORT)","NO INJURY / DRIVE AWAY",,,,"OVER $1,500","2024-05-07T23:30:00.000","DRIVING SKILLS/KNOWLEDGE/EXPERIENCE","UNABLE TO DETERMINE","1600","N","CLYBOURN AVE","1813",,,,,,,"2","NO INDICATION OF INJURY","0","0","0","0","0","2","0","22","3","5","41.910865686","-87.649664933","POINT (-87.649664933008 41.910865686084)"
"8d5f09a607382282bc33123aa0e902b1e939d00c26596c45981cb4eb58e077b09936de55f8e03b094655839c574430f1635682bded97f166fa738dc5ef21fe02",,"2024-05-07T22:00:00.000","30","NO CONTROLS","NO CONTROLS","CLEAR","DARKNESS","SIDESWIPE SAME DIRECTION","DIVIDED - W/MEDIAN BARRIER",,"STRAIGHT AND LEVEL","DRY","NO DEFECTS","NOT ON SCENE (DESK REPORT)","INJURY AND / OR TOW DUE TO CRASH",,,,"$501 - $1,500","2024-05-08T13:39:00.000","IMPROPER OVERTAKING/PASSING","NOT APPLICABLE","4799","W","79TH ST","834",,,,,,,"2","NONINCAPACITATING INJURY","1","0","0","1","0","1","0","22","3","5","41.749039454","-87.741291481","POINT (-87.741291481379 41.749039454352)"
"4ca66e3dfd9c5f6e2ab69fbe72f8d9699179783afa758537c5c28e222c116eb069d6d7af285553cccc16fee5191b8040c3b47c35e1f73b732fdc055665e8fead",,"2024-05-07T21:49:00.000","30","TRAFFIC SIGNAL","FUNCTIONING PROPERLY","CLEAR","DARKNESS, LIGHTED ROAD","SIDESWIPE SAME DIRECTION","FOUR WAY",,"STRAIGHT AND LEVEL","WET","UNKNOWN","ON SCENE","INJURY AND / OR TOW DUE TO CRASH","Y",,"Y","OVER $1,500","2024-05-07T21:49:00.000","IMPROPER OVERTAKING/PASSING","IMPROPER LANE USAGE","6699","S","ASHLAND AVE","725",,,,,,,"2","NO INDICATION OF INJURY","0","0","0","0","0","5","0","21","3","5","41.772285833","-87.66387764","POINT (-87.663877640247 41.772285832645)"
"417e83bac4387a158d1470f97139f40ae74b59b4a5423cef5e7d32efa9d61c9fc4d88745cf399fd847e33c01f6a27645d3059421e8b56c0c2bfcfcf32f1de322",,"2024-05-07T21:30:00.000","30","TRAFFIC SIGNAL","FUNCTIONING PROPERLY","CLEAR","DARKNESS, LIGHTED ROAD","TURNING","FOUR WAY",,"STRAIGHT AND LEVEL","DRY","NO DEFECTS","NOT ON SCENE (DESK REPORT)","NO INJURY / DRIVE AWAY",,,,"OVER $1,500","2024-05-08T00:01:00.000","UNABLE TO DETERMINE","NOT APPLICABLE","4757","W","MONTROSE AVE","1722",,,,,,,"2","NO INDICATION OF INJURY","0","0","0","0","0","4","0","21","3","5","41.960614513","-87.747407155","POINT (-87.747407155367 41.960614513029)"
"835cb3804853f106848c4f7990cfa315412205aca8fd4a17f12815f5c198d5217d770703ad2bfd515daf0ed315e5636e0c363a035fee2029f887f0c9ace29412",,"2024-05-07T21:30:00.000","30","NO CONTROLS","NO CONTROLS","UNKNOWN","UNKNOWN","PARKED MOTOR VEHICLE","NOT DIVIDED",,"STRAIGHT AND LEVEL","UNKNOWN","UNKNOWN","NOT ON SCENE (DESK REPORT)","NO INJURY / DRIVE AWAY",,,"Y","OVER $1,500","2024-05-08T09:30:00.000","UNABLE TO DETERMINE","NOT APPLICABLE","251","E","121ST PL","532",,,,,,,"2","NO INDICATION OF INJURY","0","0","0","0","0","1","0","21","3","5","41.673453796","-87.615782359","POINT (-87.615782359079 41.673453796221)"
"afc5ff59d93259939b2cb99b1eeac7337bef3324bf43741a5c88dcedc420eb7d3431bdcfc76b57cbfcab40779ef386e3368778c88d618f6188ab6896b3837a24",,"2024-05-07T21:30:00.000","30","NO CONTROLS","NO CONTROLS","CLEAR","DARKNESS, LIGHTED ROAD","TURNING","ONE-WAY",,"STRAIGHT AND LEVEL","DRY","NO DEFECTS","NOT ON SCENE (DESK REPORT)","NO INJURY / DRIVE AWAY",,,,"OVER $1,500","2024-05-07T22:45:00.000","FAILING TO YIELD RIGHT-OF-WAY","NOT APPLICABLE","659","W","RANDOLPH ST","121",,,,,,,"2","NO INDICATION OF INJURY","0","0","0","0","0","3","0","21","3","5","41.884309449","-87.645029662","POINT (-87.645029662249 41.884309448849)"
"8854000a78e9e074a5cc28c1ffa8e8accce99e6cd1f657432499002b3d70dd0777ee5ba2a9fe69379d22c9baf0ecbfe6e5444266e4215b4ed18bfbd55504753a",,"2024-05-07T21:10:00.000","30","TRAFFIC SIGNAL","FUNCTIONING PROPERLY","RAIN","DARKNESS, LIGHTED ROAD","SIDESWIPE SAME DIRECTION","DIVIDED - W/MEDIAN (NOT RAISED)",,"STRAIGHT AND LEVEL","WET","UNKNOWN","NOT ON SCENE (DESK REPORT)","NO INJURY / DRIVE AWAY",,,"Y","$501 - $1,500","2024-05-07T22:00:00.000","UNABLE TO DETERMINE","NOT APPLICABLE","4300","W","MADISON ST","1115",,,,,,,"2","NO INDICATION OF INJURY","0","0","0","0","0","2","0","21","3","5","41.880747883","-87.733149739","POINT (-87.733149738886 41.880747883076)"
"46d19ff5c8b18c6d16498ceaf03e520bdde779b68c456c2af0573d82a8b6f4409933134c4cad058874b9240402bfd7fa78c75ec6f880dc41f56ba084aa31d5c9",,"2024-05-07T21:00:00.000","25","TRAFFIC SIGNAL","FUNCTIONING PROPERLY","CLEAR","DARKNESS, LIGHTED ROAD","PEDALCYCLIST","DIVIDED - W/MEDIAN BARRIER",,"STRAIGHT AND LEVEL","WET","NO DEFECTS","ON SCENE","INJURY AND / OR TOW DUE TO CRASH",,,,"OVER $1,500","2024-05-07T21:00:00.000","NOT APPLICABLE","NOT APPLICABLE","9500","S","STATE ST","511",,,"N",,,,"2","REPORTED, NOT EVIDENT","1","0","0","0","1","1","0","21","3","5","41.721570706","-87.623873354","POINT (-87.623873353867 41.721570706446)"
"7885bcc58609d32d1b69c5616c15964a6912fbfaacf39b5275ced9169900701e6d860b354734a57873cb7aaf79f69c163b0ad9e399a423423db16997e322766a",,"2024-05-07T21:00:00.000","30","STOP SIGN/FLASHER","FUNCTIONING PROPERLY","RAIN","DARKNESS, LIGHTED ROAD","REAR END","DIVIDED - W/MEDIAN (NOT RAISED)",,"STRAIGHT AND LEVEL","WET","NO DEFECTS","ON SCENE","NO INJURY / DRIVE AWAY","Y",,"Y","OVER $1,500","2024-05-07T21:04:00.000","FAILING TO REDUCE SPEED TO AVOID CRASH","NOT APPLICABLE","2703","S","KEDZIE AVE","1033",,,,,,,"3","NO INDICATION OF INJURY","0","0","0","0","0","3","0","21","3","5","41.842552151","-87.704832238","POINT (-87.704832237885 41.842552150889)"
"e87f40c734440c1032a69cdf9cf78f062838813861e6f2000f5e32ac6517ce13ff2d3ea4b8a20dc83bd44449a1f519c271132dce0b3f6ef333b7bdde454188f6",,"2024-05-07T21:00:00.000","25","TRAFFIC SIGNAL","FUNCTIONING PROPERLY","CLEAR","DAYLIGHT","REAR END","DIVIDED - W/MEDIAN (NOT RAISED)",,"STRAIGHT AND LEVEL","DRY","NO DEFECTS","NOT ON SCENE (DESK REPORT)","NO INJURY / DRIVE AWAY",,,,"$501 - $1,500","2024-05-08T09:00:00.000","FOLLOWING TOO CLOSELY","FOLLOWING TOO CLOSELY","2000","N","OAK PARK AVE","2512",,,,,,,"2","NO INDICATION OF INJURY","0","0","0","0","0","2","0","21","3","5","41.91639507","-87.795165325","POINT (-87.795165325167 41.916395070363)"
"efa7837df51105c637e67a118257112a3211325f219ee42f8e6b525c530a27841400244ca598760638f1654c230b8974ffc7c64716cce7a78676a766d16b52d9",,"2024-05-07T20:48:00.000","30","NO CONTROLS","NO CONTROLS","CLEAR","DARKNESS, LIGHTED ROAD","PARKED MOTOR VEHICLE","ONE-WAY",,"STRAIGHT AND LEVEL","DRY","NO DEFECTS","ON SCENE","NO INJURY / DRIVE AWAY",,,,"$500 OR LESS","2024-05-07T20:49:00.000","UNABLE TO DETERMINE","UNABLE TO DETERMINE","1048","W","CORNELIA AVE","1924",,,,,,,"2","NO INDICATION OF INJURY","0","0","0","0","0","1","0","20","3","5","41.945470324","-87.655921551","POINT (-87.655921551276 41.945470323859)"
"8a034977adfb9ea61b9a9dd44e6e8489210061a143da032b6b14e503ea8a9dcbcaa0011a2b8460d41596e46a48cd7aafd81e8f57a34ac948feb71f4e7bf9af46",,"2024-05-07T20:47:00.000","30","NO CONTROLS","NO CONTROLS","CLEAR","DARKNESS, LIGHTED ROAD","TURNING","ALLEY",,"STRAIGHT AND LEVEL","WET","NO DEFECTS","NOT ON SCENE (DESK REPORT)","NO INJURY / DRIVE AWAY","Y",,,"OVER $1,500","2024-05-07T21:28:00.000","VISION OBSCURED (SIGNS, TREE LIMBS, BUILDINGS, ETC.)","NOT APPLICABLE","1147","N","WOOD ST","1213",,,,,,,"2","NO INDICATION OF INJURY","0","0","0","0","0","2","0","20","3","5","41.902872683","-87.672228537","POINT (-87.672228536842 41.902872682557)"
"ef783f2df7e7beb881ec70e1731a47897dfc0315417c5419ca4e38778c2b87703b86236003a26ba85340ac0c52320d94c3b66b5e85d4f94119cadaa708ab3908",,"2024-05-07T20:45:00.000","30","TRAFFIC SIGNAL","FUNCTIONING PROPERLY","CLEAR","DARKNESS, LIGHTED ROAD","SIDESWIPE SAME DIRECTION","DIVIDED - W/MEDIAN (NOT RAISED)",,"STRAIGHT AND LEVEL","WET","NO DEFECTS","NOT ON SCENE (DESK REPORT)","NO INJURY / DRIVE AWAY",,,,"$501 - $1,500","2024-05-07T21:05:00.000","DRIVING SKILLS/KNOWLEDGE/EXPERIENCE","NOT APPLICABLE","5425","S","PULASKI RD","822",,,,,,,"2","NO INDICATION OF INJURY","0","0","0","0","0","2","0","20","3","5","41.794274262","-87.723043394","POINT (-87.723043394499 41.794274261747)"
"228b18e4fea1c57441bfff7650c8c53db65ccb9a0737fb3d68096daf9d2f9882decc7036516c01607be8765b1fec2c8bb7e35f3a06e8c49fe956eba7808df965",,"2024-05-07T20:40:00.000","30","NO CONTROLS","NO CONTROLS","UNKNOWN","DARKNESS, LIGHTED ROAD","REAR END","ONE-WAY",,"STRAIGHT AND LEVEL","UNKNOWN","UNKNOWN","NOT ON SCENE (DESK REPORT)","NO INJURY / DRIVE AWAY",,,,"OVER $1,500","2024-05-07T21:20:00.000","FOLLOWING TOO CLOSELY","UNABLE TO DETERMINE","916","S","WABASH AVE","123",,,,,,,"2","NO INDICATION OF INJURY","0","0","0","0","0","2","0","20","3","5","41.870041685","-87.626041398","POINT (-87.626041398273 41.87004168512)"
"e791a862082a1185d2962024eb35538b722f21025af1c96c9628c762158b45d497fd0b6c9250bc4b8b18fe199fec2b6a6f2f52b7375b75a30db1c148c7b82412",,"2024-05-07T20:40:00.000","30","TRAFFIC SIGNAL","FUNCTIONING PROPERLY","RAIN","DARKNESS, LIGHTED ROAD","PARKED MOTOR VEHICLE","NOT DIVIDED",,"STRAIGHT AND LEVEL","WET","NO DEFECTS","ON SCENE","INJURY AND / OR TOW DUE TO CRASH","Y",,,"OVER $1,500","2024-05-07T20:41:00.000","UNABLE TO DETERMINE","NOT APPLICABLE","1199","S","CENTRAL AVE","1522",,,,,,,"2","REPORTED, NOT EVIDENT","2","0","0","0","2","0","0","20","3","5","41.865639054","-87.764164581","POINT (-87.764164581141 41.865639054076)"
"3cb0b71d3cc1bceb6014146bddc860b4484d59a66e76b2616d4b4cabc4e28e9e3803b7ea7fcc579d6cad66d57d58f45839e9df4f59b1e84e0d0fa5a7279e3e2e",,"2024-05-07T20:37:00.000","25","TRAFFIC SIGNAL","FUNCTIONING PROPERLY","CLEAR","DARKNESS","REAR END","NOT DIVIDED",,"STRAIGHT AND LEVEL","WET","UNKNOWN",,"NO INJURY / DRIVE AWAY",,,,"$500 OR LESS","2024-05-07T20:39:00.000","UNABLE TO DETERMINE","NOT APPLICABLE","2814","N","BROADWAY","1934",,,,,,,"2","NO INDICATION OF INJURY","0","0","0","0","0","3","0","20","3","5","41.933263583","-87.64492712","POINT (-87.644927119556 41.933263583353)"
"318d692164361ca26fd1f307c96827b78fffd4a513904b65f8372c007bffef0d409ac4b94aa236c62500bf42878236e41528c1fdc01e2553a9918fa60e6f4521",,"2024-05-07T20:33:00.000","30","NO CONTROLS","NO CONTROLS","CLEAR","DARKNESS, LIGHTED ROAD","FIXED OBJECT","DIVIDED - W/MEDIAN BARRIER",,"STRAIGHT AND LEVEL","DRY","NO DEFECTS","ON SCENE","INJURY AND / OR TOW DUE TO CRASH",,,,"OVER $1,500","2024-05-07T20:33:00.000","UNDER THE INFLUENCE OF ALCOHOL/DRUGS (USE WHEN ARREST IS EFFECTED)","NOT APPLICABLE","2030","W","63RD ST","714",,,,,,,"1","NO INDICATION OF INJURY","0","0","0","0","0","1","0","20","3","5","41.779410379","-87.675060956","POINT (-87.675060956419 41.779410379461)"
"8c501fc06516533cbcfe90ef445b8d000642df2dd6a92b4ab9bfef20129e6cd91ead37b147ba71ee7936167e5f9d8f0a8c42bbe2edc99d8b7c22a858c7f2a5f4",,"2024-05-07T20:30:00.000","30","STOP SIGN/FLASHER","FUNCTIONING PROPERLY","UNKNOWN","UNKNOWN","TURNING","T-INTERSECTION",,"STRAIGHT AND LEVEL","UNKNOWN","UNKNOWN","NOT ON SCENE (DESK REPORT)","INJURY AND / OR TOW DUE TO CRASH","Y",,,"OVER $1,500","2024-05-08T00:00:00.000","DISREGARDING STOP SIGN","UNABLE TO DETERMINE","2000","E","94TH ST","413",,,,,,,"2","NO INDICATION OF INJURY","0","0","0","0","0","2","0","20","3","5","41.724408001","-87.575340495","POINT (-87.575340495349 41.724408001069)"
"e5538d8a77243f8df546e9a5e1bd3709ea389c85b4beebe926f88555690aa90f76fd97567746e1a8ce2c3d16ac3eb27233798f984118e301a107724764894067",,"2024-05-07T20:30:00.000","30","NO CONTROLS","NO CONTROLS","RAIN","DARKNESS, LIGHTED ROAD","REAR END","DIVIDED - W/MEDIAN (NOT RAISED)",,"STRAIGHT AND LEVEL","WET","UNKNOWN","NOT ON SCENE (DESK REPORT)","INJURY AND / OR TOW DUE TO CRASH",,,"Y","OVER $1,500","2024-05-07T21:30:00.000","DRIVING SKILLS/KNOWLEDGE/EXPERIENCE","DRIVING SKILLS/KNOWLEDGE/EXPERIENCE","5030","W","LAKE ST","1532",,,,,,,"3","NO INDICATION OF INJURY","0","0","0","0","0","2","0","20","3","5","41.887092174","-87.751632017","POINT (-87.751632016802 41.887092173685)"
"31a11a2a63a9d1901ec8a3d54d87ff05f9b095d89b60efc0a665985786ff21df3b58734ddc81d2f29a2df1d459b521764aab4bf8ab5d0c72ccae2b03f07293a7",,"2024-05-07T20:15:00.000","30","STOP SIGN/FLASHER","UNKNOWN","CLEAR","DAWN","PEDESTRIAN","NOT DIVIDED",,"STRAIGHT AND LEVEL","DRY","UNKNOWN","ON SCENE","INJURY AND / OR TOW DUE TO CRASH","Y",,,"OVER $1,500","2024-05-07T20:17:00.000","DISREGARDING STOP SIGN","NOT APPLICABLE","3699","N","BROADWAY","1925",,,,,,,"2","REPORTED, NOT EVIDENT","1","0","0","0","1","1","0","20","3","5","41.949174398","-87.64821315","POINT (-87.648213149962 41.949174398282)"
"47554828d8ef6bbda5bd011235a1a4bb09b91023875c06d9149be8050d576a84492713fb381c558b147f013eb71500fbcbeca5c62076ce88a6d9a7d618a45133",,"2024-05-07T20:03:00.000","30","NO CONTROLS","NO CONTROLS","CLOUDY/OVERCAST","DUSK","PEDESTRIAN","NOT DIVIDED",,"STRAIGHT AND LEVEL","WET","UNKNOWN","ON SCENE","INJURY AND / OR TOW DUE TO CRASH",,,"Y","OVER $1,500","2024-05-07T20:03:00.000","UNABLE TO DETERMINE","UNABLE TO DETERMINE","2522","E","75TH ST","334","Y","Y",,,,,"3","INCAPACITATING INJURY","2","0","2","0","0","1","0","20","3","5","41.759152646","-87.562126313","POINT (-87.562126313343 41.759152646042)"
"71b6599e56b6f7d6c06975d5f911898c1adfd7c2bfe25af7e02a2bb6a7c9d95fa8162005b968f9f0368b79d6500476042eb61de225b099ac69044f82436708b0",,"2024-05-07T19:58:00.000","30","NO CONTROLS","NO CONTROLS","CLEAR","DUSK","REAR TO SIDE","NOT DIVIDED",,"STRAIGHT AND LEVEL","WET","NO DEFECTS","ON SCENE","NO INJURY / DRIVE AWAY",,,"Y","OVER $1,500","2024-05-07T19:59:00.000","UNABLE TO DETERMINE","UNABLE TO DETERMINE","1359","W","76TH ST","612",,,,,,,"2","NO INDICATION OF INJURY","0","0","0","0","0","2","0","19","3","5","41.755775379","-87.658615346","POINT (-87.658615346104 41.755775379406)"
"1de49078eee93245c7f5ef2b303764706f48f5d3d3fc690a1391ca97c1761d3b83f5243dfae31f932a6d3f266bc708e908084ab62010d73ed72953a4f6f8e72a",,"2024-05-07T19:55:00.000","30","TRAFFIC SIGNAL","FUNCTIONING PROPERLY","CLEAR","DAYLIGHT","REAR END","FOUR WAY",,"STRAIGHT AND LEVEL","DRY","NO DEFECTS","NOT ON SCENE (DESK REPORT)","INJURY AND / OR TOW DUE TO CRASH","Y",,,"OVER $1,500","2024-05-08T17:30:00.000","DISTRACTION - OTHER ELECTRONIC DEVICE (NAVIGATION DEVICE, DVD PLAYER, ETC.)","NOT APPLICABLE","6358","W","IRVING PARK RD","1624",,,,,,,"2","NONINCAPACITATING INJURY","1","0","0","1","0","1","0","19","3","5","41.953027775","-87.786439586","POINT (-87.786439586169 41.953027775265)"
"f037025f759b5445f5a7c983571af63a5648f1178f9de5a2e5ec21c73eceace6aff673de5a456738655b651508c850fba9551b19c0f66318a899a7b8ed257134",,"2024-05-07T19:55:00.000","30","UNKNOWN","UNKNOWN","CLOUDY/OVERCAST","DARKNESS, LIGHTED ROAD","PARKED MOTOR VEHICLE","NOT DIVIDED",,"STRAIGHT AND LEVEL","UNKNOWN","NO DEFECTS","ON SCENE","NO INJURY / DRIVE AWAY",,,,"OVER $1,500","2024-05-07T20:07:00.000","DISTRACTION - FROM INSIDE VEHICLE","NOT APPLICABLE","530","N","WABASH AVE","1834",,,,,,,"2","NO INDICATION OF INJURY","0","0","0","0","0","1","0","19","3","5","41.891724724","-87.626866599","POINT (-87.626866598748 41.891724723865)"
"5011b8fcc677571a119316626aa5824010ab752326c724c76a974731fd64ed0d80cd4dd4cbeab89b28627dd934af940f68d0fe79e90af23462dea7d28b7fdbf3",,"2024-05-07T19:38:00.000","30","NO CONTROLS","NO CONTROLS","UNKNOWN","UNKNOWN","ANGLE","NOT DIVIDED",,"STRAIGHT AND LEVEL","UNKNOWN","UNKNOWN","ON SCENE","INJURY AND / OR TOW DUE TO CRASH",,,,"OVER $1,500","2024-05-07T19:38:00.000","FAILING TO YIELD RIGHT-OF-WAY","NOT APPLICABLE","1611","N","HONORE ST","1434",,,,,,,"2","NONINCAPACITATING INJURY","2","0","0","2","0","4","0","19","3","5","41.910917246","-87.673668243","POINT (-87.673668243399 41.910917246329)"
"7a9f89b5e4fcca778573f0b7481f5ee8b3b9f2431041ff6a0c8e2d5fd863148de55f34294ee3f976d24dda96d43f90ffea90aeba58927a8849562ec310202fea",,"2024-05-07T19:30:00.000","30","STOP SIGN/FLASHER","NO CONTROLS","CLEAR","DAYLIGHT","PARKED MOTOR VEHICLE","DIVIDED - W/MEDIAN (NOT RAISED)",,"STRAIGHT AND LEVEL","DRY","NO DEFECTS","ON SCENE","NO INJURY / DRIVE AWAY",,,"Y","OVER $1,500","2024-05-07T23:00:00.000","IMPROPER BACKING","IMPROPER BACKING","2702","W","CHICAGO AVE","1211",,,,,,,"2","NO INDICATION OF INJURY","0","0","0","0","0","1","0","19","3","5","41.895776986","-87.694369647","POINT (-87.694369646842 41.895776985848)"
"9beeb02f44761e7a4f21c7ba5ab57f9ca9abdcebd9a8d233b5b67476c7a995080bd0bf0c4636a3f41df61e419276b96a390cc8e3c74ec8b88fb81867df1d4914",,"2024-05-07T19:30:00.000","30","NO CONTROLS","NO CONTROLS","CLEAR","DAYLIGHT","FIXED OBJECT","NOT DIVIDED",,"STRAIGHT AND LEVEL","DRY","NO DEFECTS","NOT ON SCENE (DESK REPORT)","NO INJURY / DRIVE AWAY",,"Y","Y","OVER $1,500","2024-05-07T20:29:00.000","NOT APPLICABLE","NOT APPLICABLE","605","E","71ST ST","323",,,,,,,"1","NO INDICATION OF INJURY","0","0","0","0","0","1","0","19","3","5","41.765687612","-87.61019858","POINT (-87.610198580361 41.765687612321)"
"20467b4a27fd39581d56fbcdba9847b4f8ec995418253fcbbbf263d94aa67595c6a0428eca2975122b87c8b9ab3b7bbce05a562cabb67e8b8f42f2c8ec2b6dd7",,"2024-05-07T19:27:00.000","30","TRAFFIC SIGNAL","FUNCTIONING PROPERLY","CLEAR","DUSK","ANGLE","FOUR WAY",,"STRAIGHT AND LEVEL","DRY","NO DEFECTS","ON SCENE","INJURY AND / OR TOW DUE TO CRASH","Y",,,"OVER $1,500","2024-05-07T19:31:00.000","DISREGARDING TRAFFIC SIGNALS","DISREGARDING TRAFFIC SIGNALS","401","E","47TH ST","223",,,,,,,"2","NONINCAPACITATING INJURY","1","0","0","1","0","3","0","19","3","5","41.809280988","-87.616199676","POINT (-87.616199675503 41.809280988422)"