"crash_record_id","crash_date_est_i","crash_date","posted_speed_limit","traffic_control_device","device_condition","weather_condition","lighting_condition","first_crash_type","trafficway_type","lane_cnt","alignment","roadway_surface_cond","road_defect","report_type","crash_type","intersection_related_i","private_property_i","hit_and_run_i","damage","date_police_notified","prim_contributory_cause","sec_contributory_cause","street_no","street_direction","street_name","beat_of_occurrence","photos_taken_i","statements_taken_i","dooring_i","work_zone_i","work_zone_type","workers_present_i","num_units","most_severe_injury","injuries_total","injuries_fatal","injuries_incapacitating","injuries_non_incapacitating","injuries_reported_not_evident","injuries_no_indication","injuries_unknown","crash_hour","crash_day_of_week","crash_month","latitude","longitude","location"
"206df4d748aefe06eafff23e86a9c1b22e587442a951947b105f2a1cfb12158102acd10f03eb211d8750498f33aff128b62befeb69b9a5537ec90a68438dafbe",,"2024-05-07T19:20:00.000","30","TRAFFIC SIGNAL","FUNCTIONING PROPERLY","CLEAR","DAYLIGHT","SIDESWIPE SAME DIRECTION","DIVIDED - W/MEDIAN (NOT RAISED)",,"STRAIGHT AND LEVEL","DRY","NO DEFECTS","ON SCENE","INJURY AND / OR TOW DUE TO CRASH","Y",,"Y","OVER $1,500","2024-05-07T19:24:00.000","OPERATING VEHICLE IN ERRATIC, RECKLESS, CARELESS, NEGLIGENT OR AGGRESSIVE MANNER","OPERATING VEHICLE IN ERRATIC, RECKLESS, CARELESS, NEGLIGENT OR AGGRESSIVE MANNER","3401","W","BELMONT AVE","1412",,,,,,,"2","INCAPACITATING INJURY","1","0","1","0","0","2","0","19","3","5","41.939167834","-87.712545991","POINT (-87.712545991172 41.93916783377)"
"a8fbf15410e237fe5ed0337ef32938acd2d50b5525e43450486fc15ca05a2b6c5931aa2a6fc8bdf7c704a3f38314298b31a2d727b40ba524557ac30389446719",,"2024-05-07T19:19:00.000","30","NO CONTROLS","NO CONTROLS","CLEAR","DAYLIGHT","SIDESWIPE OPPOSITE DIRECTION","NOT DIVIDED",,"STRAIGHT AND LEVEL","WET","NO DEFECTS","ON SCENE","NO INJURY / DRIVE AWAY",,,,"$500 OR LESS","2024-05-07T19:20:00.000","UNABLE TO DETERMINE","NOT APPLICABLE","3105","N","KOSTNER AVE","2523",,,,,,,"2","NO INDICATION OF INJURY","0","0","0","0","0","2","0","19","3","5","41.937352688","-87.736835941","POINT (-87.736835941402 41.937352688181)"
"81617fce11ef684a3afaa348993309a78a361713f7bf5ddaa9cd167302f569b687bcfaef9ad6737f7051fdc0b466fe851777d19c53d4956395a0216745fc91ea",,"2024-05-07T19:10:00.000","30","NO CONTROLS","NO CONTROLS","UNKNOWN","UNKNOWN","PARKED MOTOR VEHICLE","FOUR WAY",,"STRAIGHT AND LEVEL","UNKNOWN","NO DEFECTS","NOT ON SCENE (DESK REPORT)","NO INJURY / DRIVE AWAY",,,,"OVER $1,500","2024-05-08T16:14:00.000","UNABLE TO DETERMINE","NOT APPLICABLE","2424","N","GREENVIEW AVE","1932",,,,,,,"2","NO INDICATION OF INJURY","0","0","0","0","0","1","0","19","3","5","41.925980701","-87.665914244","POINT (-87.665914244364 41.925980701183)"
"26aaac6e998208eb83a519943500fda81f13d5ea8b47126adb242b6eb8553f2f1bd862875a5744dcc6d131c53d967e7494bbb9752cd6b07948906b8f436cf65f",,"2024-05-07T19:05:00.000","35","NO CONTROLS","NO CONTROLS","CLEAR","DAYLIGHT","REAR END","OTHER",,"STRAIGHT AND LEVEL","DRY","OTHER","ON SCENE","NO INJURY / DRIVE AWAY",,,,"OVER $1,500","2024-05-07T19:30:00.000","UNABLE TO DETERMINE","UNABLE TO DETERMINE","376","E","CHICAGO AVE","1833",,,,,,,"2","NO INDICATION OF INJURY","0","0","0","0","0","4","0","19","3","5","41.896942304","-87.617366219","POINT (-87.617366218972 41.896942303822)"
"d70d841b3a71b3656611cd16439bee33c5c20f2d9ffc4898e37f64292b10b961bfd889d763298ca0f0427f67c481e5610b1776c900e9c8ee141c84814d9597ea",,"2024-05-07T19:00:00.000","30","NO CONTROLS","NO CONTROLS","CLEAR","DUSK","ANGLE","NOT DIVIDED",,"STRAIGHT AND LEVEL","UNKNOWN","UNKNOWN","NOT ON SCENE (DESK REPORT)","NO INJURY / DRIVE AWAY",,,,"$501 - $1,500","2024-05-07T20:00:00.000","UNABLE TO DETERMINE","NOT APPLICABLE","3216","N","CICERO AVE","1634",,,,,,,"2","NO INDICATION OF INJURY","0","0","0","0","0","2","0","19","3","5","41.939338773","-87.747025422","POINT (-87.747025421937 41.939338773284)"
"efeda6677dd6e469caa3ddf0e0d97b4ba4bb9d06c204f7f725a270c041ad09a3cabff7e3ff7b57ce476184e948be6c7b4ee9c3d5501bb27e71fac2cb0400799c",,"2024-05-07T19:00:00.000","10","NO CONTROLS","NO CONTROLS","CLEAR","DARKNESS, LIGHTED ROAD","PARKED MOTOR VEHICLE","PARKING LOT",,"STRAIGHT AND LEVEL","DRY","NO DEFECTS","NOT ON SCENE (DESK REPORT)","NO INJURY / DRIVE AWAY",,,"Y","OVER $1,500","2024-05-07T22:15:00.000","UNABLE TO DETERMINE","UNABLE TO DETERMINE","2310","W","LOGAN BLVD","1432",,,,,,,"2","NO INDICATION OF INJURY","0","0","0","0","0","1","0","19","3","5","41.930295459","-87.685818742","POINT (-87.685818741592 41.930295458606)"
"261fa3b7e57dd4e757557b59b1df7c36ed6ff1230b57b2863cb632257d3bbc0283909606d9d1d9fdb691e3d99124dc4b490d348fbce8e887edfdaa89c6981e29",,"2024-05-07T18:47:00.000","30","OTHER","FUNCTIONING PROPERLY","CLEAR","DAYLIGHT","REAR END","NOT DIVIDED",,"STRAIGHT AND LEVEL","DRY","NO DEFECTS","ON SCENE","NO INJURY / DRIVE AWAY",,,,"$501 - $1,500","2024-05-07T18:47:00.000","VISION OBSCURED (SIGNS, TREE LIMBS, BUILDINGS, ETC.)","FOLLOWING TOO CLOSELY","5299","W","FOSTER AVE","1623",,,,,,,"2","NO INDICATION OF INJURY","0","0","0","0","0","3","0","18","3","5","41.975083328","-87.760198678","POINT (-87.760198677807 41.975083328355)"
"4d2a1ed3b3114cf1a6b540a76e3254845d89775ead59f5c41f289e112c77e1fcb5a955cda6659804e4de28ba993f3f23b5e4b8457eafbcaf222bd3a7aea9fdc6",,"2024-05-07T18:45:00.000","30","TRAFFIC SIGNAL","FUNCTIONING PROPERLY","CLEAR","DAYLIGHT","SIDESWIPE SAME DIRECTION","NOT DIVIDED",,"STRAIGHT AND LEVEL","DRY","NO DEFECTS","ON SCENE","NO INJURY / DRIVE AWAY",,,,"$500 OR LESS","2024-05-07T18:50:00.000","IMPROPER OVERTAKING/PASSING","FOLLOWING TOO CLOSELY","162","N","BESSIE COLEMAN DR","1654",,,,,,,"2","NO INDICATION OF INJURY","0","0","0","0","0","2","0","18","3","5",,,
"5c802437a911a8338286746b01e1ceb25aa47a2c7df6e4efb8bb2b652fa74c1e237f37f3a6684fb1493fe4c47084bb7b1a3e7b3e9b27c1ff0f267c728c724304",,"2024-05-07T18:35:00.000","30","TRAFFIC SIGNAL","FUNCTIONING PROPERLY","CLEAR","DAYLIGHT","ANGLE","DIVIDED - W/MEDIAN (NOT RAISED)",,"STRAIGHT AND LEVEL","DRY","NO DEFECTS","ON SCENE","INJURY AND / OR TOW DUE TO CRASH","Y",,,"OVER $1,500","2024-05-07T18:40:00.000","DISREGARDING TRAFFIC SIGNALS","DISTRACTION - FROM INSIDE VEHICLE","2800","W","83RD ST","835","N","N",,,,,"3","REPORTED, NOT EVIDENT","3","0","0","0","3","1","0","18","3","5","41.742766071","-87.692498082","POINT (-87.69249808222 41.742766070612)"
"ecb64dafafa066f5fba1660b2ffc7367ceb2cba92e7fe23c791fbc0a747d5e6bd4dcd764359a9910a6a8acbf68ff42e25760c737f407f4f794149e9d45ff62ba","N","2024-05-07T18:34:00.000","30","NO CONTROLS","NO CONTROLS","CLEAR","DAYLIGHT","OTHER OBJECT","UNKNOWN",,"STRAIGHT ON GRADE","UNKNOWN","UNKNOWN","ON SCENE","INJURY AND / OR TOW DUE TO CRASH",,,,"OVER $1,500","2024-05-07T18:36:00.000","UNABLE TO DETERMINE","UNABLE TO DETERMINE","4421","W","HARRISON ST","1131",,,,,,,"1","FATAL","1","1","0","0","0","0","0","18","3","5","41.873486072","-87.735998406","POINT (-87.735998405819 41.873486071945)"
"8b0c773117f0a65707ffad12ac704e7299de2d8f63708adc0ebb439d012ce70b06758923de7ea70c1255a412acdb450964f738721f5a1b2dc81fb9da4544b937",,"2024-05-07T18:30:00.000","30","TRAFFIC SIGNAL","FUNCTIONING PROPERLY","CLEAR","DAYLIGHT","SIDESWIPE SAME DIRECTION","Y-INTERSECTION",,"STRAIGHT AND LEVEL","DRY","NO DEFECTS","ON SCENE","INJURY AND / OR TOW DUE TO CRASH","Y",,,"OVER $1,500","2024-05-07T18:30:00.000","DISTRACTION - FROM OUTSIDE VEHICLE","DISTRACTION - FROM OUTSIDE VEHICLE","6350","N","NAGLE AVE","1611",,,,,,,"3","NO INDICATION OF INJURY","0","0","0","0","0","4","0","18","3","5","41.996850414","-87.787612859","POINT (-87.787612858552 41.996850413796)"
"0364adedc4466ce07e72ddd576de61df3bd9dde8d7acc979c0dfa5da1ff3a821f3035eba1b6b52121a25fee10f400d4a379c2c2e978b5f102db57d368c2bdca7",,"2024-05-07T18:25:00.000","45","TRAFFIC SIGNAL","FUNCTIONING PROPERLY","CLEAR","DAYLIGHT","REAR END","DIVIDED - W/MEDIAN BARRIER",,"STRAIGHT AND LEVEL","DRY","NO DEFECTS","NOT ON SCENE (DESK REPORT)","NO INJURY / DRIVE AWAY",,,,"OVER $1,500","2024-05-07T20:00:00.000","FOLLOWING TOO CLOSELY","NOT APPLICABLE","115","S","LAKE SHORE DR NB","114","Y",,,,,,"2","NO INDICATION OF INJURY","0","0","0","0","0","4","0","18","3","5","41.880539002","-87.617102761","POINT (-87.617102761368 41.880539001579)"
"9fc283736fd32256c9d492c7f9bd70a4c672dd57d34edde517709a91a88500d90842f84562f135228261d49276f3fa7fa582a79a11e3b6559ff2e2e3235e1913",,"2024-05-07T18:21:00.000","30","NO CONTROLS","NO CONTROLS","CLEAR","DAYLIGHT","PARKED MOTOR VEHICLE","NOT DIVIDED",,"STRAIGHT AND LEVEL","DRY","NO DEFECTS","ON SCENE","NO INJURY / DRIVE AWAY",,,"Y","OVER $1,500","2024-05-07T18:29:00.000","UNABLE TO DETERMINE","NOT APPLICABLE","6520","S","NORMAL BLVD","722",,,,,,,"3","NO INDICATION OF INJURY","0","0","0","0","0","1","0","18","3","5","41.775521017","-87.637030805","POINT (-87.637030804561 41.775521016822)"
"46a75d5f35bdfb5410ade4ebfba8a8ed9dfc247b9d97116f287801f2c05c4433010310e9923f4fe4019db3b70b89f9d338db90d15c4e4d1e6fbef6913804e2fd",,"2024-05-07T18:20:00.000","30","STOP SIGN/FLASHER","FUNCTIONING PROPERLY","CLEAR","DAYLIGHT","TURNING","T-INTERSECTION",,"STRAIGHT AND LEVEL","WET","NO DEFECTS","ON SCENE","NO INJURY / DRIVE AWAY","Y",,,"OVER $1,500","2024-05-07T18:24:00.000","UNABLE TO DETERMINE","UNABLE TO DETERMINE","2328","W","35TH ST","912",,,,,,,"2","NO INDICATION OF INJURY","0","0","0","0","0","4","0","18","3","5","41.830407104","-87.683670447","POINT (-87.68367044673 41.830407103584)"
"0f0e79147ae9e7c8860845d207ac9853406bafc1008ac45e162d8fd2a6968e4e2aac0f5341288e28a42e353cf68414f28d25f98440ef8447d95e78d626207d07",,"2024-05-07T18:15:00.000","30","TRAFFIC SIGNAL","FUNCTIONING PROPERLY","UNKNOWN","UNKNOWN","TURNING","OTHER",,"STRAIGHT AND LEVEL","UNKNOWN","UNKNOWN","NOT ON SCENE (DESK REPORT)","NO INJURY / DRIVE AWAY","Y",,"Y","$501 - $1,500","2024-05-07T19:45:00.000","UNABLE TO DETERMINE","NOT APPLICABLE","4200","S","CICERO AVE","814",,,,,,,"2","NO INDICATION OF INJURY","0","0","0","0","0","2","0","18","3","5","41.816729387","-87.743536712","POINT (-87.743536712476 41.816729386747)"
"847d0f7e70c30359b51187a4dce1ebdbbb43545f214acbfa805e65dd5d1f8a5614cdcb6c8157e4093ed5209032fbc1d8768cdc03603a90798fb5a32842cf1499",,"2024-05-07T18:15:00.000","30","TRAFFIC SIGNAL","FUNCTIONING PROPERLY","CLEAR","DAYLIGHT","REAR END","DIVIDED - W/MEDIAN (NOT RAISED)",,"STRAIGHT AND LEVEL","DRY","NO DEFECTS","NOT ON SCENE (DESK REPORT)","NO INJURY / DRIVE AWAY",,,,"$500 OR LESS","2024-05-07T20:00:00.000","FOLLOWING TOO CLOSELY","NOT APPLICABLE","1600","W","BELMONT AVE","1922",,,,,,,"2","NO INDICATION OF INJURY","0","0","0","0","0","2","0","18","3","5","41.93980465","-87.6687859","POINT (-87.668785900147 41.939804649803)"
"738b2667c61be92447ae0bf6f800eba84db6867f79e2a6401e72d78a2767a708c96f4a80da48462851c0be126dde66e9dbd60c16cfa3c42705c069c909b9cbf1",,"2024-05-07T18:11:00.000","35","TRAFFIC SIGNAL","FUNCTIONING PROPERLY","CLEAR","DAYLIGHT","TURNING","NOT DIVIDED",,"STRAIGHT AND LEVEL","WET","NO DEFECTS","ON SCENE","INJURY AND / OR TOW DUE TO CRASH","Y",,,"OVER $1,500","2024-05-07T18:30:00.000","NOT APPLICABLE","NOT APPLICABLE","6400","N","MILWAUKEE AVE","1611",,,,,,,"3","INCAPACITATING INJURY","2","0","1","1","0","1","0","18","3","5","41.997382173","-87.788077674","POINT (-87.78807767392 41.997382173454)"
"b8da772d3d28a88c51245ddb44573d18ff48a35130f768eb09408ed1e382bb6e24ca40cc5d4716c133b809db9bd446112258a81e7df0f04ae901e64a27147ec8",,"2024-05-07T18:10:00.000","30","TRAFFIC SIGNAL","FUNCTIONING PROPERLY","CLEAR","DAYLIGHT","REAR END","DIVIDED - W/MEDIAN (NOT RAISED)",,"STRAIGHT AND LEVEL","UNKNOWN","UNKNOWN","NOT ON SCENE (DESK REPORT)","NO INJURY / DRIVE AWAY",,,,"$501 - $1,500","2024-05-07T21:15:00.000","FAILING TO REDUCE SPEED TO AVOID CRASH","NOT APPLICABLE","1902","N","ASHLAND AVE","1433",,,,,,,"2","NO INDICATION OF INJURY","0","0","0","0","0","2","0","18","3","5","41.916211175","-87.667945888","POINT (-87.66794588825 41.916211175338)"
"d4c466620326007e5d961268b6175d93956736b4d485efd50f247937a0905e79e132bcb33a97e28242c97479cd410ac7c7d59009f6ba246a3808dfbe8d77c5cb",,"2024-05-07T18:09:00.000","30","NO CONTROLS","NO CONTROLS","CLEAR","DAYLIGHT","SIDESWIPE SAME DIRECTION","NOT DIVIDED",,"STRAIGHT AND LEVEL","DRY","NO DEFECTS","NOT ON SCENE (DESK REPORT)","NO INJURY / DRIVE AWAY",,,,"$501 - $1,500","2024-05-07T19:35:00.000","IMPROPER OVERTAKING/PASSING","NOT APPLICABLE","4000","W","63RD ST","813",,,,,,,"2","NO INDICATION OF INJURY","0","0","0","0","0","4","0","18","3","5","41.77876739","-87.722823195","POINT (-87.722823195304 41.778767390084)"
"747657b108d5cb6abec694573f910e092f3444f707c69acb38d5dfa440e0d458f16e278f5264cdd157afc766fe941ae41669425c8dffc690c726995df90490f5",,"2024-05-07T18:05:00.000","30","TRAFFIC SIGNAL","FUNCTIONING PROPERLY","CLEAR","DAYLIGHT","REAR END","FOUR WAY",,"STRAIGHT AND LEVEL","WET","NO DEFECTS","NOT ON SCENE (DESK REPORT)","INJURY AND / OR TOW DUE TO CRASH","Y",,"Y","OVER $1,500","2024-05-07T18:43:00.000","NOT APPLICABLE","NOT APPLICABLE","7300","S","SOUTH CHICAGO AVE","323",,,,,,,"2","REPORTED, NOT EVIDENT","3","0","0","0","3","1","0","18","3","5","41.762118522","-87.60054649","POINT (-87.600546490421 41.762118521643)"
"f368975f32854fde0433be78db0513a02b872e03cf15f6244a94cf8732faa4d9cff11c3872c22215762e9c10409e6bf60d3a198e1816a7b07a91bebe9a2e85dc",,"2024-05-07T18:01:00.000","30","NO CONTROLS","NO CONTROLS","CLEAR","DAYLIGHT","TURNING","NOT DIVIDED",,"STRAIGHT AND LEVEL","WET","NO DEFECTS","NOT ON SCENE (DESK REPORT)","INJURY AND / OR TOW DUE TO CRASH",,,,"OVER $1,500","2024-05-07T18:01:00.000","IMPROPER TURNING/NO SIGNAL","NOT APPLICABLE","800","E","71ST ST","321","Y",,,,,,"2","INCAPACITATING INJURY","1","0","1","0","0","2","0","18","3","5","41.765978899","-87.605463869","POINT (-87.605463868765 41.765978898721)"
"6f82997cca9e726dde3f490c7b98b90bc7ed551b2c94ff1bd01828808a321c6f08a00fbcc0322c28b60e9082bb39651426b84e5eaaeec3c809d8d2c6046da9b0","Y","2024-05-07T18:00:00.000","20","NO CONTROLS","NO CONTROLS","CLEAR","DARKNESS","PARKED MOTOR VEHICLE","ONE-WAY",,"STRAIGHT AND LEVEL","DRY","NO DEFECTS","ON SCENE","NO INJURY / DRIVE AWAY",,,"Y","OVER $1,500","2024-05-08T06:30:00.000","UNABLE TO DETERMINE","UNABLE TO DETERMINE","932","W","SUNNYSIDE AVE","1914",,,,,,,"2","NO INDICATION OF INJURY","0","0","0","0","0","1","0","18","3","5","41.963732137","-87.653681714","POINT (-87.653681713883 41.963732136621)"
"d2f7e4896def59e6731ac614220ed0821b931e4882be6d3805effc2703c98eb0862ba31d3ccfeff57963a65f5fcbaa605006d95017373daf6f3290745fdb0801",,"2024-05-07T18:00:00.000","35","NO CONTROLS","NO CONTROLS","CLEAR","DAYLIGHT","SIDESWIPE SAME DIRECTION","NOT DIVIDED",,"STRAIGHT AND LEVEL","DRY","NO DEFECTS","NOT ON SCENE (DESK REPORT)","NO INJURY / DRIVE AWAY",,,,"$501 - $1,500","2024-05-07T18:44:00.000","IMPROPER OVERTAKING/PASSING","UNABLE TO DETERMINE","567","W","LAKE ST","121","Y",,,,,,"2","NO INDICATION OF INJURY","0","0","0","0","0","3","0","18","3","5","41.88559429","-87.642526004","POINT (-87.642526004419 41.885594289607)"
"de62a5e6b1540cde4ee92fdbefc354387c9c2e0b8688197a22819d2741c738fc365e702ff893785205c1ac29d4427cb0c336ec4731cef82e06543a703a44e31f",,"2024-05-07T18:00:00.000","30","NO CONTROLS","NO CONTROLS","UNKNOWN","UNKNOWN","REAR TO REAR","PARKING LOT",,"STRAIGHT AND LEVEL","UNKNOWN","UNKNOWN","NOT ON SCENE (DESK REPORT)","NO INJURY / DRIVE AWAY",,,"Y","$501 - $1,500","2024-05-07T18:00:00.000","UNABLE TO DETERMINE","NOT APPLICABLE","5521","S","KEDZIE AVE","824",,,,,,,"2","NO INDICATION OF INJURY","0","0","0","0","0","2","0","18","3","5","41.79286167","-87.703389258","POINT (-87.703389258136 41.792861669618)"
"c5126e278c1e6d541395a7d976177dad56877f6dc4d3ecfe54c2d8d4af8d506074babda1ce06cbc3533c7f045b52fe4fa59a7743c00b67db2f6b6c8aa550d51b",,"2024-05-07T17:51:00.000","15","NO CONTROLS","NO CONTROLS","CLEAR","DAYLIGHT","PEDALCYCLIST","NOT DIVIDED",,"STRAIGHT AND LEVEL","DRY","UNKNOWN","ON SCENE","INJURY AND / OR TOW DUE TO CRASH","Y",,,"$500 OR LESS","2024-05-07T18:32:00.000","UNABLE TO DETERMINE","UNABLE TO DETERMINE","5253","N","NATOMA AVE","1613",,,,,,,"2","NONINCAPACITATING INJURY","1","0","0","1","0","1","0","17","3","5","41.977078939","-87.792546702","POINT (-87.792546702272 41.977078938978)"
"1c62816725edab76241be590d08c156b8fc809b03dc924583487b74f59ef9079525bd280a4effbbeb96c4cec3e09a44869085a021841697c091cdf942e911bcf",,"2024-05-07T17:48:00.000","25","NO CONTROLS","NO CONTROLS","CLEAR","DAYLIGHT","PARKED MOTOR VEHICLE","NOT DIVIDED",,"STRAIGHT AND LEVEL","DRY","NO DEFECTS","NOT ON SCENE (DESK REPORT)","NO INJURY / DRIVE AWAY",,,"Y","$501 - $1,500","2024-05-07T18:15:00.000","UNABLE TO DETERMINE","NOT APPLICABLE","3918","W","ARGYLE ST","1712",,,,,,,"2","NO INDICATION OF INJURY","0","0","0","0","0","1","0","17","3","5","41.972010614","-87.726525425","POINT (-87.726525424904 41.972010614056)"
"bc36b699ed7e8a9ef38a19ae7cd9724e397532e6c4d8cd72d0fee435fa27a3496282d8553bf27cda2241b7f51ac9a3ed4b88f809ed7d05aaacfe923ebd148d7b",,"2024-05-07T17:44:00.000","30","NO CONTROLS","NO CONTROLS","CLEAR","DAYLIGHT","PEDALCYCLIST","NOT DIVIDED",,"STRAIGHT AND LEVEL","DRY","NO DEFECTS","ON SCENE","INJURY AND / OR TOW DUE TO CRASH","Y",,,"OVER $1,500","2024-05-07T17:44:00.000","NOT APPLICABLE","NOT APPLICABLE","5500","N","BROADWAY","2013",,,,,,,"2","NONINCAPACITATING INJURY","1","0","0","1","0","1","0","17","3","5","41.981887333","-87.660167406","POINT (-87.660167406249 41.981887333036)"
"53e4fe27a424aac794a694cf7f92b3ce16ef4b4f07e62ceac03c59b853c96e585bb0bf72b6e259d882189ab86b749ac524e629b1ece7bf1e27deb2912a6bd9b1",,"2024-05-07T17:40:00.000","30","UNKNOWN","UNKNOWN","UNKNOWN","UNKNOWN","SIDESWIPE SAME DIRECTION","ONE-WAY",,"STRAIGHT AND LEVEL","UNKNOWN","UNKNOWN","NOT ON SCENE (DESK REPORT)","NO INJURY / DRIVE AWAY",,,,"OVER $1,500","2024-05-07T18:36:00.000","DRIVING SKILLS/KNOWLEDGE/EXPERIENCE","UNABLE TO DETERMINE","81","E","JACKSON BLVD","113",,,,,,,"2","NO INDICATION OF INJURY","0","0","0","0","0","2","0","17","3","5","41.8781652","-87.6246719","POINT (-87.624671899695 41.878165199787)"
"97d33c4f54f0bc02da2671e1be5ada1113e3ebb510b3cff8b76e74b8f174c3090be9db8f88e8e424dee165d2a2046bf45c80d9784af49bd9a984aab61e495aab",,"2024-05-07T17:40:00.000","30","NO CONTROLS","NO CONTROLS","CLEAR","DAYLIGHT","REAR END","NOT DIVIDED",,"STRAIGHT AND LEVEL","UNKNOWN","UNKNOWN","NOT ON SCENE (DESK REPORT)","NO INJURY / DRIVE AWAY",,,"Y","OVER $1,500","2024-05-07T18:50:00.000","UNABLE TO DETERMINE","UNABLE TO DETERMINE","4601","W","WRIGHTWOOD AVE","2521",,,,,,,"2","NO INDICATION OF INJURY","0","0","0","0","0","2","0","17","3","5","41.928307417","-87.741894628","POINT (-87.741894628044 41.928307416582)"
"d1b1fec8cae9791a15916a5b645ec9ae863a02fafcac52cd0806d4e99a31ffb96c45422721d2488759e0a8f8a7d0c16c28c718d3cc94fe47376ebd020d07443b",,"2024-05-07T17:40:00.000","10","NO CONTROLS","NO CONTROLS","CLEAR","DAYLIGHT","PARKED MOTOR VEHICLE","OTHER",,"STRAIGHT AND LEVEL","DRY","NO DEFECTS","NOT ON SCENE (DESK REPORT)","NO INJURY / DRIVE AWAY",,,,"OVER $1,500","2024-05-07T19:30:00.000","DRIVING SKILLS/KNOWLEDGE/EXPERIENCE","NOT APPLICABLE","750","N","WELLS ST","1831",,,,,,,"2","NO INDICATION OF INJURY","0","0","0","0","0","1","0","17","3","5","41.896335734","-87.634340634","POINT (-87.634340634473 41.896335734312)"
"5447b4dc00c7fba93277ffa14a6a2d3bbe75dcf74378af50c85b15dc7093e8c31826e3a868aa8149e93eafdf792292846aa2226e708a21568aef30ac0c68db08",,"2024-05-07T17:32:00.000","30","TRAFFIC SIGNAL","FUNCTIONING PROPERLY","CLEAR","DAYLIGHT","PEDALCYCLIST","DIVIDED - W/MEDIAN (NOT RAISED)",,"STRAIGHT AND LEVEL","DRY","UNKNOWN","ON SCENE","INJURY AND / OR TOW DUE TO CRASH",,,,"$500 OR LESS","2024-05-07T17:34:00.000","DRIVING SKILLS/KNOWLEDGE/EXPERIENCE","NOT APPLICABLE","1903","N","WESTERN AVE","1434",,,"Y",,,,"3","NONINCAPACITATING INJURY","1","0","0","1","0","2","0","17","3","5","41.915872295","-87.687219833","POINT (-87.687219832952 41.91587229452)"
"85e3c99256b7ba9b2779333db8d1e59b69125e43e2a1e539149e3ef52cc6b042d3c64b91cf4f52bc221b90dc07ed749409a246fc900462fc448f96d2b3910f6a",,"2024-05-07T17:30:00.000","20","TRAFFIC SIGNAL","FUNCTIONING PROPERLY","CLEAR","DAYLIGHT","ANGLE","FOUR WAY",,"STRAIGHT AND LEVEL","DRY","NO DEFECTS","ON SCENE","INJURY AND / OR TOW DUE TO CRASH","Y",,,"OVER $1,500","2024-05-07T17:32:00.000","FAILING TO YIELD RIGHT-OF-WAY","NOT APPLICABLE","9100","S","LAFAYETTE AVE","634",,,,,,,"2","REPORTED, NOT EVIDENT","4","0","0","0","4","1","0","17","3","5","41.728930723","-87.625382756","POINT (-87.625382756311 41.72893072336)"
"0ec94bde67835be79660fa9fc93c4a9936c507bac1a128ea59bfc505ceb1da232a04afe7a56bf551b93796801737fce8b1596d0a1d3d1453a7ba2017498862d5",,"2024-05-07T17:20:00.000","10","NO CONTROLS","NO CONTROLS","CLEAR","DAYLIGHT","OTHER OBJECT","ALLEY",,"STRAIGHT AND LEVEL","DRY","NO DEFECTS","NOT ON SCENE (DESK REPORT)","NO INJURY / DRIVE AWAY",,,,"$501 - $1,500","2024-05-07T20:13:00.000","DISTRACTION - FROM INSIDE VEHICLE","NOT APPLICABLE","6015","S","KOMENSKY AVE","813",,,,,,,"1","NO INDICATION OF INJURY","0","0","0","0","0","1","0","17","3","5","41.783615428","-87.723973023","POINT (-87.723973023281 41.783615427664)"
"23a968b96de68b0b7f071a43d6d40fd4e59b44cbf24f438df34f5ae288ba85fec061060ee9e054ced78b8e7441fbf75ab0b5a37384518b2c0e5e92f3c3e2843b",,"2024-05-07T17:15:00.000","30","STOP SIGN/FLASHER","FUNCTIONING PROPERLY","CLEAR","DAYLIGHT","SIDESWIPE SAME DIRECTION","NOT DIVIDED",,"STRAIGHT AND LEVEL","DRY","UNKNOWN","ON SCENE","NO INJURY / DRIVE AWAY",,,"Y","OVER $1,500","2024-05-07T17:16:00.000","UNABLE TO DETERMINE","NOT APPLICABLE","1100","N","KEELER AVE","1111",,,,,,,"2","NO INDICATION OF INJURY","0","0","0","0","0","4","0","17","3","5","41.900808144","-87.73131901","POINT (-87.731319009792 41.900808143887)"
"649ec2b7c70c35624373175742e6098d100f3d449c02274cdaddc7a969aa9653d00e1e7bcece21eff558cd7861c41c48f578f3a69722d0c6e6e8f6278a585db8",,"2024-05-07T17:15:00.000","30","TRAFFIC SIGNAL","FUNCTIONING PROPERLY","CLEAR","DAYLIGHT","SIDESWIPE SAME DIRECTION","NOT DIVIDED",,"STRAIGHT AND LEVEL","DRY","NO DEFECTS","NOT ON SCENE (DESK REPORT)","NO INJURY / DRIVE AWAY","Y",,,"OVER $1,500","2024-05-07T18:30:00.000","FAILING TO YIELD RIGHT-OF-WAY","IMPROPER LANE USAGE","4824","N","MILWAUKEE AVE","1623",,,,,,,"2","NO INDICATION OF INJURY","0","0","0","0","0","3","0","17","3","5","41.968401133","-87.761369392","POINT (-87.761369391931 41.968401132726)"