"crash_record_id","crash_date_est_i","crash_date","posted_speed_limit","traffic_control_device","device_condition","weather_condition","lighting_condition","first_crash_type","trafficway_type","lane_cnt","alignment","roadway_surface_cond","road_defect","report_type","crash_type","intersection_related_i","private_property_i","hit_and_run_i","damage","date_police_notified","prim_contributory_cause","sec_contributory_cause","street_no","street_direction","street_name","beat_of_occurrence","photos_taken_i","statements_taken_i","dooring_i","work_zone_i","work_zone_type","workers_present_i","num_units","most_severe_injury","injuries_total","injuries_fatal","injuries_incapacitating","injuries_non_incapacitating","injuries_reported_not_evident","injuries_no_indication","injuries_unknown","crash_hour","crash_day_of_week","crash_month","latitude","longitude","location"
"b096d97cce3cf3f29ed461c43f684f1acf89bad3490d7c3f2f6ddd02b25caef72818fb34d44ddce82a2d3d7ba7b2ea7329fc83d392681fa845bf9cbb3a0e1cab",,"2024-05-07T17:10:00.000","30","UNKNOWN","UNKNOWN","RAIN","DAYLIGHT","REAR END","DIVIDED - W/MEDIAN (NOT RAISED)",,"STRAIGHT AND LEVEL","WET","UNKNOWN","ON SCENE","NO INJURY / DRIVE AWAY",,,,"$501 - $1,500","2024-05-07T17:30:00.000","FOLLOWING TOO CLOSELY","FOLLOWING TOO CLOSELY","7460","S","RACINE AVE","612",,,,,,,"2","NO INDICATION OF INJURY","0","0","0","0","0","2","0","17","3","5","41.757909179","-87.654076959","POINT (-87.654076959326 41.757909178994)"
"3df3da8c8c44dec7e8effb48768948d9ae92ab18486f0eb8c36361311d0dcee8434744acd5ccf2c44d97d5cb7101538049c3cac9427a016c37811b771485cc33",,"2024-05-07T17:00:00.000","30","NO CONTROLS","NO CONTROLS","CLEAR","DAYLIGHT","SIDESWIPE SAME DIRECTION","ONE-WAY",,"STRAIGHT AND LEVEL","DRY","NO DEFECTS","ON SCENE","NO INJURY / DRIVE AWAY",,,,"OVER $1,500","2024-05-07T17:15:00.000","IMPROPER OVERTAKING/PASSING","FAILING TO YIELD RIGHT-OF-WAY","159","E","WALTON PL","1833",,,,,,,"2","NO INDICATION OF INJURY","0","0","0","0","0","2","0","17","3","5","41.899912059","-87.623211035","POINT (-87.623211034813 41.899912059266)"
"3f3555b001b4c7a661d7c7173783808a0c260cb42a9ff3f9cbcffe8685bb0c9d7ca9dc1451f3ad4ca48addada66af69fb5e9339ad70a8e6fb904c9dd4a00d95a",,"2024-05-07T17:00:00.000","30","NO CONTROLS","NO CONTROLS","UNKNOWN","DAYLIGHT","TURNING","DIVIDED - W/MEDIAN (NOT RAISED)",,"STRAIGHT AND LEVEL","UNKNOWN","NO DEFECTS","NOT ON SCENE (DESK REPORT)","NO INJURY / DRIVE AWAY",,,,"$500 OR LESS","2024-05-08T09:00:00.000","UNABLE TO DETERMINE","NOT APPLICABLE","2400","W","ROOSEVELT RD","1135",,,,,,,"2","NO INDICATION OF INJURY","0","0","0","0","0","2","0","17","3","5","41.866720691","-87.686162771","POINT (-87.686162771246 41.86672069098)"
"ee90e6461add4e20d9cd6c9b63241e0ccd8a53a37385c708f369b5212c00924e16c38c81b32bd77f3d354e024f550ce8bcb2edccd43de1b854ec8a4c7f0804ce",,"2024-05-07T16:55:00.000","30","TRAFFIC SIGNAL","FUNCTIONING PROPERLY","CLEAR","DAYLIGHT","TURNING","NOT DIVIDED",,"STRAIGHT AND LEVEL","DRY","NO DEFECTS","NOT ON SCENE (DESK REPORT)","NO INJURY / DRIVE AWAY",,,,"OVER $1,500","2024-05-07T18:08:00.000","UNABLE TO DETERMINE","NOT APPLICABLE","2138","S","CLARK ST","131",,,,,,,"2","NO INDICATION OF INJURY","0","0","0","0","0","2","0","16","3","5","41.852992504","-87.630220122","POINT (-87.630220122411 41.852992503606)"
"442c44ad5ae7807e2ce3dd9c381439302350267a1cf7c9eb5a0e2a86dba5bbf046d3b972419f9d59abce1f8903f43104bb616222c6ecd7b9755ae44787977dc4",,"2024-05-07T16:51:00.000","20","NO CONTROLS","NO CONTROLS","CLEAR","DAYLIGHT","PARKED MOTOR VEHICLE","ONE-WAY",,"STRAIGHT AND LEVEL","DRY","NO DEFECTS","ON SCENE","NO INJURY / DRIVE AWAY",,,"Y","OVER $1,500","2024-05-07T18:48:00.000","IMPROPER TURNING/NO SIGNAL","NOT APPLICABLE","5709","S","KEELER AVE","813",,,,,,,"2","NO INDICATION OF INJURY","0","0","0","0","0","1","0","16","3","5","41.789212846","-87.727801675","POINT (-87.727801675227 41.789212845502)"
"9fcee6ca43b39d77f786367e7972f658915be46ebbab467df43427afe50d46cb0158c2a19bb21f53d3810cff812a960803c703b80881e7baa8d23e8c14b089d2",,"2024-05-07T16:49:00.000","30","PEDESTRIAN CROSSING SIGN","FUNCTIONING PROPERLY","CLEAR","DAYLIGHT","PEDALCYCLIST","DIVIDED - W/MEDIAN BARRIER",,"STRAIGHT AND LEVEL","DRY","NO DEFECTS","ON SCENE","INJURY AND / OR TOW DUE TO CRASH","Y",,,"$501 - $1,500","2024-05-07T17:00:00.000","UNABLE TO DETERMINE","UNABLE TO DETERMINE","4204","W","NORTH AVE","2534",,,,,,,"2","NONINCAPACITATING INJURY","1","0","0","1","0","5","0","16","3","5","41.909925247","-87.731557216","POINT (-87.731557216324 41.909925247058)"
"551c6b64d305234a32876ae9f168edad8aeb6787e7c7d1ab44ed987559816d8ae98cec1167f2204d8c03ef4617549217673d545f6d9ca0d3115404d99327eaf2",,"2024-05-07T16:45:00.000","30","NO CONTROLS","NO CONTROLS","CLOUDY/OVERCAST","DAYLIGHT","REAR END","DIVIDED - W/MEDIAN (NOT RAISED)",,"STRAIGHT AND LEVEL","WET","NO DEFECTS","NOT ON SCENE (DESK REPORT)","INJURY AND / OR TOW DUE TO CRASH",,,,"OVER $1,500","2024-05-08T18:10:00.000","FOLLOWING TOO CLOSELY","UNABLE TO DETERMINE","10430","S","VINCENNES AVE","2212",,,,,,,"2","REPORTED, NOT EVIDENT","1","0","0","0","1","1","0","16","3","5","41.703955696","-87.657229027","POINT (-87.657229027493 41.703955695682)"
"40a3e3757c07dfccd035595d723424743468d3b6ad661fe9a0abba591fde843723ab18853910ead088fc1d1a670baffb441af0c5abf44b09ee7b1a418a6e5b85",,"2024-05-07T16:40:00.000","30","STOP SIGN/FLASHER","FUNCTIONING PROPERLY","CLEAR","DAYLIGHT","ANGLE","FOUR WAY",,"STRAIGHT AND LEVEL","WET","NO DEFECTS","ON SCENE","INJURY AND / OR TOW DUE TO CRASH","Y",,,"OVER $1,500","2024-05-07T16:58:00.000","FAILING TO YIELD RIGHT-OF-WAY","UNABLE TO DETERMINE","9700","S","EGGLESTON AVE","2223",,,,,,,"2","REPORTED, NOT EVIDENT","1","0","0","0","1","1","0","16","3","5","41.717896785","-87.634029162","POINT (-87.63402916178 41.717896785101)"
"9af1ee9678b42c021cc6b44d504b96301f17423b8e69dee611aeebf4e6a0afc6626d55c378eb1f55eb8e2996352643039232fa54d2aa89b08dd084468d24c4bb",,"2024-05-07T16:40:00.000","30","TRAFFIC SIGNAL","FUNCTIONING PROPERLY","CLEAR","DAYLIGHT","SIDESWIPE SAME DIRECTION","DIVIDED - W/MEDIAN (NOT RAISED)",,"STRAIGHT AND LEVEL","DRY","NO DEFECTS","NOT ON SCENE (DESK REPORT)","NO INJURY / DRIVE AWAY",,,,"$500 OR LESS","2024-05-07T16:50:00.000","IMPROPER LANE USAGE","NOT APPLICABLE","1600","W","CONGRESS PKWY","1231",,,,,,,"2","NO INDICATION OF INJURY","0","0","0","0","0","2","0","16","3","5","41.875284201","-87.666754902","POINT (-87.666754901693 41.875284201202)"
"539f1a1fd26452e15bf38e67f914b96165ca8a5dc2413338256a39601de337b636e9fb246c1db37d09af0ae3112b71ecb762df84ef173e0e4ffdcd4818fdfe52",,"2024-05-07T16:39:00.000","30","TRAFFIC SIGNAL","FUNCTIONING PROPERLY","CLEAR","DAYLIGHT","ANGLE","FOUR WAY",,"STRAIGHT AND LEVEL","DRY","NO DEFECTS","ON SCENE","NO INJURY / DRIVE AWAY","Y",,,"OVER $1,500","2024-05-07T17:04:00.000","FAILING TO YIELD RIGHT-OF-WAY","NOT APPLICABLE","2419","W","ROOSEVELT RD","1023",,,,,,,"2","NO INDICATION OF INJURY","0","0","0","0","0","2","0","16","3","5","41.86649588","-87.686561264","POINT (-87.686561264152 41.866495880304)"
"68a3ad49e5d0a010f6d4b0761804706a867f5df066e363611fe148f777392320a5a6fa73221eabcc5f7402aae827d28f34241f67baf6ab98b4456a7c77c6fd0a",,"2024-05-07T16:35:00.000","30","NO CONTROLS","NO CONTROLS","CLEAR","DAYLIGHT","SIDESWIPE SAME DIRECTION","NOT DIVIDED",,"STRAIGHT AND LEVEL","WET","NO DEFECTS",,"NO INJURY / DRIVE AWAY","Y",,"Y","$501 - $1,500","2024-05-07T17:04:00.000","IMPROPER OVERTAKING/PASSING","DRIVING ON WRONG SIDE/WRONG WAY","5800","S","DR MARTIN LUTHER KING JR DR","232",,,,,,,"2","NO INDICATION OF INJURY","0","0","0","0","0","3","0","16","3","5","41.789260658","-87.615992035","POINT (-87.615992034708 41.78926065823)"
"927e8746abbab32148247098943009fc5d1bd4a76c68eb7db38278ee220f7a6698855838b553fe99e6f921b60652c00d7f952d4a6e7dccda742a2f952ddab256",,"2024-05-07T16:34:00.000","30","TRAFFIC SIGNAL","FUNCTIONING PROPERLY","CLOUDY/OVERCAST","DAYLIGHT","REAR END","DIVIDED - W/MEDIAN BARRIER",,"STRAIGHT AND LEVEL","WET","NO DEFECTS","ON SCENE","INJURY AND / OR TOW DUE TO CRASH","Y",,"Y","OVER $1,500","2024-05-07T16:49:00.000","FOLLOWING TOO CLOSELY","UNABLE TO DETERMINE","9500","S","HALSTED ST","2223",,,,,,,"2","NONINCAPACITATING INJURY","1","0","0","1","0","1","0","16","3","5","41.721365061","-87.643358042","POINT (-87.643358042341 41.721365060783)"
"07ec1997a4f046016347fcc034a9bd4199cb60250a71106b32ca9e42880bbb8eb04dde03a1f2f991c7635c7f0ca9fb462bad6086c35706ad63b2ba0ae68ac56b",,"2024-05-07T16:30:00.000","30","NO CONTROLS","NO CONTROLS","CLEAR","DAYLIGHT","SIDESWIPE SAME DIRECTION","NOT DIVIDED",,"STRAIGHT AND LEVEL","WET","NO DEFECTS","ON SCENE","INJURY AND / OR TOW DUE TO CRASH",,,,"$500 OR LESS","2024-05-07T16:32:00.000","IMPROPER LANE USAGE","NOT APPLICABLE","5100","S","KIMBARK AVE","234",,,,,,,"2","REPORTED, NOT EVIDENT","1","0","0","0","1","2","0","16","3","5","41.802310031","-87.595238416","POINT (-87.595238416275 41.802310030986)"
"d3b1e518cbf3d80fc6d8cc55f125da2fe0748a21cd5d4eb4620525378028951dca08e81b779869eca01e592a3127a594e6cdd042f2761563ab35a0226ee68c07",,"2024-05-07T16:30:00.000","30","NO CONTROLS","NO CONTROLS","CLEAR","DAYLIGHT","REAR END","NOT DIVIDED",,"STRAIGHT AND LEVEL","DRY","NO DEFECTS","NOT ON SCENE (DESK REPORT)","NO INJURY / DRIVE AWAY",,,"Y","OVER $1,500","2024-05-07T17:33:00.000","NOT APPLICABLE","NOT APPLICABLE","819","E","82ND ST","631",,,,,,,"2","NO INDICATION OF INJURY","0","0","0","0","0","2","0","16","3","5","41.745696976","-87.604225808","POINT (-87.604225807664 41.745696976124)"
"daa0d1843965d1ef6a3bf213b2f576191b9369cfa55b869c5dadb9ed17120fd842b95e0a2b1a5d797b085bc5481c2aba820a56e5e8a403e1c03e22387020f689",,"2024-05-07T16:30:00.000","30","TRAFFIC SIGNAL","FUNCTIONING PROPERLY","CLEAR","DAYLIGHT","ANGLE","FOUR WAY",,"STRAIGHT AND LEVEL","UNKNOWN","UNKNOWN","ON SCENE","INJURY AND / OR TOW DUE TO CRASH","Y",,"Y","OVER $1,500","2024-05-07T16:35:00.000","UNABLE TO DETERMINE","UNABLE TO DETERMINE","200","N","OAKLEY BLVD","1223",,,,,,,"2","NO INDICATION OF INJURY","0","0","0","0","0","3","0","16","3","5","41.884761346","-87.684210305","POINT (-87.684210305073 41.884761345619)"
"c6d08a767d40f1e7653072e203a191c0d543b12347fd898bef04f7200e0c4b382ab1d8cb6f3d8998c6a1b4c52168ff620d08a7be32563776501fd3fb89c48f54",,"2024-05-07T16:25:00.000","30","NO CONTROLS","NO CONTROLS","CLOUDY/OVERCAST","DAYLIGHT","PEDESTRIAN","NOT DIVIDED",,"STRAIGHT AND LEVEL","WET","NO DEFECTS","NOT ON SCENE (DESK REPORT)","INJURY AND / OR TOW DUE TO CRASH",,,,"OVER $1,500","2024-05-07T17:15:00.000","FAILING TO YIELD RIGHT-OF-WAY","UNABLE TO DETERMINE","37","E","71ST ST","323",,,,,,,"2","INCAPACITATING INJURY","1","0","1","0","0","1","0","16","3","5","41.765430389","-87.623369617","POINT (-87.623369616759 41.76543038945)"
"d897925677b1474343536459acf66a3cdc0d7078a8077ae0819893f2740da989c6c5ae2b47f51245b40e51c0fad86e5389548c2928b44891de89a76e30379c7d",,"2024-05-07T16:24:00.000","30","NO CONTROLS","NO CONTROLS","RAIN","DAYLIGHT","SIDESWIPE SAME DIRECTION","NOT DIVIDED",,"STRAIGHT AND LEVEL","WET","NO DEFECTS","ON SCENE","NO INJURY / DRIVE AWAY",,,,"OVER $1,500","2024-05-07T16:24:00.000","CELL PHONE USE OTHER THAN TEXTING","NOT APPLICABLE","6023","W","BELMONT AVE","2511",,,,,,,"2","NO INDICATION OF INJURY","0","0","0","0","0","2","0","16","3","5","41.938326014","-87.777163123","POINT (-87.777163123467 41.938326014349)"
"85f3d81d01a16c0236035c36edc6b3bc3a287ade5080b2fc58e79a947d89f3ea2d5ead1057e9f5a7515a536970f26bb6686cabd4fafb622a12f4c0efa6a952c9",,"2024-05-07T16:20:00.000","25","TRAFFIC SIGNAL","FUNCTIONING PROPERLY","UNKNOWN","UNKNOWN","REAR TO SIDE","UNKNOWN",,"STRAIGHT AND LEVEL","UNKNOWN","UNKNOWN","NOT ON SCENE (DESK REPORT)","NO INJURY / DRIVE AWAY","Y",,,"OVER $1,500","2024-05-08T11:07:00.000","NOT APPLICABLE","NOT APPLICABLE","450","E","MARQUETTE RD","312",,,,,,,"2","NO INDICATION OF INJURY","0","0","0","0","0","2","0","16","3","5","41.77311568","-87.613443693","POINT (-87.613443692725 41.773115679755)"
"90be81e71fd1508de0d9d117ca4151bfd3979aae4bdc752ebc8e79ea9edf0a84dc081ef470322755ab232dcaf0a6422f4700106f60ff46bb8ab9358e906c674a",,"2024-05-07T16:20:00.000","25","NO CONTROLS","NO CONTROLS","CLEAR","DAYLIGHT","SIDESWIPE SAME DIRECTION","NOT DIVIDED",,"STRAIGHT AND LEVEL","DRY","NO DEFECTS","NOT ON SCENE (DESK REPORT)","NO INJURY / DRIVE AWAY",,,,"OVER $1,500","2024-05-07T16:41:00.000","DISREGARDING ROAD MARKINGS","UNABLE TO DETERMINE","2713","W","OGDEN AVE","1023",,,,,,,"2","NO INDICATION OF INJURY","0","0","0","0","0","2","0","16","3","5","41.861893146","-87.693781247","POINT (-87.693781246848 41.861893145528)"
"8a39ba4af555631b23b67d59b6c2e0e4ca38bead511914cfe315a759ac8ee4d4dc5e6142d1c858454d3eb7148d35d2d6aab597ed91dd9830a678999150fa9e8e",,"2024-05-07T16:15:00.000","30","NO CONTROLS","NO CONTROLS","RAIN","DAYLIGHT","SIDESWIPE SAME DIRECTION","DIVIDED - W/MEDIAN (NOT RAISED)",,"STRAIGHT AND LEVEL","WET","NO DEFECTS","NOT ON SCENE (DESK REPORT)","NO INJURY / DRIVE AWAY",,,,"$501 - $1,500","2024-05-07T20:57:00.000","IMPROPER OVERTAKING/PASSING","IMPROPER OVERTAKING/PASSING","107","E","95TH ST","511",,,,,,,"2","NO INDICATION OF INJURY","0","0","0","0","0","2","0","16","3","5","41.721678447","-87.62023669","POINT (-87.620236689695 41.721678447033)"
"9b9f134816547e3f1021e42ed131b5a3371800ec2014a26fdcdca746a75f764b2a3e92c19f68e8ffde4c953b090a62fa01a72f90b0574eed4455a296b33134a1",,"2024-05-07T16:15:00.000","30","TRAFFIC SIGNAL","FUNCTIONING PROPERLY","CLEAR","DAYLIGHT","REAR END","DIVIDED - W/MEDIAN (NOT RAISED)",,"STRAIGHT AND LEVEL","WET","NO DEFECTS","NOT ON SCENE (DESK REPORT)","NO INJURY / DRIVE AWAY","Y",,,"$501 - $1,500","2024-05-07T17:45:00.000","EQUIPMENT - VEHICLE CONDITION","WEATHER","6700","S","WOOD ST","726",,,,,,,"2","NO INDICATION OF INJURY","0","0","0","0","0","3","0","16","3","5","41.772030333","-87.669019025","POINT (-87.669019025177 41.77203033286)"
"afd90a773a371ea40a091144e328a7cb745dd102d7e43a6b2c34a8b2d611c8acefd89fe72fded258b60eb4804860490b0892e97f33b41e2baba5d8384c2ccbf1",,"2024-05-07T16:15:00.000","30","TRAFFIC SIGNAL","UNKNOWN","UNKNOWN","DAYLIGHT","TURNING","FOUR WAY",,"STRAIGHT AND LEVEL","WET","UNKNOWN","ON SCENE","INJURY AND / OR TOW DUE TO CRASH","Y",,,"OVER $1,500","2024-05-07T16:19:00.000","IMPROPER TURNING/NO SIGNAL","UNABLE TO DETERMINE","6301","S","STATE ST","312",,,,,,,"2","NONINCAPACITATING INJURY","2","0","0","2","0","3","0","16","3","5","41.780005004","-87.625229245","POINT (-87.625229244853 41.780005004017)"
"cb8f291af0322ef5e95de7a1618f76332e92434eaaddcefc7ae298df971445c28ba22ac18517cfde80125d944e7691e9d9aeffa13d585de43e636215681f6b52",,"2024-05-07T16:12:00.000","35","NO CONTROLS","NO CONTROLS","CLEAR","DAYLIGHT","REAR END","NOT DIVIDED",,"STRAIGHT AND LEVEL","OTHER","NO DEFECTS","NOT ON SCENE (DESK REPORT)","INJURY AND / OR TOW DUE TO CRASH",,,,"OVER $1,500","2024-05-08T08:25:00.000","FOLLOWING TOO CLOSELY","FAILING TO REDUCE SPEED TO AVOID CRASH","4072","N","OAK PARK AVE","1632",,,,,,,"2","REPORTED, NOT EVIDENT","1","0","0","0","1","3","0","16","3","5","41.954619574","-87.796755858","POINT (-87.796755857664 41.954619573865)"
"edbfcc0bb5a509bb0343cbf840bd320c578f32de835ec73f207903e7c81070d6b9fff76c1f533a03ba6a94c5673c4b3df5d1e2f3264cb67b611f8de8c73bd33b",,"2024-05-07T16:12:00.000","30","TRAFFIC SIGNAL","FUNCTIONING IMPROPERLY","CLEAR","DAYLIGHT","REAR END","NOT DIVIDED",,"STRAIGHT AND LEVEL","DRY","NO DEFECTS","NOT ON SCENE (DESK REPORT)","NO INJURY / DRIVE AWAY",,,,"$501 - $1,500","2024-05-07T16:44:00.000","FOLLOWING TOO CLOSELY","NOT APPLICABLE","5500","S","CICERO AVE","813",,,,,,,"3","NO INDICATION OF INJURY","0","0","0","0","0","5","0","16","3","5","41.792910883","-87.742077343","POINT (-87.742077342959 41.792910883497)"
"da32a7a3d702765306e9a80b59416b17d06d23a6b13d14629f0fdcb346ad9c7b1457f76d946ea65bcc830266a9384fa5e5ba7fa15d7046d8303367f4bf0cb80b",,"2024-05-07T16:10:00.000","30","NO CONTROLS","NO CONTROLS","RAIN","DAYLIGHT","REAR END","NOT DIVIDED",,"STRAIGHT AND LEVEL","WET","NO DEFECTS",,"NO INJURY / DRIVE AWAY",,,,"$501 - $1,500","2024-05-08T09:40:00.000","FOLLOWING TOO CLOSELY","UNABLE TO DETERMINE","2443","N","PULASKI RD","2524",,,,,,,"2","NO INDICATION OF INJURY","0","0","0","0","0","2","0","16","3","5","41.925775237","-87.726661373","POINT (-87.726661372671 41.925775236512)"
"6622d83f122600d34c2ed13bfe13c1bbda78f65ad477acbd4a543130bc6d344b332cc7d76c3e3c4d77f133c61bd67afc9d55058a7d14732cf2d336af14455a18",,"2024-05-07T16:09:00.000","30","STOP SIGN/FLASHER","FUNCTIONING PROPERLY","CLEAR","DAYLIGHT","ANGLE","DIVIDED - W/MEDIAN BARRIER",,"STRAIGHT AND LEVEL","WET","NO DEFECTS","ON SCENE","NO INJURY / DRIVE AWAY","Y",,,"$501 - $1,500","2024-05-07T16:09:00.000","FAILING TO YIELD RIGHT-OF-WAY","FAILING TO YIELD RIGHT-OF-WAY","11608","S","HALSTED ST","524",,,,,,,"2","NO INDICATION OF INJURY","0","0","0","0","0","2","0","16","3","5","41.682855813","-87.642224702","POINT (-87.642224702336 41.682855812855)"
"3cb20a1666a15e048361e7c9a1726702c6a37c4ab9f8b4c6056c9f11a120d7998a93c15b6e7244c45fb49b466e71b9b0112279c52f42a2c9fc6d27ff7effd6cf",,"2024-05-07T16:05:00.000","35","NO CONTROLS","NO CONTROLS","CLEAR","DAYLIGHT","PARKED MOTOR VEHICLE","ONE-WAY",,"STRAIGHT AND LEVEL","DRY","NO DEFECTS","ON SCENE","INJURY AND / OR TOW DUE TO CRASH",,,,"OVER $1,500","2024-05-07T16:56:00.000","PHYSICAL CONDITION OF DRIVER","UNABLE TO DETERMINE","3206","N","MAJOR AVE","1633",,,,,,,"2","INCAPACITATING INJURY","1","0","1","0","0","0","0","16","3","5","41.938775841","-87.769086671","POINT (-87.769086670669 41.938775841423)"
"2cb4487b56069169a0dd9100a344877ce28ab85036acb21d9c997556ceb2b51416e9ee06ded31dcb2e0ed4481a2fc85816c3dc4a8ebe6f4d17040ddf98de19d5",,"2024-05-07T16:00:00.000","3","NO CONTROLS","NO CONTROLS","CLEAR","DAYLIGHT","TURNING","DIVIDED - W/MEDIAN BARRIER",,"STRAIGHT AND LEVEL","WET","NO DEFECTS","ON SCENE","NO INJURY / DRIVE AWAY",,,"Y","$501 - $1,500","2024-05-07T16:05:00.000","DRIVING SKILLS/KNOWLEDGE/EXPERIENCE","NOT APPLICABLE","2223","W","JACKSON BLVD","1225",,,,,,,"2","NO INDICATION OF INJURY","0","0","0","0","0","2","0","16","3","5","41.877486355","-87.682343114","POINT (-87.682343114175 41.877486354506)"
"83b2c10f306c7bc2cc45bc87462a3e3a54539384c66ceecae0933e49a34a0a0e99a29c57549dc52a916d44a4f68a160c8bd2074e8f53575b8a20ee91c8ee6e89",,"2024-05-07T16:00:00.000","30","TRAFFIC SIGNAL","FUNCTIONING PROPERLY","RAIN","DAYLIGHT","SIDESWIPE SAME DIRECTION","NOT DIVIDED",,"STRAIGHT AND LEVEL","UNKNOWN","UNKNOWN","ON SCENE","NO INJURY / DRIVE AWAY",,,"Y","$500 OR LESS","2024-05-07T16:11:00.000","IMPROPER OVERTAKING/PASSING","IMPROPER TURNING/NO SIGNAL","1258","W","DIVISION ST","1433",,,,,,,"2","NO INDICATION OF INJURY","0","0","0","0","0","2","0","16","3","5","41.903583835","-87.659548119","POINT (-87.659548118672 41.90358383546)"
"ad3164defde66fa19b3787d03ba25d894d4c3aed43fd3adfe17bc30c876c7dffc1866719fcaeb82ad4c8db3f3f407fc07e49f6895e4879e3674c82da5d10380b",,"2024-05-07T16:00:00.000","30","NO CONTROLS","NO CONTROLS","CLEAR","DAYLIGHT","REAR END","NOT DIVIDED",,"STRAIGHT AND LEVEL","DRY","NO DEFECTS","NOT ON SCENE (DESK REPORT)","NO INJURY / DRIVE AWAY",,,,"$501 - $1,500","2024-05-07T17:15:00.000","CELL PHONE USE OTHER THAN TEXTING","NOT APPLICABLE","2919","W","FULLERTON AVE","1414","Y",,,,,,"2","NO INDICATION OF INJURY","0","0","0","0","0","2","0","16","3","5","41.924664644","-87.700785092","POINT (-87.700785091575 41.924664643837)"
"f597c72e7e4f65eab7ac8b77e3c0879778aecc6ec3fe1a6635ad5ac4aecaf2ccd16ac6e7b2457dd6dec375f532cb58096cd73680af9717304d78370c377535e9",,"2024-05-07T16:00:00.000","30","NO CONTROLS","NO CONTROLS","CLEAR","DAYLIGHT","SIDESWIPE SAME DIRECTION","NOT DIVIDED",,"STRAIGHT AND LEVEL","WET","NO DEFECTS","NOT ON SCENE (DESK REPORT)","NO INJURY / DRIVE AWAY",,,,"$501 - $1,500","2024-05-07T18:23:00.000","UNABLE TO DETERMINE","NOT APPLICABLE","4810","W","65TH ST","813",,,,,,,"2","NO INDICATION OF INJURY","0","0","0","0","0","2","0","16","3","5","41.774869086","-87.742691248","POINT (-87.742691248117 41.774869086042)"
"92fb22ea2005ccb0b2806475d4515581b7912e7dbf13c4b0fe41359087f93f871d27805a639f97409c65e479deb22e23a661ada386299d48acf0337d0b533d4d",,"2024-05-07T15:57:00.000","30","NO CONTROLS","NO CONTROLS","CLEAR","DAYLIGHT","SIDESWIPE SAME DIRECTION","NOT DIVIDED",,"STRAIGHT AND LEVEL","DRY","NO DEFECTS","NOT ON SCENE (DESK REPORT)","NO INJURY / DRIVE AWAY",,,"Y","$501 - $1,500","2024-05-07T17:11:00.000","IMPROPER OVERTAKING/PASSING","IMPROPER OVERTAKING/PASSING","404","E","115TH ST","531",,,,,,,"2","NO INDICATION OF INJURY","0","0","0","0","0","2","0","15","3","5","41.68553759","-87.612929193","POINT (-87.612929193198 41.68553759012)"
"e8fed360457f0f23f4ef9e68154c0ec976567f7d9c286d01140cb3d673a14993355a3d02cf9adfdd2c88fb9f9cb1f51ae1aeb580e33bef97912dafe3842c6d0b",,"2024-05-07T15:55:00.000","30","NO CONTROLS","NO CONTROLS","CLEAR","DAYLIGHT","REAR TO FRONT","NOT DIVIDED",,"STRAIGHT AND LEVEL","WET","UNKNOWN","NOT ON SCENE (DESK REPORT)","INJURY AND / OR TOW DUE TO CRASH","Y",,"Y","OVER $1,500","2024-05-07T16:45:00.000","IMPROPER BACKING","NOT APPLICABLE","4433","W","FIFTH AVE","1131",,,,,,,"2","REPORTED, NOT EVIDENT","3","0","0","0","3","3","0","15","3","5","41.869870272","-87.736242087","POINT (-87.736242086966 41.869870272407)"
"7b48c9e892baa1de54e7c2b3a56f1b5ce644b61b5bec7ddc36172794190796803d525f523f45eb137a994d963c92ec54f4081092d630ebda7cc037fc84367d7d",,"2024-05-07T15:53:00.000","30","NO CONTROLS","NO CONTROLS","CLEAR","DAYLIGHT","SIDESWIPE SAME DIRECTION","NOT DIVIDED",,"STRAIGHT AND LEVEL","DRY","NO DEFECTS","ON SCENE","NO INJURY / DRIVE AWAY",,,,"$500 OR LESS","2024-05-07T15:55:00.000","IMPROPER OVERTAKING/PASSING","IMPROPER OVERTAKING/PASSING","1700","S","KOSTNER AVE","1012",,,,,,,"2","NO INDICATION OF INJURY","0","0","0","0","0","2","0","15","3","5","41.856942955","-87.734826344","POINT (-87.734826343722 41.856942955329)"