"crash_record_id","crash_date_est_i","crash_date","posted_speed_limit","traffic_control_device","device_condition","weather_condition","lighting_condition","first_crash_type","trafficway_type","lane_cnt","alignment","roadway_surface_cond","road_defect","report_type","crash_type","intersection_related_i","private_property_i","hit_and_run_i","damage","date_police_notified","prim_contributory_cause","sec_contributory_cause","street_no","street_direction","street_name","beat_of_occurrence","photos_taken_i","statements_taken_i","dooring_i","work_zone_i","work_zone_type","workers_present_i","num_units","most_severe_injury","injuries_total","injuries_fatal","injuries_incapacitating","injuries_non_incapacitating","injuries_reported_not_evident","injuries_no_indication","injuries_unknown","crash_hour","crash_day_of_week","crash_month","latitude","longitude","location"
"8613c1909119252590db804af6b6b436eccd4b8407e00cc094bf6bcb80e4f1be1605a6099e662ea87d232b332e6c18e668dc27d86bd96ab4cef912066a35e227",,"2024-05-07T15:52:00.000","30","NO CONTROLS","NO CONTROLS","CLEAR","DAYLIGHT","SIDESWIPE SAME DIRECTION","NOT DIVIDED",,"STRAIGHT AND LEVEL","DRY","NO DEFECTS","NOT ON SCENE (DESK REPORT)","NO INJURY / DRIVE AWAY",,,,"$501 - $1,500","2024-05-07T16:25:00.000","DRIVING SKILLS/KNOWLEDGE/EXPERIENCE","UNABLE TO DETERMINE","5243","N","WESTERN AVE","2012",,,,,,,"2","NO INDICATION OF INJURY","0","0","0","0","0","2","0","15","3","5","41.977160002","-87.689052732","POINT (-87.689052731827 41.977160001518)"
"727b0b4bd56d315cb3801d10ebf0543bc0edb3f17042870c04405251329b295a18aa23aacb63acd3048854a5174de32635f8ec34961c96fcec05f5f53f85e852",,"2024-05-07T15:50:00.000","30","STOP SIGN/FLASHER","UNKNOWN","RAIN","DAYLIGHT","ANGLE","UNKNOWN",,"STRAIGHT AND LEVEL","WET","UNKNOWN",,"INJURY AND / OR TOW DUE TO CRASH",,,,"OVER $1,500","2024-05-07T16:20:00.000","UNABLE TO DETERMINE","UNABLE TO DETERMINE","747","W","69TH ST","732",,,,,,,"2","REPORTED, NOT EVIDENT","1","0","0","0","1","1","0","15","3","5","41.768743805","-87.643565981","POINT (-87.643565980504 41.768743805292)"
"7fceed6c54f34c5c0a2354f52e7ea88ece29a51ba7562085d499c45b1990b821d4e94dabbed6c550ee37a745b780552836a9a88cfe7c834fe2e37e367895f2ad",,"2024-05-07T15:50:00.000","30","NO CONTROLS","NO CONTROLS","OTHER","DAYLIGHT","SIDESWIPE SAME DIRECTION","DIVIDED - W/MEDIAN (NOT RAISED)",,"STRAIGHT AND LEVEL","WET","NO DEFECTS","NOT ON SCENE (DESK REPORT)","NO INJURY / DRIVE AWAY",,,,"$500 OR LESS","2024-05-07T21:20:00.000","UNABLE TO DETERMINE","NOT APPLICABLE","4500","S","KEDZIE AVE","821",,,,,,,"2","NO INDICATION OF INJURY","0","0","0","0","0","2","0","15","3","5","41.811600339","-87.704257223","POINT (-87.704257223316 41.811600339039)"
"b91e52d7c4284fb3dc7dd57b91a414c979acf31e58e59b68a44852a314e4b250e289cb0d62c3d8470e914a75a6c2110284f8edcd6a8519e46472d07c5abb985b","Y","2024-05-07T15:50:00.000","30","UNKNOWN","UNKNOWN","UNKNOWN","DAYLIGHT","SIDESWIPE OPPOSITE DIRECTION","NOT DIVIDED",,"STRAIGHT AND LEVEL","UNKNOWN","UNKNOWN","ON SCENE","NO INJURY / DRIVE AWAY",,,,"$501 - $1,500","2024-05-07T16:02:00.000","UNABLE TO DETERMINE","NOT APPLICABLE","2344","W","BARRY AVE","1931",,,,,,,"2","NO INDICATION OF INJURY","0","0","0","0","0","3","0","15","3","5","41.937750353","-87.687271543","POINT (-87.687271542796 41.937750353379)"
"f9d2d724d4c52f749a2889758758a50ef9ad807fa0b97059ea03d76147ef42293431ddd638b7451c7fbb04e8c37a662c3211e55a3789a9bed4fea0d6c49e6241",,"2024-05-07T15:50:00.000","40","TRAFFIC SIGNAL","FUNCTIONING PROPERLY","CLEAR","DAYLIGHT","REAR END","DIVIDED - W/MEDIAN BARRIER",,"STRAIGHT AND LEVEL","DRY","NO DEFECTS","NOT ON SCENE (DESK REPORT)","NO INJURY / DRIVE AWAY",,,,"$500 OR LESS","2024-05-07T17:50:00.000","FOLLOWING TOO CLOSELY","FOLLOWING TOO CLOSELY","114","S","LAKE SHORE DR SB","114",,,,,,,"2","NO INDICATION OF INJURY","0","0","0","0","0","2","0","15","3","5","41.880532312","-87.617637551","POINT (-87.617637551294 41.880532311805)"
"312ccdd1b8205102aba0dc8e38cf4d46e8dab4d616fd11032ac8d05dfcc4ad0bdb0b0b850d58f5bed7cbb2191ae0f52cc84f83360544df6f652d9bc4825c9bdb",,"2024-05-07T15:49:00.000","30","TRAFFIC SIGNAL","FUNCTIONING PROPERLY","CLEAR","DAYLIGHT","TURNING","NOT REPORTED",,"STRAIGHT AND LEVEL","DRY","NO DEFECTS","NOT ON SCENE (DESK REPORT)","NO INJURY / DRIVE AWAY","Y",,,"OVER $1,500","2024-05-07T16:10:00.000","IMPROPER LANE USAGE","NOT APPLICABLE","400","S","LOOMIS ST","1231",,,,,,,"2","NO INDICATION OF INJURY","0","0","0","0","0","2","0","15","3","5","41.876421196","-87.661999453","POINT (-87.661999453468 41.876421195618)"
"5f3f732f9665afaad5aa65622f424484c0f12aa03dd139015b0a67f8d58a8e7e3a3f027fb9733a64bc47e90e846ca8f553a833377061ad316364b1b94afae204",,"2024-05-07T15:49:00.000","30","NO CONTROLS","NO CONTROLS","RAIN","DAYLIGHT","TURNING","NOT DIVIDED",,"STRAIGHT AND LEVEL","WET","NO DEFECTS","ON SCENE","INJURY AND / OR TOW DUE TO CRASH",,,,"OVER $1,500","2024-05-07T15:49:00.000","UNABLE TO DETERMINE","NOT APPLICABLE","2508","E","75TH ST","334",,,,,,,"2","NONINCAPACITATING INJURY","2","0","0","2","0","2","0","15","3","5","41.759144702","-87.562680878","POINT (-87.562680878071 41.759144702488)"
"2d51040b2bdbb745d8db2b88663b540692e4854817683343985a1dea753ce621e7512323fe5cbf3b243e8633fd0d7eae1c95246d58b12431d94ca5a6f95e679b",,"2024-05-07T15:45:00.000","25","NO CONTROLS","NO CONTROLS","RAIN","DAYLIGHT","PARKED MOTOR VEHICLE","DIVIDED - W/MEDIAN BARRIER",,"STRAIGHT AND LEVEL","WET","NO DEFECTS","ON SCENE","NO INJURY / DRIVE AWAY",,,,"$501 - $1,500","2024-05-07T15:46:00.000","IMPROPER OVERTAKING/PASSING","FOLLOWING TOO CLOSELY","1249","W","95TH ST","2213",,,,,,,"2","NO INDICATION OF INJURY","0","0","0","0","0","1","0","15","3","5","41.72120552","-87.654926177","POINT (-87.654926176847 41.721205519591)"
"2aa23934997f941bdee9823eb737e59449706f1aba92e892b514bb77c4569c39285e090ab8f31820d551bc2577ea4da589a19260c5b9ee7f99c17d0336998d50",,"2024-05-07T15:43:00.000","30","STOP SIGN/FLASHER","NO CONTROLS","CLEAR","DAYLIGHT","TURNING","PARKING LOT",,"STRAIGHT AND LEVEL","WET","NO DEFECTS","ON SCENE","NO INJURY / DRIVE AWAY",,,,"OVER $1,500","2024-05-07T15:59:00.000","FAILING TO YIELD RIGHT-OF-WAY","FAILING TO YIELD RIGHT-OF-WAY","6432","W","DIVERSEY AVE","2511",,,,,,,"2","NO INDICATION OF INJURY","0","0","0","0","0","5","0","15","3","5","41.931078473","-87.787052187","POINT (-87.787052187091 41.931078473353)"
"0969b9233383a759d70c52fabcd0e148d8dee6a3bf15b1642c716880954ebabd4e2b130a341de30cc21cf82329a53d1c6d45516ba370fde39f976de2c03274b8",,"2024-05-07T15:40:00.000","25","TRAFFIC SIGNAL","FUNCTIONING PROPERLY","CLEAR","DAYLIGHT","PARKED MOTOR VEHICLE","FOUR WAY",,"STRAIGHT AND LEVEL","DRY","NO DEFECTS","ON SCENE","NO INJURY / DRIVE AWAY",,,,"$501 - $1,500","2024-05-07T15:54:00.000","IMPROPER TURNING/NO SIGNAL","DRIVING SKILLS/KNOWLEDGE/EXPERIENCE","3801","W","AUGUSTA BLVD","1112",,,,,,,"2","NO INDICATION OF INJURY","0","0","0","0","0","2","0","15","3","5","41.898953023","-87.721373141","POINT (-87.721373140994 41.898953023039)"
"9d16b6d28c9c0c2d55108ac63298008dad412230f8c64794a0d22487598954a127ee05902f51e819be6742582d3356d09d002d34d319b0dd69dff169f05aaa4d",,"2024-05-07T15:40:00.000","30","NO CONTROLS","NO CONTROLS","RAIN","DAYLIGHT","REAR END","NOT DIVIDED",,"STRAIGHT AND LEVEL","WET","NO DEFECTS",,"NO INJURY / DRIVE AWAY",,,"Y","OVER $1,500","2024-05-07T17:34:00.000","FOLLOWING TOO CLOSELY","FOLLOWING TOO CLOSELY","10300","S","MICHIGAN AVE","512",,,,,,,"3","NO INDICATION OF INJURY","0","0","0","0","0","3","0","15","3","5","41.707182175","-87.620361492","POINT (-87.620361492183 41.707182175387)"
"02aff071b57e987a505c428963a1febdccd4a374e7813b60e6434e425216960537ed30a07b45f2c952b6a124051e5e01bf81d06228e8ad16043c9cadb13d2a1b",,"2024-05-07T15:38:00.000","20","NO CONTROLS","NO CONTROLS","FREEZING RAIN/DRIZZLE","DAYLIGHT","REAR END","NOT DIVIDED",,"STRAIGHT AND LEVEL","WET","NO DEFECTS","ON SCENE","NO INJURY / DRIVE AWAY",,,,"OVER $1,500","2024-05-07T15:38:00.000","FOLLOWING TOO CLOSELY","NOT APPLICABLE","1980","W","76TH ST","611",,"Y",,,,,"2","NO INDICATION OF INJURY","0","0","0","0","0","2","0","15","3","5","41.755803801","-87.673232706","POINT (-87.673232705986 41.755803801009)"
"80ef949f8afc30af2c7a650b140b88b01d4126ed72815a192442f44d10fe1b3cf610c488d7609efa2654b063ce48bc7a991f10088b757095383a8370c726333b",,"2024-05-07T15:35:00.000","25","NO CONTROLS","NO CONTROLS","CLEAR","DAYLIGHT","SIDESWIPE SAME DIRECTION","DIVIDED - W/MEDIAN (NOT RAISED)",,"STRAIGHT AND LEVEL","DRY","NO DEFECTS","ON SCENE","NO INJURY / DRIVE AWAY",,,"Y","$500 OR LESS","2024-05-07T15:35:00.000","NOT APPLICABLE","NOT APPLICABLE","2560","W","JACKSON BLVD","1125",,,,,,,"2","NO INDICATION OF INJURY","0","0","0","0","0","4","0","15","3","5","41.877604869","-87.691113731","POINT (-87.691113730966 41.877604869258)"
"04945f9d19da8787776c222b20eb883cd1ad82e6e55afa0715c93f23cf40588cd905e096616f61e29088f2b7604913e179fd6296efc4f2c5a8b5c5462ba7d658",,"2024-05-07T15:30:00.000","30","NO CONTROLS","NO CONTROLS","CLEAR","DAYLIGHT","REAR END","NOT DIVIDED",,"STRAIGHT AND LEVEL","DRY","NO DEFECTS","NOT ON SCENE (DESK REPORT)","NO INJURY / DRIVE AWAY",,,,"OVER $1,500","2024-05-07T16:43:00.000","FOLLOWING TOO CLOSELY","FOLLOWING TOO CLOSELY","6500","S","DR MARTIN LUTHER KING JR DR","312",,,,,,,"2","NO INDICATION OF INJURY","0","0","0","0","0","4","0","15","3","5","41.776510617","-87.61567986","POINT (-87.615679859657 41.776510617137)"
"102a4c91dc79c301ac57bf663a950b2021e22220bc3b4f1c43b45bfadd079b0f9033c89972b92c08eee1910a95adc5a44c2ded65a1a02c75ab04c7eb4304a49b",,"2024-05-07T15:30:00.000","25","TRAFFIC SIGNAL","FUNCTIONING PROPERLY","CLEAR","DAYLIGHT","PARKED MOTOR VEHICLE","NOT DIVIDED",,"STRAIGHT AND LEVEL","WET","NO DEFECTS","ON SCENE","NO INJURY / DRIVE AWAY",,,"Y","OVER $1,500","2024-05-07T15:40:00.000","UNABLE TO DETERMINE","NOT APPLICABLE","1346","E","53RD ST","234",,,,,,,"2","NO INDICATION OF INJURY","0","0","0","0","0","1","0","15","3","5","41.799602744","-87.593152005","POINT (-87.593152005282 41.799602743547)"
"2ba71497f4fd5dff6460639d64744ee89d0566fbed37c1469f9c25330bc2669f4a11ef4ffc9b479ef3aeb2dc9c4491b767656190f03dbc8cac5f6cb4148e7e68","N","2024-05-07T15:30:00.000","30","TRAFFIC SIGNAL","FUNCTIONING PROPERLY","CLEAR","DAYLIGHT","REAR END","NOT DIVIDED",,"STRAIGHT AND LEVEL","UNKNOWN","UNKNOWN","NOT ON SCENE (DESK REPORT)","NO INJURY / DRIVE AWAY",,,,"$501 - $1,500","2024-05-08T17:07:00.000","UNABLE TO DETERMINE","UNABLE TO DETERMINE","8120","S","SOUTH CHICAGO AVE","414",,,,,,,"2","NO INDICATION OF INJURY","0","0","0","0","0","2","0","15","3","5","41.74711444","-87.579694932","POINT (-87.579694932262 41.747114440457)"
"625beb96639003c34eb056cd1dac3ab64fd80238302e3d67438b7e4dda3b390f8a77b27ee2ff7117bc43e58901b57150713756f04bc37db3826e85c8735aa0aa",,"2024-05-07T15:30:00.000","30","NO CONTROLS","NO CONTROLS","CLEAR","DAYLIGHT","REAR END","DIVIDED - W/MEDIAN (NOT RAISED)",,"STRAIGHT AND LEVEL","WET","NO DEFECTS","NOT ON SCENE (DESK REPORT)","INJURY AND / OR TOW DUE TO CRASH",,,,"OVER $1,500","2024-05-08T17:20:00.000","FOLLOWING TOO CLOSELY","UNABLE TO DETERMINE","2200","N","KEDZIE BLVD","1413",,,,,,,"2","NONINCAPACITATING INJURY","1","0","0","1","0","1","0","15","3","5","41.921061875","-87.707242778","POINT (-87.707242778437 41.921061875439)"
"d304f1c76cb7ccab00f6301bde3075a591ee09f7a84f6df917210c46afcac43aad61d38f9c92d39ca5fb6833de7548d658cc9f3a3eceba04f01e3a0e921917f3",,"2024-05-07T15:30:00.000","35","NO CONTROLS","NO CONTROLS","RAIN","DAYLIGHT","REAR END","NOT DIVIDED",,"STRAIGHT AND LEVEL","WET","NO DEFECTS","ON SCENE","INJURY AND / OR TOW DUE TO CRASH",,,,"OVER $1,500","2024-05-07T15:35:00.000","FAILING TO REDUCE SPEED TO AVOID CRASH","NOT APPLICABLE","6526","W","ARCHER AVE","811",,,,,,,"2","NO INDICATION OF INJURY","0","0","0","0","0","2","0","15","3","5","41.792383326","-87.785412617","POINT (-87.785412616666 41.792383325981)"
"f8d643ee06f99cbdb146e81d6d9bbb44d520279e76f3e70f5602dbda3665cc73d78cfdc7f703c42c83ae7998c66a7d9b1d9a66b843f88508b3d8eaf7828a70cf",,"2024-05-07T15:30:00.000","30","UNKNOWN","UNKNOWN","CLEAR","DAYLIGHT","SIDESWIPE SAME DIRECTION","UNKNOWN",,"STRAIGHT AND LEVEL","DRY","UNKNOWN","NOT ON SCENE (DESK REPORT)","NO INJURY / DRIVE AWAY",,,,"OVER $1,500","2024-05-07T17:15:00.000","UNABLE TO DETERMINE","UNABLE TO DETERMINE","1734","W","47TH ST","924",,,,,,,"2","NO INDICATION OF INJURY","0","0","0","0","0","2","0","15","3","5","41.808677494","-87.668757783","POINT (-87.668757783287 41.808677493921)"
"1a64dda96dfbafb415519ee44ac28104656754bb6baae7df38be7ad9153b4cdddc1e80fb32795e970825dcfb181accd0d9e89859692fdcf3d8bdbc935f36eb78",,"2024-05-07T15:25:00.000","30","TRAFFIC SIGNAL","FUNCTIONING PROPERLY","RAIN","DAYLIGHT","REAR END","NOT DIVIDED",,"STRAIGHT AND LEVEL","WET","NO DEFECTS","NOT ON SCENE (DESK REPORT)","INJURY AND / OR TOW DUE TO CRASH",,,"Y","OVER $1,500","2024-05-08T08:25:00.000","FOLLOWING TOO CLOSELY","NOT APPLICABLE","3652","W","CHICAGO AVE","1112",,,,,,,"2","REPORTED, NOT EVIDENT","1","0","0","0","1","1","0","15","3","5","41.895550319","-87.718421044","POINT (-87.71842104358 41.895550318571)"
"4543b6a63fa5ced2f2f5d1c3b54e5db4439d3252da0f392e39258ddbb5edfc48a0f2d6bbdccc1bb7532baaed7b00af8fa3175f54f17d03ffc5b473e6c991ad3a",,"2024-05-07T15:22:00.000","35","NO CONTROLS","UNKNOWN","RAIN","DAYLIGHT","REAR END","FOUR WAY",,"STRAIGHT AND LEVEL","WET","NO DEFECTS","ON SCENE","INJURY AND / OR TOW DUE TO CRASH",,,,"OVER $1,500","2024-05-07T15:25:00.000","UNABLE TO DETERMINE","NOT APPLICABLE","6309","S","DR MARTIN LUTHER KING JR DR","312",,,,,,,"2","NONINCAPACITATING INJURY","2","0","0","2","0","0","0","15","3","5","41.779906701","-87.615469587","POINT (-87.615469587412 41.779906701107)"
"106c859089ad9b6c0ec6aac789d8a0eb6540421bca8aa4d6694206c3881ca779716ce1589d8cdc4d561de54ae88e30b4ba594fd1b82fd29d394f9b0c4a4801b0",,"2024-05-07T15:20:00.000","30","NO CONTROLS","NO CONTROLS","CLEAR","DAYLIGHT","SIDESWIPE SAME DIRECTION","NOT DIVIDED",,"STRAIGHT AND LEVEL","UNKNOWN","UNKNOWN","NOT ON SCENE (DESK REPORT)","NO INJURY / DRIVE AWAY",,,,"OVER $1,500","2024-05-07T23:00:00.000","FAILING TO YIELD RIGHT-OF-WAY","NOT APPLICABLE","2310","W","BELMONT AVE","1921",,,,,,,"2","NO INDICATION OF INJURY","0","0","0","0","0","2","0","15","3","5","41.939587486","-87.68609523","POINT (-87.686095230016 41.939587486024)"
"85eb2e8eeafcd00eaf8f8e99312343e59cb73c55346d8ef1bc6c5cdbf47fae988e75df147701a50888bd6ce324bc2096beb2e10cbdbdde4ee1a41f5718311c6e",,"2024-05-07T15:20:00.000","30","NO CONTROLS","NO CONTROLS","CLEAR","DAYLIGHT","REAR END","DIVIDED - W/MEDIAN (NOT RAISED)",,"STRAIGHT AND LEVEL","WET","UNKNOWN","NOT ON SCENE (DESK REPORT)","NO INJURY / DRIVE AWAY",,,,"OVER $1,500","2024-05-07T15:20:00.000","UNABLE TO DETERMINE","NOT APPLICABLE","4820","W","MONTROSE AVE","1623",,,,,,,"2","NO INDICATION OF INJURY","0","0","0","0","0","4","0","15","3","5","41.960819676","-87.74838519","POINT (-87.748385189946 41.96081967644)"
"f92d8af275ab4236242fd994dae87faabe00c75554e1881d2c95857e37aea2b27c7ee228ac2cc0c8ce6dbc95cfa4c9b9857e038059695dc10d9c5dc3722e1409",,"2024-05-07T15:20:00.000","30","NO CONTROLS","NO CONTROLS","FREEZING RAIN/DRIZZLE","DAYLIGHT","REAR END","NOT DIVIDED",,"STRAIGHT AND LEVEL","WET","UNKNOWN","NOT ON SCENE (DESK REPORT)","NO INJURY / DRIVE AWAY",,,,"$501 - $1,500","2024-05-07T15:50:00.000","UNABLE TO DETERMINE","UNABLE TO DETERMINE","3120","W","DIVERSEY AVE","1411",,,,,,,"2","NO INDICATION OF INJURY","0","0","0","0","0","2","0","15","3","5","41.932145691","-87.705888501","POINT (-87.705888501482 41.932145691023)"
"9bfc6ad18f8f87deca74b4e4b622acc03d16ff8536516da54ffe2f1370006f57fe4e091f6bb1476e7b7facc8c0c34829855c18e3f9ca95ff6a49d250acda059b",,"2024-05-07T15:17:00.000","30","NO CONTROLS","NO CONTROLS","RAIN","DAYLIGHT","REAR END","NOT DIVIDED",,"STRAIGHT AND LEVEL","WET","NO DEFECTS","NOT ON SCENE (DESK REPORT)","NO INJURY / DRIVE AWAY",,,,"OVER $1,500","2024-05-07T15:17:00.000","FAILING TO YIELD RIGHT-OF-WAY","WEATHER","1316","W","111TH ST","2234",,,,,,,"2","NO INDICATION OF INJURY","0","0","0","0","0","2","0","15","3","5","41.692311359","-87.655268247","POINT (-87.655268246868 41.692311358901)"
"36d98ff5e935f675749f807c39a2e236a3e222d0cae11482b58fb1ce7a26371d1fb85822fcef6b0191d3481dc21f03d9be9088b929974b66b95fee1134f1f97b","Y","2024-05-07T15:15:00.000","30","NO CONTROLS","NO CONTROLS","RAIN","DAYLIGHT","TURNING","FOUR WAY",,"STRAIGHT AND LEVEL","WET","NO DEFECTS","ON SCENE","INJURY AND / OR TOW DUE TO CRASH","Y",,"Y","OVER $1,500","2024-05-07T15:19:00.000","DISREGARDING TRAFFIC SIGNALS","NOT APPLICABLE","7100","S","LOOMIS BLVD","734",,,,,,,"2","NONINCAPACITATING INJURY","1","0","0","1","0","2","0","15","3","5","41.764933541","-87.659112807","POINT (-87.659112806662 41.764933541062)"
"94c860935e37b2b3894e6b402b2094053588fef41368963005051c300698dfea0b0339fb0e752f61fb970ec66bdcd39f6e9c38ebaa6d040c6a6e99e7f306eb90",,"2024-05-07T15:15:00.000","30","STOP SIGN/FLASHER","NO CONTROLS","UNKNOWN","DAYLIGHT","ANGLE","NOT DIVIDED",,"STRAIGHT AND LEVEL","UNKNOWN","NO DEFECTS","NOT ON SCENE (DESK REPORT)","NO INJURY / DRIVE AWAY",,,,"OVER $1,500","2024-05-07T17:36:00.000","FAILING TO YIELD RIGHT-OF-WAY","FAILING TO YIELD RIGHT-OF-WAY","5500","S","MOZART ST","824",,,,,,,"2","NO INDICATION OF INJURY","0","0","0","0","0","3","0","15","3","5","41.793577214","-87.69516298","POINT (-87.695162980165 41.793577213605)"
"6659d0c8af097128f5093a265efcdeac77a3d491e2269d5f50a2cac170d0a53a07494195f73bcafe401289f0259ccd0e78c228f9998899e0bef5ef96eaba6e90",,"2024-05-07T15:12:00.000","30","NO CONTROLS","NO CONTROLS","RAIN","DAYLIGHT","SIDESWIPE OPPOSITE DIRECTION","NOT DIVIDED",,"STRAIGHT AND LEVEL","WET","NO DEFECTS","ON SCENE","NO INJURY / DRIVE AWAY",,,,"OVER $1,500","2024-05-07T15:14:00.000","WEATHER","NOT APPLICABLE","3834","S","PULASKI RD","815",,,,,,,"2","NO INDICATION OF INJURY","0","0","0","0","0","2","0","15","3","5","41.823263074","-87.724203371","POINT (-87.7242033708 41.823263073704)"
"6e8bdd4ad55320fe71667522e33ce41b6de9353b873d2a7b5ec1f71227f37a5a1af6b6f2e1075d667eac0964d5c38fac2f23ca593b0fca66aafc914b71f27fe7",,"2024-05-07T15:10:00.000","45","NO CONTROLS","NO CONTROLS","CLEAR","DAYLIGHT","REAR END","DIVIDED - W/MEDIAN BARRIER",,"STRAIGHT AND LEVEL","DRY","NO DEFECTS","ON SCENE","INJURY AND / OR TOW DUE TO CRASH",,,,"OVER $1,500","2024-05-07T15:15:00.000","FOLLOWING TOO CLOSELY","FOLLOWING TOO CLOSELY","3301","N","LAKE SHORE DR","1925",,,,,,,"2","NO INDICATION OF INJURY","0","0","0","0","0","3","0","15","3","5","41.94237966","-87.639828638","POINT (-87.63982863849 41.942379660212)"
"80c0a4cd3c6cbe619669802a613e51df7fda4d0cb9ec7012f0ddf75f581589c9421ca22ba459d0aad32a0390d0965d394d3e921a76a33923ee113a2391c12811",,"2024-05-07T15:10:00.000","20","NO CONTROLS","NO CONTROLS","CLEAR","DAYLIGHT","PARKED MOTOR VEHICLE","NOT DIVIDED",,"STRAIGHT AND LEVEL","WET","NO DEFECTS","NOT ON SCENE (DESK REPORT)","NO INJURY / DRIVE AWAY",,,"Y","$500 OR LESS","2024-05-07T15:40:00.000","FAILING TO YIELD RIGHT-OF-WAY","FOLLOWING TOO CLOSELY","1119","E","46TH ST","222",,,,,,,"2","NO INDICATION OF INJURY","0","0","0","0","0","1","0","15","3","5","41.811334452","-87.598500298","POINT (-87.59850029841 41.811334452437)"
"da2e2e5690025b9b71d26dac4e8a881de33b450827a0c160be102546bd1d6dc0d833e3ef58757616a61afc0dd4c578fa5f190b7fff3998fa34c74b61eeea534d",,"2024-05-07T15:09:00.000","25","NO CONTROLS","NO CONTROLS","RAIN","DAYLIGHT","ANGLE","NOT DIVIDED",,"STRAIGHT AND LEVEL","WET","NO DEFECTS","ON SCENE","NO INJURY / DRIVE AWAY","Y",,,"OVER $1,500","2024-05-07T15:09:00.000","UNABLE TO DETERMINE","UNABLE TO DETERMINE","2066","W","LUNT AVE","2411",,,,,,,"2","NO INDICATION OF INJURY","0","0","0","0","0","2","0","15","3","5","42.00903417","-87.682744043","POINT (-87.682744042809 42.009034170019)"
"f5eb550164b2b2893c08c9e8ca9bf4cbb65a9d2bb126c198f0e11aad202944cac1367c02067a0d14344964a32fc36beeb45d4615967d23cc1e951269d588d5e2",,"2024-05-07T15:05:00.000","30","TRAFFIC SIGNAL","FUNCTIONING PROPERLY","CLEAR","DAYLIGHT","REAR END","NOT DIVIDED",,"STRAIGHT AND LEVEL","DRY","NO DEFECTS","NOT ON SCENE (DESK REPORT)","NO INJURY / DRIVE AWAY",,,,"OVER $1,500","2024-05-07T16:40:00.000","FOLLOWING TOO CLOSELY","OPERATING VEHICLE IN ERRATIC, RECKLESS, CARELESS, NEGLIGENT OR AGGRESSIVE MANNER","8300","S","STONY ISLAND AVE","412",,,,,,,"2","NO INDICATION OF INJURY","0","0","0","0","0","2","0","15","3","5","41.744151639","-87.585945067","POINT (-87.585945066953 41.744151639042)"
"b443d7ad50742dfa85eb90a2361a96aad67115c6f0add02088e19c8cdbee866637622d3f4adabf374a94f33d1b6881b9b2ac65b599e61a131b6e173448295a9c",,"2024-05-07T15:02:00.000","30","NO CONTROLS","NO CONTROLS","RAIN","DAYLIGHT","SIDESWIPE SAME DIRECTION","CENTER TURN LANE",,"STRAIGHT AND LEVEL","WET","NO DEFECTS","ON SCENE","INJURY AND / OR TOW DUE TO CRASH",,,,"OVER $1,500","2024-05-07T15:12:00.000","UNABLE TO DETERMINE","NOT APPLICABLE","2010","S","ASHLAND AVE","1234",,,,,,,"2","NO INDICATION OF INJURY","0","0","0","0","0","2","0","15","3","5","41.854705088","-87.66621069","POINT (-87.666210689694 41.854705087675)"
"294f24a6dec399fc1f2d78add2a3e3c29ae531e7096361fa727fb85b468b6dad23e29e627d907df8b36db0ed400abb57165f7b12527fa9cd25d4e3bf2e2785d4",,"2024-05-07T15:00:00.000","30","NO CONTROLS","NO CONTROLS","RAIN","DAYLIGHT","HEAD ON","NOT DIVIDED",,"STRAIGHT ON GRADE","WET","NO DEFECTS","NOT ON SCENE (DESK REPORT)","INJURY AND / OR TOW DUE TO CRASH",,,,"$501 - $1,500","2024-05-07T21:15:00.000","FAILING TO YIELD RIGHT-OF-WAY","NOT APPLICABLE","1045","W","50TH ST","933",,,,,,,"2","NO INDICATION OF INJURY","0","0","0","0","0","2","0","15","3","5","41.803203853","-87.652024737","POINT (-87.652024737283 41.803203852879)"
"33a37784c9eb644eceb1ea6ae9d3434bcf72983e63ce969feaf9ee3c4806ec35aad7b4b8d615eb595163fb68f39eca622cd9d702eb130745c8b58ee871b9d51e",,"2024-05-07T15:00:00.000","30","NO CONTROLS","NO CONTROLS","RAIN","DAYLIGHT","SIDESWIPE SAME DIRECTION","DIVIDED - W/MEDIAN (NOT RAISED)",,"STRAIGHT AND LEVEL","WET","NO DEFECTS","NOT ON SCENE (DESK REPORT)","NO INJURY / DRIVE AWAY",,,,"$501 - $1,500","2024-05-07T15:35:00.000","UNABLE TO DETERMINE","UNABLE TO DETERMINE","1136","W","ROOSEVELT RD","1232",,,,,,,"2","NO INDICATION OF INJURY","0","0","0","0","0","2","0","15","3","5","41.867123506","-87.655598911","POINT (-87.655598911255 41.867123505575)"