"crash_record_id","crash_date_est_i","crash_date","posted_speed_limit","traffic_control_device","device_condition","weather_condition","lighting_condition","first_crash_type","trafficway_type","lane_cnt","alignment","roadway_surface_cond","road_defect","report_type","crash_type","intersection_related_i","private_property_i","hit_and_run_i","damage","date_police_notified","prim_contributory_cause","sec_contributory_cause","street_no","street_direction","street_name","beat_of_occurrence","photos_taken_i","statements_taken_i","dooring_i","work_zone_i","work_zone_type","workers_present_i","num_units","most_severe_injury","injuries_total","injuries_fatal","injuries_incapacitating","injuries_non_incapacitating","injuries_reported_not_evident","injuries_no_indication","injuries_unknown","crash_hour","crash_day_of_week","crash_month","latitude","longitude","location"
"5d7574c21182e0e3ddc741651878f2ef4d1e1538cec5bcff198e9eb0715e1eb15f73b89f05c8cc04680354d1ada3767fc192721d94b886583dc5e2985051f480",,"2024-05-07T15:00:00.000","35","NO CONTROLS","NO CONTROLS","RAIN","DAYLIGHT","TURNING","OTHER",,"STRAIGHT AND LEVEL","WET","UNKNOWN","ON SCENE","INJURY AND / OR TOW DUE TO CRASH",,,"Y","OVER $1,500","2024-05-07T15:56:00.000","FAILING TO YIELD RIGHT-OF-WAY","UNABLE TO DETERMINE","4211","W","FULLERTON AVE","2522",,,,,,,"2","REPORTED, NOT EVIDENT","1","0","0","0","1","1","0","15","3","5","41.924311031","-87.732119124","POINT (-87.732119123645 41.924311030845)"
"6c523e491a9bf32fb4091d6411a5b5d8dec5afdf2a9db9076e843055ca864e959494f304f0ff6755619f6e8ef20e40c3b1f9a21cac674e12adbee673b54fb919",,"2024-05-07T15:00:00.000","30","NO CONTROLS","NO CONTROLS","CLEAR","DAYLIGHT","PARKED MOTOR VEHICLE","DIVIDED - W/MEDIAN BARRIER",,"STRAIGHT AND LEVEL","WET","NO DEFECTS","ON SCENE","NO INJURY / DRIVE AWAY",,,,"OVER $1,500","2024-05-07T15:00:00.000","FOLLOWING TOO CLOSELY","NOT APPLICABLE","111","S","WACKER DR","122",,,,,,,"2","NO INDICATION OF INJURY","0","0","0","0","0","1","0","15","3","5","41.880334099","-87.636580238","POINT (-87.63658023772 41.880334099207)"
"bd2ec6916cf58260fed16c649144144a3e2edd29cebb93e0c640a9a7aa5a19fd68a72514941b3b2d34b3ab3f6a5bae7467a8161bdcf339d6c802ac8400340889",,"2024-05-07T15:00:00.000","30","TRAFFIC SIGNAL","FUNCTIONING PROPERLY","CLEAR","DAYLIGHT","REAR END","NOT DIVIDED",,"STRAIGHT AND LEVEL","DRY","NO DEFECTS","NOT ON SCENE (DESK REPORT)","INJURY AND / OR TOW DUE TO CRASH","Y",,"Y","OVER $1,500","2024-05-07T18:38:00.000","FOLLOWING TOO CLOSELY","DRIVING SKILLS/KNOWLEDGE/EXPERIENCE","4200","W","FULLERTON AVE","2524",,,,,,,"3","NONINCAPACITATING INJURY","2","0","0","2","0","1","0","15","3","5","41.9245348","-87.731730094","POINT (-87.731730093759 41.924534800435)"
"cf6c90d68320856f20229aaa499624be3b6833591e4db43c1cdacac8e0bd3dceb88ddf8a19f524e4b424a3c14a3fe4d4fa78363bdfb8124ac7ab17f5df282850",,"2024-05-07T15:00:00.000","30","TRAFFIC SIGNAL","FUNCTIONING PROPERLY","CLEAR","DAYLIGHT","REAR END","DIVIDED - W/MEDIAN (NOT RAISED)",,"STRAIGHT AND LEVEL","WET","NO DEFECTS","ON SCENE","NO INJURY / DRIVE AWAY",,,,"$501 - $1,500","2024-05-07T15:05:00.000","FOLLOWING TOO CLOSELY","FOLLOWING TOO CLOSELY","3541","N","CICERO AVE","1731",,,,,,,"2","NO INDICATION OF INJURY","0","0","0","0","0","5","0","15","3","5","41.945905064","-87.746907516","POINT (-87.746907515773 41.945905064376)"
"d12ef12bb049981ad4a50df015b4a0ca4e05e2f053626a8f84ff5bdf29735399a0ca6cce0fb9df02903e669fabbc6bd3961840d66e5616a28ffac51e15479b6c",,"2024-05-07T15:00:00.000","20","NO CONTROLS","NO CONTROLS","RAIN","DAYLIGHT","PARKED MOTOR VEHICLE","ONE-WAY",,"STRAIGHT AND LEVEL","WET","NO DEFECTS","ON SCENE","NO INJURY / DRIVE AWAY",,,,"$501 - $1,500","2024-05-07T15:05:00.000","IMPROPER OVERTAKING/PASSING","NOT APPLICABLE","2855","S","RIDGEWAY AVE","1031",,,,,,,"2","NO INDICATION OF INJURY","0","0","0","0","0","6","0","15","3","5","41.839034397","-87.718162785","POINT (-87.718162785493 41.83903439705)"
"d43201eaa0ea1532f605af107b1fbc2cbe06794e83b5b98347bd29d19f9127e94ab2f120725cf02305ae6cb7c31b63fef055bf33a81602e55c6bb10acee9f501",,"2024-05-07T15:00:00.000","5","NO CONTROLS","NO CONTROLS","CLEAR","DAYLIGHT","PARKED MOTOR VEHICLE","PARKING LOT",,"STRAIGHT AND LEVEL","DRY","NO DEFECTS","ON SCENE","NO INJURY / DRIVE AWAY",,,,"OVER $1,500","2024-05-07T18:00:00.000","UNABLE TO DETERMINE","NOT APPLICABLE","655","W","IRVING PARK RD","1925",,,,,,,"2","NO INDICATION OF INJURY","0","0","0","0","0","1","0","15","3","5","41.954493956","-87.647244331","POINT (-87.647244331225 41.954493955562)"
"f0200a4a47a4f70fe0da0d8a6bc20a2271e47c36d0883f2a0c7b5001fb7da953cc3f1f1d3cbf90284ff6b27fa366917d30472b65ce382e9ab293b7c65fb9ab71",,"2024-05-07T15:00:00.000","30","NO CONTROLS","NO CONTROLS","RAIN","DAYLIGHT","SIDESWIPE SAME DIRECTION","NOT DIVIDED",,"STRAIGHT AND LEVEL","UNKNOWN","UNKNOWN","NOT ON SCENE (DESK REPORT)","NO INJURY / DRIVE AWAY",,,,"OVER $1,500","2024-05-07T16:00:00.000","UNABLE TO DETERMINE","NOT APPLICABLE","541","W","82ND ST","622",,,,,,,"2","NO INDICATION OF INJURY","0","0","0","0","0","2","0","15","3","5","41.745067653","-87.637948198","POINT (-87.637948198396 41.745067652947)"
"b13c5a08905e925877b4b4483c3dcb5ec77005a126964f680f1f2ab529cc7c17650a9c6f1c1ae06ddb15bd6e9b60f9941f5751f080630e95351d4e8ca2a3c3f6",,"2024-05-07T14:50:00.000","30","STOP SIGN/FLASHER","FUNCTIONING PROPERLY","RAIN","DAYLIGHT","ANGLE","FOUR WAY",,"STRAIGHT AND LEVEL","WET","NO DEFECTS","ON SCENE","INJURY AND / OR TOW DUE TO CRASH","Y",,"Y","OVER $1,500","2024-05-07T15:15:00.000","UNABLE TO DETERMINE","UNABLE TO DETERMINE","100","E","48TH ST","224",,,,,,,"2","NO INDICATION OF INJURY","0","0","0","0","0","2","0","14","3","5","41.807577606","-87.622708794","POINT (-87.622708794243 41.807577605882)"
"da535c5e9276c1d149ac2c708f579b51d018029f52439d9f3d3a4cfa54c7b6c92ee514c52aa5d1efb1f8b28bb0654cddac64e9a8cba396c873ac781e9fabefe3",,"2024-05-07T14:49:00.000","30","NO CONTROLS","NO CONTROLS","RAIN","DAYLIGHT","REAR END","NOT DIVIDED",,"STRAIGHT AND LEVEL","WET","NO DEFECTS","ON SCENE","NO INJURY / DRIVE AWAY",,,,"OVER $1,500","2024-05-07T14:51:00.000","FOLLOWING TOO CLOSELY","NOT APPLICABLE","2635","W","21ST ST","1023",,,,,,,"2","NO INDICATION OF INJURY","0","0","0","0","0","2","0","14","3","5","41.853693086","-87.69201442","POINT (-87.692014420323 41.853693086458)"
"1380ac469745639c0dcac048314523fff308d2b42d65a3374e0b890b9e7a392463bb083bf850f4269b4e55c200d70c4c207f8eb080ef3561c873c18f0ae6ccb9",,"2024-05-07T14:45:00.000","30","NO CONTROLS","NO CONTROLS","CLEAR","DAYLIGHT","REAR END","NOT DIVIDED",,"STRAIGHT AND LEVEL","DRY","NO DEFECTS","NOT ON SCENE (DESK REPORT)","NO INJURY / DRIVE AWAY",,,,"$501 - $1,500","2024-05-07T17:25:00.000","FOLLOWING TOO CLOSELY","FOLLOWING TOO CLOSELY","6530","W","BRYN MAWR AVE","1612",,,,,,,"2","NO INDICATION OF INJURY","0","0","0","0","0","2","0","14","3","5","41.982988518","-87.791538304","POINT (-87.791538303513 41.98298851837)"
"2b10d5697d27c8bf6623f7fadfcb4ffbb670e906205f85862e27bc3c037bc7bd8ca8027c3757bba12c9be396b7a475bd4486c3b46b490ff719abafb64449fc26",,"2024-05-07T14:45:00.000","20","UNKNOWN","UNKNOWN","RAIN","DAYLIGHT","TURNING","NOT DIVIDED",,"STRAIGHT AND LEVEL","WET","UNKNOWN","ON SCENE","NO INJURY / DRIVE AWAY",,,"Y","OVER $1,500","2024-05-07T14:51:00.000","OPERATING VEHICLE IN ERRATIC, RECKLESS, CARELESS, NEGLIGENT OR AGGRESSIVE MANNER","NOT APPLICABLE","2226","W","18TH PL","1234",,,,,,,"2","NO INDICATION OF INJURY","0","0","0","0","0","2","0","14","3","5","41.856795587","-87.682079729","POINT (-87.682079728636 41.856795587447)"
"5128ca8ab2f83071168146e8858f2826a552e578ae371b4040705c2c93c05ccc1bc2caa854e46977659a276e0398193d3f2e42b3a598a65dbfc87543bb99c1ed",,"2024-05-07T14:45:00.000","25","STOP SIGN/FLASHER","FUNCTIONING PROPERLY","CLEAR","DAYLIGHT","ANGLE","FOUR WAY",,"STRAIGHT AND LEVEL","DRY","UNKNOWN","NOT ON SCENE (DESK REPORT)","NO INJURY / DRIVE AWAY","Y",,,"$501 - $1,500","2024-05-07T19:08:00.000","UNABLE TO DETERMINE","UNABLE TO DETERMINE","334","E","95TH ST","633",,,,,,,"2","NO INDICATION OF INJURY","0","0","0","0","0","2","0","14","3","5","41.721983505","-87.615212276","POINT (-87.615212275727 41.721983504961)"
"48decc965d6cbc11c820456e1e1403a919aee981e47988275a83dadbd5469d0f41b88aaf7c8b018037978cca6174071dcff23de3774746072e1b8cd8888e3bcc",,"2024-05-07T14:40:00.000","30","NO CONTROLS","NO CONTROLS","CLEAR","DAYLIGHT","OTHER OBJECT","NOT DIVIDED",,"STRAIGHT AND LEVEL","UNKNOWN","UNKNOWN","NOT ON SCENE (DESK REPORT)","NO INJURY / DRIVE AWAY",,,,"$501 - $1,500","2024-05-08T14:20:00.000","NOT APPLICABLE","NOT APPLICABLE","700","N","SACRAMENTO BLVD","1221",,,,,,,"1","NO INDICATION OF INJURY","0","0","0","0","0","1","0","14","3","5","41.893793089","-87.702297983","POINT (-87.702297983034 41.89379308915)"
"66d650d9c19ff2ee4bf936299391d399f635db8fa2f8988ae9dd01e7f5d09e57a1bd07f387a73a8380f5980351f77329fc673f5791acd852df47e72084ed9b5d",,"2024-05-07T14:40:00.000","30","STOP SIGN/FLASHER","UNKNOWN","RAIN","DAYLIGHT","REAR END","NOT DIVIDED",,"STRAIGHT AND LEVEL","WET","UNKNOWN","NOT ON SCENE (DESK REPORT)","NO INJURY / DRIVE AWAY",,,,"$501 - $1,500","2024-05-07T17:00:00.000","UNABLE TO DETERMINE","NOT APPLICABLE","599","N","HOMAN AVE","1121",,,,,,,"3","NO INDICATION OF INJURY","0","0","0","0","0","3","0","14","3","5","41.891766183","-87.711177074","POINT (-87.711177074431 41.891766182901)"
"c9279e5fcfa9db3a570f286694281d0744364bb2f009e802daa949e211bd6f2ac254d2fee16db61eff298a63a133a6120364c0e5d85f6cc1f59009036e715fb6",,"2024-05-07T14:40:00.000","30","TRAFFIC SIGNAL","FUNCTIONING PROPERLY","RAIN","DAYLIGHT","SIDESWIPE SAME DIRECTION","DIVIDED - W/MEDIAN (NOT RAISED)",,"STRAIGHT AND LEVEL","WET","UNKNOWN","ON SCENE","NO INJURY / DRIVE AWAY","Y",,"Y","OVER $1,500","2024-05-07T14:45:00.000","UNABLE TO DETERMINE","UNABLE TO DETERMINE","3100","S","STATE ST","211",,,,,,,"2","NO INDICATION OF INJURY","0","0","0","0","0","8","0","14","3","5","41.838210285","-87.626921736","POINT (-87.626921735742 41.838210284902)"
"5f96a4909d2053e1db3d5f107c102326805c1ce1eba58aea43ef8aaeec1b0c30095203a6e56ff9f947e04b2fecedcb0ab8d5c114b8768ba5b91d7c26930ad0b1",,"2024-05-07T14:30:00.000","30","OTHER","NO CONTROLS","CLEAR","DAYLIGHT","SIDESWIPE SAME DIRECTION","OTHER",,"STRAIGHT ON GRADE","DRY","NO DEFECTS","ON SCENE","NO INJURY / DRIVE AWAY",,,,"OVER $1,500","2024-05-07T14:45:00.000","IMPROPER OVERTAKING/PASSING","UNABLE TO DETERMINE","10000","W","OHARE ST","1651",,,,,,,"2","NO INDICATION OF INJURY","0","0","0","0","0","5","0","14","3","5","41.976201139","-87.905309125","POINT (-87.905309125103 41.976201139024)"
"89e3b076285fc6504cf84fc1c36e39ad7956625e2e7b04b7319fe709a82ba8208f5f64666687bbfcf3c69c68db4165471dd68a01af70b4dc7fccaf361f29bb83",,"2024-05-07T14:30:00.000","30","NO CONTROLS","NO CONTROLS","RAIN","DAYLIGHT","PARKED MOTOR VEHICLE","DIVIDED - W/MEDIAN (NOT RAISED)",,"STRAIGHT AND LEVEL","DRY","NO DEFECTS","NOT ON SCENE (DESK REPORT)","NO INJURY / DRIVE AWAY",,,,"$501 - $1,500","2024-05-07T18:14:00.000","WEATHER","IMPROPER OVERTAKING/PASSING","1040","W","95TH ST","2223",,,,,,,"2","NO INDICATION OF INJURY","0","0","0","0","0","1","0","14","3","5","41.721489245","-87.649696606","POINT (-87.649696606023 41.72148924475)"
"fbea12286f86d4cbaaaf085390bf47a8aa8f79526713cb1af53097dc42663526897df4eeea2bf758dbceb3668b019d7151f93e8ace74ae8b0979407858a7b062",,"2024-05-07T14:30:00.000","30","NO CONTROLS","NO CONTROLS","CLEAR","DAYLIGHT","SIDESWIPE SAME DIRECTION","NOT DIVIDED",,"STRAIGHT AND LEVEL","WET","NO DEFECTS","NOT ON SCENE (DESK REPORT)","NO INJURY / DRIVE AWAY",,,,"OVER $1,500","2024-05-07T15:19:00.000","IMPROPER OVERTAKING/PASSING","IMPROPER OVERTAKING/PASSING","3340","W","108TH ST","2211",,,,,,,"2","NO INDICATION OF INJURY","0","0","0","0","0","2","0","14","3","5","41.69709327","-87.705130409","POINT (-87.705130409316 41.697093269803)"
"fa7a894999f8c346ee3e0b8f1455fd881f40e4c44f4eb9c061b8912d714d4efdca77db989e492095735cda6cd6ad55a5737ea36472b028d539944e7acff29321",,"2024-05-07T14:28:00.000","10","NO CONTROLS","NO CONTROLS","RAIN","DAYLIGHT","OTHER OBJECT","OTHER",,"STRAIGHT AND LEVEL","WET","NO DEFECTS","ON SCENE","NO INJURY / DRIVE AWAY",,,,"$501 - $1,500","2024-05-07T15:13:00.000","UNABLE TO DETERMINE","NOT APPLICABLE","2905","N","LAKE SHORE DR NB","1934",,,,,,,"1","NO INDICATION OF INJURY","0","0","0","0","0","1","0","14","3","5","41.93470893","-87.632126911","POINT (-87.632126910736 41.934708930051)"
"9236f954294c955ccdfa296f7ac5dfce07bb46e65e2b7eb43aa7740ae249ce5e34074f82ff8d5d358ffe9aa3391ceaec10b4fb468a8dffe3f1673a4debe4ed67",,"2024-05-07T14:20:00.000","30","NO CONTROLS","NO CONTROLS","RAIN","DAYLIGHT","REAR END","NOT DIVIDED",,"STRAIGHT AND LEVEL","WET","NO DEFECTS","NOT ON SCENE (DESK REPORT)","NO INJURY / DRIVE AWAY",,,,"OVER $1,500","2024-05-07T17:30:00.000","FOLLOWING TOO CLOSELY","NOT APPLICABLE","4601","S","COTTAGE GROVE AVE","221",,,,,,,"2","NO INDICATION OF INJURY","0","0","0","0","0","2","0","14","3","5","41.811264476","-87.606456559","POINT (-87.606456558616 41.811264476032)"
"ab9615a4c0f7fa4749c3e4466ed37f72f528ccdc91cef4f137d9774bed656f5040e3fc1a4f398518d3ddcec8db9143c8e326276a08cfdfd6dcbdd8d05af30df9",,"2024-05-07T14:20:00.000","30","TRAFFIC SIGNAL","NO CONTROLS","RAIN","DAYLIGHT","HEAD ON","NOT DIVIDED",,"STRAIGHT AND LEVEL","WET","NO DEFECTS","NOT ON SCENE (DESK REPORT)","NO INJURY / DRIVE AWAY",,,"Y","$501 - $1,500","2024-05-07T14:30:00.000","NOT APPLICABLE","NOT APPLICABLE","6300","S","HALSTED ST","723",,,,,,,"2","NO INDICATION OF INJURY","0","0","0","0","0","2","0","14","3","5","41.7796575","-87.644930993","POINT (-87.644930992789 41.779657500363)"
"b545a2253d386d41d5c9178124eab0b3fb3dd3b7d193e3142212eac2784c9a662583455b3e7377347e3a36ee5702ed68508d5691759e3ccdb94589ec88b60552",,"2024-05-07T14:20:00.000","30","NO CONTROLS","NO CONTROLS","UNKNOWN","DAYLIGHT","REAR END","NOT DIVIDED",,"STRAIGHT AND LEVEL","UNKNOWN","UNKNOWN","ON SCENE","NO INJURY / DRIVE AWAY",,,"Y","OVER $1,500","2024-05-07T14:59:00.000","UNABLE TO DETERMINE","NOT APPLICABLE","4601","S","COTTAGE GROVE AVE","221",,,,,,,"2","NO INDICATION OF INJURY","0","0","0","0","0","2","0","14","3","5","41.811264476","-87.606456559","POINT (-87.606456558616 41.811264476032)"
"d53dbf217fe2f3caf2aff42583f78eee6ff7c4e310aa0232f37f7bb8b22442edf0874dee62651df837fed153a8050fb82ba7ad9c871a14983f908514649b935c",,"2024-05-07T14:16:00.000","30","TRAFFIC SIGNAL","FUNCTIONING PROPERLY","RAIN","DAYLIGHT","REAR END","DIVIDED - W/MEDIAN (NOT RAISED)",,"STRAIGHT AND LEVEL","WET","NO DEFECTS","NOT ON SCENE (DESK REPORT)","INJURY AND / OR TOW DUE TO CRASH","Y",,"Y","$501 - $1,500","2024-05-07T16:05:00.000","FAILING TO REDUCE SPEED TO AVOID CRASH","UNABLE TO DETERMINE","6300","S","HALSTED ST","723",,,,,,,"2","REPORTED, NOT EVIDENT","1","0","0","0","1","1","0","14","3","5","41.7796575","-87.644930993","POINT (-87.644930992789 41.779657500363)"
"5089e5f0917116685ade4c0b4fe6de7cad50e725e52adac1c54ceb0bf3c1400a77743739b4aa294bd7f1755a05d375c4d64a1effb7daf049639a588f87a07a8a",,"2024-05-07T14:15:00.000","30","NO CONTROLS","NO CONTROLS","UNKNOWN","DAYLIGHT","PARKED MOTOR VEHICLE","NOT DIVIDED",,"STRAIGHT AND LEVEL","UNKNOWN","UNKNOWN","NOT ON SCENE (DESK REPORT)","NO INJURY / DRIVE AWAY",,,"Y","OVER $1,500","2024-05-07T16:10:00.000","DRIVING SKILLS/KNOWLEDGE/EXPERIENCE","FAILING TO REDUCE SPEED TO AVOID CRASH","3045","E","87TH ST","424",,,,,,,"2","NO INDICATION OF INJURY","0","0","0","0","0","1","0","14","3","5","41.737292222","-87.549671518","POINT (-87.549671517911 41.737292221982)"
"55c3b0ee7952ae9bac89d4291db70de5ca0513d1b82a64b5dc7284927b82f44f5da6cd26dbac9de5fed849d7fdd7dac9e34234536d3672f0d0f2f9e7dae22a46",,"2024-05-07T14:15:00.000","30","NO CONTROLS","NO CONTROLS","UNKNOWN","DAYLIGHT","SIDESWIPE SAME DIRECTION","DIVIDED - W/MEDIAN (NOT RAISED)",,"STRAIGHT AND LEVEL","UNKNOWN","UNKNOWN","NOT ON SCENE (DESK REPORT)","NO INJURY / DRIVE AWAY",,,,"OVER $1,500","2024-05-08T19:35:00.000","FAILING TO YIELD RIGHT-OF-WAY","UNABLE TO DETERMINE","1814","W","BELMONT AVE","1922",,,,,,,"2","NO INDICATION OF INJURY","0","0","0","0","0","2","0","14","3","5","41.939727033","-87.674606499","POINT (-87.674606499458 41.939727032555)"
"92408b5d2f9a027eb737b14889bdeb3c200b03e57e07692abf2055aefd622af80f3ac0ecc100e11c6a0234edb416e753e4f1b952656c484ee6843cb1a30fa44d",,"2024-05-07T14:05:00.000","30","UNKNOWN","UNKNOWN","RAIN","DAYLIGHT","REAR END","DIVIDED - W/MEDIAN BARRIER",,"STRAIGHT AND LEVEL","UNKNOWN","UNKNOWN","NOT ON SCENE (DESK REPORT)","NO INJURY / DRIVE AWAY",,,,"OVER $1,500","2024-05-07T15:00:00.000","UNABLE TO DETERMINE","UNABLE TO DETERMINE","800","N","LAKE SHORE DR NB","1833",,,,,,,"2","NO INDICATION OF INJURY","0","0","0","0","0","2","0","14","3","5","41.896804972","-87.617027423","POINT (-87.617027423234 41.896804972416)"
"b01ac77deb2113771083ef56a86802d568d03776129ecf41ccb77d417620db7722e8bfb9faab3bb731d255b442fff0b506b650051f58ca964a9cc8784517b8ab",,"2024-05-07T14:05:00.000","30","TRAFFIC SIGNAL","FUNCTIONING PROPERLY","RAIN","DAYLIGHT","REAR END","DIVIDED - W/MEDIAN (NOT RAISED)",,"STRAIGHT AND LEVEL","WET","NO DEFECTS","NOT ON SCENE (DESK REPORT)","NO INJURY / DRIVE AWAY",,,,"OVER $1,500","2024-05-07T14:29:00.000","FOLLOWING TOO CLOSELY","NOT APPLICABLE","500","S","KOSTNER AVE","1131",,,,,,,"2","NO INDICATION OF INJURY","0","0","0","0","0","2","0","14","3","5","41.874211055","-87.735387089","POINT (-87.735387089165 41.874211054858)"
"fb6f4507f8c5c862cbf97a995d44bc6ab6c3ab68371154c0e03b5812124ba9ebe508293a8c5dfb386ca2575f892d4bba25a4ad505ec811e9eb8fac322905253d",,"2024-05-07T14:05:00.000","30","NO CONTROLS","NO CONTROLS","RAIN","DAYLIGHT","SIDESWIPE SAME DIRECTION","NOT DIVIDED",,"STRAIGHT AND LEVEL","WET","NO DEFECTS","NOT ON SCENE (DESK REPORT)","NO INJURY / DRIVE AWAY",,,,"$501 - $1,500","2024-05-07T14:21:00.000","FAILING TO YIELD RIGHT-OF-WAY","NOT APPLICABLE","2406","S","WENTWORTH AVE","914",,,,,,,"2","NO INDICATION OF INJURY","0","0","0","0","0","2","0","14","3","5","41.848924748","-87.63207599","POINT (-87.632075989594 41.848924747837)"
"2fa256a14be749740751744cf974b95fddba86540dd59c537ccd2428007754d8d3782379759bebb196235d7ba0980b0c37c76b1d8e01a8eb68979c46e18279d3","Y","2024-05-07T14:00:00.000","20","NO CONTROLS","NO CONTROLS","UNKNOWN","UNKNOWN","PARKED MOTOR VEHICLE","NOT DIVIDED",,"STRAIGHT AND LEVEL","UNKNOWN","UNKNOWN","NOT ON SCENE (DESK REPORT)","NO INJURY / DRIVE AWAY",,,"Y","OVER $1,500","2024-05-08T13:10:00.000","UNABLE TO DETERMINE","DRIVING SKILLS/KNOWLEDGE/EXPERIENCE","3655","W","WAVELAND AVE","1732",,,,,,,"2","NO INDICATION OF INJURY","0","0","0","0","0","1","0","14","3","5","41.948189498","-87.71959674","POINT (-87.719596740131 41.94818949802)"
"c2c305573a3da52b3d792cf093aaddc6a0661e0f350bd327c9cf90fe5e549fc264740c9fdff9dcfd04011a6516426b729a6230bbcf51fd1731e09806c91d5ad8",,"2024-05-07T14:00:00.000","30","NO CONTROLS","NO CONTROLS","CLOUDY/OVERCAST","DAYLIGHT","REAR END","DIVIDED - W/MEDIAN (NOT RAISED)",,"STRAIGHT AND LEVEL","WET","UNKNOWN","NOT ON SCENE (DESK REPORT)","NO INJURY / DRIVE AWAY",,,,"OVER $1,500","2024-05-07T14:40:00.000","UNABLE TO DETERMINE","UNABLE TO DETERMINE","7178","W","GRAND AVE","2512",,,,,,,"2","NO INDICATION OF INJURY","0","0","0","0","0","3","0","14","3","5","41.924010007","-87.805551773","POINT (-87.805551772713 41.924010007489)"
"ee6d309fa8abf2c893144a24e0888209bcdaf80d8e1a6a26e54ce34cc9051a57fcb6476851b9c17025b74386d8b79dfb1301111e8b69ac64f04ab2c7c3dfaaf4",,"2024-05-07T13:58:00.000","30","TRAFFIC SIGNAL","FUNCTIONING PROPERLY","CLEAR","DAYLIGHT","ANGLE","FOUR WAY",,"STRAIGHT AND LEVEL","DRY","NO DEFECTS","NOT ON SCENE (DESK REPORT)","NO INJURY / DRIVE AWAY","Y",,"Y","$500 OR LESS","2024-05-07T17:30:00.000","UNABLE TO DETERMINE","UNABLE TO DETERMINE","8659","S","STATE ST","632",,,,,,,"2","NO INDICATION OF INJURY","0","0","0","0","0","3","0","13","3","5","41.736358013","-87.624015058","POINT (-87.624015058087 41.736358013424)"
"36c976368575174b74949dab11601febcd4f317a68df6d6363be4fa319b590afa1a741632aee8692d11cd840cd8d6a14278cac781fc05258a6bad500e95b028d",,"2024-05-07T13:50:00.000","20","STOP SIGN/FLASHER","FUNCTIONING PROPERLY","RAIN","DAYLIGHT","PEDALCYCLIST","NOT DIVIDED",,"STRAIGHT AND LEVEL","WET","NO DEFECTS","ON SCENE","INJURY AND / OR TOW DUE TO CRASH",,,,"$500 OR LESS","2024-05-07T13:55:00.000","FAILING TO YIELD RIGHT-OF-WAY","DISREGARDING STOP SIGN","5700","S","HOMAN AVE","822",,,,,,,"2","NONINCAPACITATING INJURY","1","0","0","1","0","1","0","13","3","5","41.789713418","-87.708498253","POINT (-87.708498252505 41.789713417819)"
"1a8621a8f17cb1a6f66c3c05072fbd131ce6c0c757a5b77c86a2e3cf8472d7dcb944ab0f6771cb624e1ae8298c9d64cb43f8c0c22880e7feffa1799a233b61d1",,"2024-05-07T13:30:00.000","30","STOP SIGN/FLASHER","FUNCTIONING PROPERLY","CLEAR","DAYLIGHT","PEDALCYCLIST","FOUR WAY",,"STRAIGHT AND LEVEL","DRY","NO DEFECTS","ON SCENE","INJURY AND / OR TOW DUE TO CRASH","Y",,,"OVER $1,500","2024-05-07T13:30:00.000","NOT APPLICABLE","NOT APPLICABLE","5127","N","CLARK ST","2033",,,,,,,"2","REPORTED, NOT EVIDENT","1","0","0","0","1","1","0","13","3","5","41.975240707","-87.668165707","POINT (-87.668165707455 41.975240706547)"
"8731f1575018c905a6f2097143ebf43d0ea8ebeabdaf5f7b4207101b548a4f6a7629714f969874bc5414b5103e83405f25ccd1f1bfb493cfaf16ea7446919eb6",,"2024-05-07T13:30:00.000","25","TRAFFIC SIGNAL","FUNCTIONING PROPERLY","CLEAR","DAYLIGHT","TURNING","NOT DIVIDED",,"STRAIGHT AND LEVEL","DRY","NO DEFECTS","ON SCENE","INJURY AND / OR TOW DUE TO CRASH","Y",,"Y","OVER $1,500","2024-05-07T13:40:00.000","UNABLE TO DETERMINE","UNABLE TO DETERMINE","2","W","79TH ST","623",,,,,,,"2","REPORTED, NOT EVIDENT","1","0","0","0","1","2","0","13","3","5","41.751068324","-87.624578217","POINT (-87.624578217409 41.75106832404)"