"crash_record_id","crash_date_est_i","crash_date","posted_speed_limit","traffic_control_device","device_condition","weather_condition","lighting_condition","first_crash_type","trafficway_type","lane_cnt","alignment","roadway_surface_cond","road_defect","report_type","crash_type","intersection_related_i","private_property_i","hit_and_run_i","damage","date_police_notified","prim_contributory_cause","sec_contributory_cause","street_no","street_direction","street_name","beat_of_occurrence","photos_taken_i","statements_taken_i","dooring_i","work_zone_i","work_zone_type","workers_present_i","num_units","most_severe_injury","injuries_total","injuries_fatal","injuries_incapacitating","injuries_non_incapacitating","injuries_reported_not_evident","injuries_no_indication","injuries_unknown","crash_hour","crash_day_of_week","crash_month","latitude","longitude","location"
"f1b93957cee8edf6caf0ec115c4edec3bf8bdf6a3a913fc1b78a895874a42a4a46ad863db5205a6c4e2beea7f44da803c3a9f8ef5014e4dfe4631e9e3c044be8",,"2024-05-07T13:30:00.000","30","NO CONTROLS","NO CONTROLS","CLEAR","DAYLIGHT","SIDESWIPE SAME DIRECTION","NOT DIVIDED",,"STRAIGHT ON HILLCREST","UNKNOWN","UNKNOWN","NOT ON SCENE (DESK REPORT)","NO INJURY / DRIVE AWAY",,,,"$501 - $1,500","2024-05-07T14:10:00.000","UNABLE TO DETERMINE","UNABLE TO DETERMINE","2505","W","BELMONT AVE","1931",,,,,,,"2","NO INDICATION OF INJURY","0","0","0","0","0","2","0","13","3","5","41.939331316","-87.690429559","POINT (-87.690429558659 41.939331315586)"
"fc0d79aedccff096ccf83e8e12b0ebda48f78b7bcae887a9bcda8da373931621051d68fc8045803f1b04e2dcdfbd078d1aaef1cbae29006c6b21e0ea106fb068",,"2024-05-07T13:18:00.000","30","NO CONTROLS","NO CONTROLS","RAIN","DAYLIGHT","PEDESTRIAN","NOT DIVIDED",,"STRAIGHT AND LEVEL","WET","NO DEFECTS","ON SCENE","INJURY AND / OR TOW DUE TO CRASH",,,"Y","OVER $1,500","2024-05-07T14:50:00.000","NOT APPLICABLE","NOT APPLICABLE","6482","N","NORTHWEST HWY","1612",,,,,,,"2","NONINCAPACITATING INJURY","1","0","0","1","0","1","0","13","3","5","41.99849084","-87.809530278","POINT (-87.809530277694 41.998490839951)"
"1f10eb63a4a51d64572a88765b63720ed7df1dc21e8142ddc8912cf4f707da2ec3298cc37edd057a4b21dcc44571075c845a5cfcbb20bf26a33f7dade3830893",,"2024-05-07T13:17:00.000","30","NO CONTROLS","NO CONTROLS","RAIN","DAYLIGHT","FIXED OBJECT","NOT DIVIDED",,"STRAIGHT AND LEVEL","WET","NO DEFECTS","ON SCENE","INJURY AND / OR TOW DUE TO CRASH","Y",,,"OVER $1,500","2024-05-07T13:24:00.000","NOT APPLICABLE","NOT APPLICABLE","5200","S","WESTERN AVE","923",,,,,,,"1","NO INDICATION OF INJURY","0","0","0","0","0","1","0","13","3","5","41.799240596","-87.68432188","POINT (-87.68432188021 41.799240596148)"
"b2358ec8e7cd1be8580a7e95ad5664a431870e1444822a26ba4e16840e88d4b7e433e881f706279914cb8fb2ad8517cf83b7a8e565df39f1cf9ef8de83b789ce",,"2024-05-07T13:15:00.000","30","NO CONTROLS","NO CONTROLS","CLEAR","DAYLIGHT","REAR END","NOT DIVIDED",,"STRAIGHT AND LEVEL","DRY","NO DEFECTS","NOT ON SCENE (DESK REPORT)","NO INJURY / DRIVE AWAY",,,"Y","$501 - $1,500","2024-05-07T18:02:00.000","IMPROPER BACKING","NOT APPLICABLE","702","W","TAYLOR ST","124",,,,,,,"2","NO INDICATION OF INJURY","0","0","0","0","0","2","0","13","3","5","41.869803686","-87.643874706","POINT (-87.643874705865 41.869803685746)"
"ed39cd3d9c5fc31e876d331c8a6ae85b21817bcb424a1a9b4255b924aa4ae0e2d4730c384df718dddca04e118297589c56088fe7601d731bf4e897584a254c64",,"2024-05-07T13:12:00.000","30","TRAFFIC SIGNAL","FUNCTIONING PROPERLY","CLEAR","DAYLIGHT","REAR END","NOT DIVIDED",,"STRAIGHT AND LEVEL","DRY","UNKNOWN","ON SCENE","NO INJURY / DRIVE AWAY",,,,"$500 OR LESS","2024-05-07T13:14:00.000","UNABLE TO DETERMINE","UNABLE TO DETERMINE","3945","N","ELSTON AVE","1732",,,,,,,"2","NO INDICATION OF INJURY","0","0","0","0","0","4","0","13","3","5","41.952794749","-87.717621415","POINT (-87.717621415251 41.952794748807)"
"5224a35cd07eeb1bc01c02adc85cf8531a7ee22afd5c9e7b5ad0b679ccce89cf5c2054424a42ae948b6efb07c18e08018380d42227deea70934ae6b9be90540d",,"2024-05-07T13:10:00.000","30","STOP SIGN/FLASHER","FUNCTIONING PROPERLY","RAIN","DAYLIGHT","TURNING","DIVIDED - W/MEDIAN BARRIER",,"STRAIGHT AND LEVEL","WET","NO DEFECTS","ON SCENE","INJURY AND / OR TOW DUE TO CRASH",,,,"OVER $1,500","2024-05-07T13:15:00.000","FAILING TO YIELD RIGHT-OF-WAY","NOT APPLICABLE","12200","S","HALSTED ST","524",,,,,,,"2","REPORTED, NOT EVIDENT","1","0","0","0","1","3","0","13","3","5","41.67226409","-87.641869199","POINT (-87.641869199308 41.672264090383)"
"cbcb005cead58dd7b1345053305536b0d144a822c08d177998c208eef5b01be99a3ee8374255912483cf2a5cb135d9141a832a4fbfdb72bba2e0b136e07bfb06",,"2024-05-07T13:03:00.000","30","TRAFFIC SIGNAL","FUNCTIONING PROPERLY","CLEAR","DAYLIGHT","PEDESTRIAN","FOUR WAY",,"STRAIGHT AND LEVEL","DRY","NO DEFECTS","ON SCENE","INJURY AND / OR TOW DUE TO CRASH","Y",,,"OVER $1,500","2024-05-07T13:03:00.000","FAILING TO YIELD RIGHT-OF-WAY","IMPROPER TURNING/NO SIGNAL","2","S","PULASKI RD","1115",,,,,,,"2","REPORTED, NOT EVIDENT","1","0","0","0","1","1","0","13","3","5","41.880676991","-87.725816127","POINT (-87.725816126919 41.880676990874)"
"0eb2ec749c39bc625b239ae01e140a6e83f104fa297cffc53d5837faec636ddef1de17e96df30bbebb953e514be60b5d77386b1c61503e168960a75b72c475b5","N","2024-05-07T12:50:00.000","35","TRAFFIC SIGNAL","FUNCTIONING PROPERLY","CLEAR","DAYLIGHT","SIDESWIPE SAME DIRECTION","NOT DIVIDED",,"STRAIGHT AND LEVEL","DRY","NO DEFECTS","ON SCENE","NO INJURY / DRIVE AWAY",,,,"$501 - $1,500","2024-05-07T13:01:00.000","IMPROPER LANE USAGE","IMPROPER LANE USAGE","2006","E","95TH ST","413",,,,,,,"2","NO INDICATION OF INJURY","0","0","0","0","0","2","0","12","3","5","41.722582057","-87.575041988","POINT (-87.575041988021 41.722582056747)"
"94d3b68f6470a8ca763665cc9e7d56646c6b210524146861a987c8798ab43786dab59e33c9eb6d2de88eac4544de6bbaa9b19746ef9d83221358d72eb24c77ab","Y","2024-05-07T12:45:00.000","30","TRAFFIC SIGNAL","FUNCTIONING PROPERLY","UNKNOWN","DAYLIGHT","REAR END","NOT DIVIDED",,"STRAIGHT AND LEVEL","UNKNOWN","UNKNOWN","NOT ON SCENE (DESK REPORT)","NO INJURY / DRIVE AWAY","Y",,,"$500 OR LESS","2024-05-07T15:30:00.000","UNABLE TO DETERMINE","NOT APPLICABLE","2300","W","ADDISON ST","1921",,,,,,,"2","NO INDICATION OF INJURY","0","0","0","0","0","2","0","12","3","5","41.94687635","-87.685894892","POINT (-87.685894891727 41.946876349987)"
"7dddfe925144d2ac7da568e066e9b246e086ed74675697be6ecf2a79f3dc0e9aacb15777d54bd6cce365e53ae864f8a9d85507bf946da5321de0ac2636b96437",,"2024-05-07T12:30:00.000","30","TRAFFIC SIGNAL","FUNCTIONING PROPERLY","CLEAR","DAYLIGHT","TURNING","NOT DIVIDED",,"STRAIGHT AND LEVEL","WET","NO DEFECTS","NOT ON SCENE (DESK REPORT)","NO INJURY / DRIVE AWAY","Y",,,"OVER $1,500","2024-05-07T14:39:00.000","NOT APPLICABLE","NOT APPLICABLE","7100","S","DR MARTIN LUTHER KING JR DR","323",,,,,,,"2","NO INDICATION OF INJURY","0","0","0","0","0","2","0","12","3","5","41.765618818","-87.615407248","POINT (-87.615407248037 41.765618817754)"
"6a5add1ea908a8dc3b061f9de5fbc8bca30e86cdf1d490d0f7449cb171174dfa862038376790c0f110f271e2117a2f1b7394780a9f0b4735707ba619e781f91b",,"2024-05-07T12:25:00.000","30","TRAFFIC SIGNAL","FUNCTIONING PROPERLY","CLOUDY/OVERCAST","DAYLIGHT","SIDESWIPE SAME DIRECTION","NOT DIVIDED",,"STRAIGHT AND LEVEL","WET","NO DEFECTS","ON SCENE","INJURY AND / OR TOW DUE TO CRASH",,,"N","OVER $1,500","2024-05-07T12:28:00.000","UNABLE TO DETERMINE","NOT APPLICABLE","3805","W","MADISON ST","1122",,,,,,,"2","NO INDICATION OF INJURY","0","0","0","0","0","3","0","12","3","5","41.880675234","-87.72103033","POINT (-87.721030330155 41.880675234164)"
"0225cf9441f77a0c0ab1c643e53ff7a3d3b0995ee094c0af6b7866638e16f6214318de3c7ceb9c719f7261232c8e5c28748af3b5f7821ab7c9624af4ca88787a",,"2024-05-07T12:20:00.000","30","NO CONTROLS","NO CONTROLS","UNKNOWN","DAYLIGHT","SIDESWIPE SAME DIRECTION","ONE-WAY",,"STRAIGHT AND LEVEL","UNKNOWN","UNKNOWN","NOT ON SCENE (DESK REPORT)","NO INJURY / DRIVE AWAY",,,"Y","OVER $1,500","2024-05-07T13:05:00.000","IMPROPER LANE USAGE","NOT APPLICABLE","7330","S","EMERALD AVE","732",,,,,,,"2","NO INDICATION OF INJURY","0","0","0","0","0","2","0","12","3","5","41.760642017","-87.643221589","POINT (-87.643221589447 41.760642016542)"
"8dab99ac615fef5b6a661a7e0b1ed4df2d185d8b658017127afcbd7960457a79014a49d070505e0c5ce5feb0b0b060e7e26cc2d8bbd927a81c39e0e28bc77a85","Y","2024-05-07T12:20:00.000","30","NO CONTROLS","NO CONTROLS","CLEAR","DAYLIGHT","PARKED MOTOR VEHICLE","PARKING LOT",,"STRAIGHT AND LEVEL","DRY","NO DEFECTS","NOT ON SCENE (DESK REPORT)","NO INJURY / DRIVE AWAY",,,"N","OVER $1,500","2024-05-07T13:00:00.000","NOT APPLICABLE","NOT APPLICABLE","400","E","71ST ST","322",,,,,,,"2","NO INDICATION OF INJURY","0","0","0","0","0","2","0","12","3","5","41.765822541","-87.615206203","POINT (-87.615206202723 41.765822540754)"
"1b340a7405f9180ef0352627dcea9c4a29f3ad8bd8cc73aeab272557dc2802fd4e59e529315face9cbec71708e98a4672376a53763237c41dc4071ed0f917e53",,"2024-05-07T12:15:00.000","30","NO CONTROLS","NO CONTROLS","CLEAR","DAYLIGHT","FIXED OBJECT","NOT DIVIDED",,"STRAIGHT AND LEVEL","WET","NO DEFECTS","ON SCENE","INJURY AND / OR TOW DUE TO CRASH",,,,"$501 - $1,500","2024-05-07T12:20:00.000","UNABLE TO DETERMINE","UNABLE TO DETERMINE","7900","S","GREEN ST","621",,"Y",,,,,"2","INCAPACITATING INJURY","1","0","1","0","0","1","0","12","3","5","41.750530301","-87.645398665","POINT (-87.645398665341 41.750530301051)"
"1dde4d595b8554c77b1ec20ba3923018d82aa3de1a45bf381222984a2a94db562c6ea0fe2baca067be64723e56ee0b3b7f9401141df56f7dba1f5f2ca7930af4",,"2024-05-07T12:15:00.000","30","UNKNOWN","UNKNOWN","UNKNOWN","UNKNOWN","SIDESWIPE SAME DIRECTION","ONE-WAY",,"STRAIGHT AND LEVEL","UNKNOWN","UNKNOWN","NOT ON SCENE (DESK REPORT)","NO INJURY / DRIVE AWAY",,,,"OVER $1,500","2024-05-07T13:20:00.000","UNABLE TO DETERMINE","UNABLE TO DETERMINE","212","N","CANAL ST","1214",,,,,,,"2","NO INDICATION OF INJURY","0","0","0","0","0","2","0","12","3","5","41.886019566","-87.639992396","POINT (-87.639992396074 41.886019565726)"
"23373dd0b9556e28436dfdc8ddcd9230b8c2330be5233b9c032ec26b6d1d0f81eb16b2cdfceac50e90eebb1f3a3d48190eceb80fbbc143ccf6e6e4d4b969b05c","Y","2024-05-07T12:15:00.000","30","STOP SIGN/FLASHER","FUNCTIONING PROPERLY","CLEAR","DAYLIGHT","ANGLE","NOT DIVIDED",,"STRAIGHT AND LEVEL","DRY","NO DEFECTS","NOT ON SCENE (DESK REPORT)","NO INJURY / DRIVE AWAY",,,,"OVER $1,500","2024-05-07T13:44:00.000","UNABLE TO DETERMINE","NOT APPLICABLE","3100","W","ADDISON ST","1733",,,"N",,,,"2","NO INDICATION OF INJURY","0","0","0","0","0","3","0","12","3","5","41.946755376","-87.70543091","POINT (-87.705430910497 41.946755376241)"
"8b2286eed8daa3cb08f398a7c88c7e809b830816cee6b2add51656d02b1c7d76df430c7c60a4120284eba59bf49e9a64e310507ea79722f8e6629349e7b99871",,"2024-05-07T12:15:00.000","30","NO CONTROLS","NO CONTROLS","CLEAR","DAYLIGHT","TURNING","DIVIDED - W/MEDIAN (NOT RAISED)",,"STRAIGHT AND LEVEL","DRY","NO DEFECTS","ON SCENE","INJURY AND / OR TOW DUE TO CRASH",,,,"OVER $1,500","2024-05-07T12:15:00.000","IMPROPER TURNING/NO SIGNAL","UNABLE TO DETERMINE","2157","N","DAMEN AVE","1432",,,,,,,"2","NO INDICATION OF INJURY","0","0","0","0","0","2","0","12","3","5","41.921302559","-87.677602563","POINT (-87.677602563345 41.92130255902)"
"05b2cff202f0296c37320c217036afe6fb5dc39b77ee3c33fbb8a1eb191e6263b682afb2471ce7622d2c8e92d8db3f9ceae562686b2d5ff45853d505f462e8bf",,"2024-05-07T12:14:00.000","30","TRAFFIC SIGNAL","FUNCTIONING PROPERLY","CLEAR","DAYLIGHT","TURNING","T-INTERSECTION",,"STRAIGHT AND LEVEL","DRY","NO DEFECTS","ON SCENE","INJURY AND / OR TOW DUE TO CRASH","Y",,,"OVER $1,500","2024-05-07T12:15:00.000","DISREGARDING TRAFFIC SIGNALS","DRIVING SKILLS/KNOWLEDGE/EXPERIENCE","4500","W","MONTROSE AVE","1722",,"Y",,,,,"2","REPORTED, NOT EVIDENT","1","0","0","0","1","1","0","12","3","5","41.960906555","-87.741247869","POINT (-87.741247869217 41.960906555116)"
"15f166bb1c9a85691fbf4ffe16c341577a4c6145eeb7d99899dfe59878accd926f60027eeb4cd58cd870067dc9ef049661700c0a7ae9c05dd6f2c61eef0e26f0",,"2024-05-07T12:10:00.000","30","NO CONTROLS","NO CONTROLS","CLEAR","DAYLIGHT","PARKED MOTOR VEHICLE","ONE-WAY",,"STRAIGHT AND LEVEL","WET","NO DEFECTS","ON SCENE","NO INJURY / DRIVE AWAY",,,,"OVER $1,500","2024-05-07T12:13:00.000","DRIVING SKILLS/KNOWLEDGE/EXPERIENCE","DRIVING ON WRONG SIDE/WRONG WAY","2247","W","CHARLESTON ST","1432",,,,,,,"2","NO INDICATION OF INJURY","0","0","0","0","0","1","0","12","3","5","41.919798826","-87.684452289","POINT (-87.68445228875 41.919798826276)"
"954bf3963553206e527e19ff595634fd87388cc62f077935a480d31ae82e6b7d443b9e2cc1add50dd8ebb8990c357c00edadea5537d5abee4b93a6353919cdc2",,"2024-05-07T12:07:00.000","30","NO CONTROLS","NO CONTROLS","CLEAR","DAYLIGHT","SIDESWIPE SAME DIRECTION","NOT DIVIDED",,"STRAIGHT AND LEVEL","DRY","UNKNOWN","NOT ON SCENE (DESK REPORT)","NO INJURY / DRIVE AWAY","N",,"Y","$501 - $1,500","2024-05-07T12:20:00.000","FOLLOWING TOO CLOSELY","NOT APPLICABLE","1007","S","KOSTNER AVE","1131",,,,,,,"2","NO INDICATION OF INJURY","0","0","0","0","0","3","0","12","3","5","41.868801288","-87.734912547","POINT (-87.734912547318 41.868801288458)"
"6fcadae3bfbb892a6e2e083fac34003ad94ca0b48a7a3985e5cb1e87fd0b3df420d964533b1137421cf0f1300f948f875722de37be79ec0189d24e4bd0e8d34d",,"2024-05-07T12:00:00.000","25","UNKNOWN","UNKNOWN","UNKNOWN","UNKNOWN","PARKED MOTOR VEHICLE","UNKNOWN",,"STRAIGHT AND LEVEL","UNKNOWN","UNKNOWN","NOT ON SCENE (DESK REPORT)","NO INJURY / DRIVE AWAY",,,"Y","OVER $1,500","2024-05-08T10:07:00.000","UNABLE TO DETERMINE","NOT APPLICABLE","9104","S","MARSHFIELD AVE","2221",,,,,,,"2","NO INDICATION OF INJURY","0","0","0","0","0","1","0","12","3","5","41.728238787","-87.664203991","POINT (-87.664203991092 41.728238786966)"
"d27090b692930e85f11a49f1d1760582720b08529a90933d1531370970874c67e942290b4aadbfa1b3ff244f099b5faf63c0fc4477a405914ff985d4d326e2b6",,"2024-05-07T12:00:00.000","30","NO CONTROLS","NO CONTROLS","CLEAR","DAYLIGHT","SIDESWIPE SAME DIRECTION","NOT DIVIDED",,"STRAIGHT AND LEVEL","WET","UNKNOWN","NOT ON SCENE (DESK REPORT)","NO INJURY / DRIVE AWAY",,,"Y","$500 OR LESS","2024-05-07T12:35:00.000","FAILING TO YIELD RIGHT-OF-WAY","NOT APPLICABLE","2421","N","ASHLAND AVE","1932",,,,,,,"2","NO INDICATION OF INJURY","0","0","0","0","0","2","0","12","3","5","41.925826033","-87.668021986","POINT (-87.668021986195 41.925826032584)"
"da9e0111224b7a595a92d237b01a89eb49e2984742befe13e1d50301c94630d6dcd586b333601d4ae234cc6e20b78a91b3b4841639383daad28c3f21ddf998a1",,"2024-05-07T12:00:00.000","25","NO CONTROLS","NO CONTROLS","CLEAR","DAYLIGHT","TURNING","PARKING LOT",,"STRAIGHT AND LEVEL","DRY","NO DEFECTS","NOT ON SCENE (DESK REPORT)","NO INJURY / DRIVE AWAY",,,,"$500 OR LESS","2024-05-07T13:35:00.000","FOLLOWING TOO CLOSELY","NOT APPLICABLE","2001","S","CALIFORNIA AVE","1023",,,,,,,"2","NO INDICATION OF INJURY","0","0","0","0","0","3","0","12","3","5","41.854657235","-87.695393028","POINT (-87.695393028345 41.854657234903)"
"3d5b0f11ae4b2113b0b9d3d92ab8e1dce8f060ae2b1afbb2ab5c10743db0656474163dfe54d4e948ec80a8c70090f69d08b19ab7a66fec1936859df9ef0c92cf","Y","2024-05-07T11:59:00.000","30","STOP SIGN/FLASHER","FUNCTIONING PROPERLY","CLEAR","DAYLIGHT","TURNING","T-INTERSECTION",,"STRAIGHT AND LEVEL","WET","NO DEFECTS","NOT ON SCENE (DESK REPORT)","INJURY AND / OR TOW DUE TO CRASH","Y",,,"OVER $1,500","2024-05-07T11:59:00.000","FAILING TO YIELD RIGHT-OF-WAY","IMPROPER TURNING/NO SIGNAL","5800","S","DR MARTIN LUTHER KING JR DR","232",,,,,,,"2","NONINCAPACITATING INJURY","2","0","0","1","1","3","0","11","3","5","41.789260658","-87.615992035","POINT (-87.615992034708 41.78926065823)"
"7915be1ac94a0d8a4987ac022936af41e233c21ccd989d327f0249a30ded98465bba00f9691990b7af40cda6f9a9d47f4dd3c4802e98b2b4a03089d8ef362d34",,"2024-05-07T11:58:00.000","30","TRAFFIC SIGNAL","FUNCTIONING PROPERLY","CLEAR","DAYLIGHT","TURNING","FOUR WAY",,"STRAIGHT AND LEVEL","DRY","NO DEFECTS","NOT ON SCENE (DESK REPORT)","NO INJURY / DRIVE AWAY","Y",,,"OVER $1,500","2024-05-07T13:30:00.000","UNABLE TO DETERMINE","UNABLE TO DETERMINE","300","N","WESTERN AVE","1222",,,,,,,"2","NO INDICATION OF INJURY","0","0","0","0","0","2","0","11","3","5","41.886721764","-87.686727364","POINT (-87.686727364298 41.88672176412)"
"83bb178bd33330daadd260def4eeb666836f5dfe1ac39f87ed7c4e17999cbfad57d9278f1cb150b6b2b657dfc1b366cb4851e5814fba0fbb0b15d070fb435b31",,"2024-05-07T11:38:00.000","30","NO CONTROLS","NO CONTROLS","CLEAR","DAYLIGHT","TURNING","ALLEY",,"STRAIGHT AND LEVEL","DRY","NO DEFECTS","ON SCENE","INJURY AND / OR TOW DUE TO CRASH","Y",,,"$501 - $1,500","2024-05-07T12:01:00.000","UNABLE TO DETERMINE","UNABLE TO DETERMINE","4345","N","LARAMIE AVE","1624",,,,,,,"2","NO INDICATION OF INJURY","0","0","0","0","0","2","0","11","3","5","41.960147193","-87.757225028","POINT (-87.757225028305 41.960147193043)"
"092c0b48ba217bd2d521a7b013267c52b00a0e46385904d2909a5ac5bc433187862dbfe28478d72a6d2db259731fb32c8bf2536087c8f584db52683058238216",,"2024-05-07T11:30:00.000","30","TRAFFIC SIGNAL","FUNCTIONING PROPERLY","CLEAR","DAYLIGHT","REAR END","NOT DIVIDED",,"STRAIGHT AND LEVEL","WET","NO DEFECTS","ON SCENE","NO INJURY / DRIVE AWAY",,,,"$501 - $1,500","2024-05-07T11:33:00.000","UNABLE TO DETERMINE","DRIVING SKILLS/KNOWLEDGE/EXPERIENCE","4218","N","PULASKI RD","1722",,,,,,,"2","NO INDICATION OF INJURY","0","0","0","0","0","2","0","11","3","5","41.957881714","-87.727886597","POINT (-87.727886597459 41.95788171439)"
"09e7cf0cfdf1fd736757a66187ab7c1be966c5e7cc676d1f1063167e615f3127f5ae7b60e3d486a3ed3f0138933a5dad0249870090ec695a5a0d6491343f5915",,"2024-05-07T11:30:00.000","30","TRAFFIC SIGNAL","FUNCTIONING PROPERLY","CLEAR","DAYLIGHT","REAR END","NOT DIVIDED",,"STRAIGHT AND LEVEL","DRY","UNKNOWN","ON SCENE","NO INJURY / DRIVE AWAY",,,,"OVER $1,500","2024-05-07T11:32:00.000","FOLLOWING TOO CLOSELY","DRIVING SKILLS/KNOWLEDGE/EXPERIENCE","1316","W","NORTH AVE","1433",,,,,,,"2","NO INDICATION OF INJURY","0","0","0","0","0","2","0","11","3","5","41.910832096","-87.661128682","POINT (-87.661128682209 41.910832095719)"
"ff821b91c1f6a0c2914bb3c2e40928554fa723329fc7ac61a2d971d72c60a0d5dbb8bde8fc76ea95dbbd046e3aca37158e466831d03306672666c61cfd0ad443",,"2024-05-07T11:30:00.000","35","NO CONTROLS","NO CONTROLS","CLEAR","DAYLIGHT","REAR END","NOT DIVIDED",,"STRAIGHT AND LEVEL","WET","NO DEFECTS","NOT ON SCENE (DESK REPORT)","NO INJURY / DRIVE AWAY",,,,"$501 - $1,500","2024-05-07T11:50:00.000","UNABLE TO DETERMINE","UNABLE TO DETERMINE","4343","W","PETERSON AVE","1711",,,,,,,"2","NO INDICATION OF INJURY","0","0","0","0","0","2","0","11","3","5","41.989909686","-87.737831479","POINT (-87.737831478694 41.989909685926)"
"dad214f114bed6408b8f05469c57d9063331f9b6551335f35e3eed8c8e708f5b51c02126226f464e05e0851b957c0e739ee0ef0033529626ecdee0c835c99078",,"2024-05-07T11:25:00.000","30","YIELD","FUNCTIONING PROPERLY","CLEAR","DAYLIGHT","ANGLE","T-INTERSECTION",,"STRAIGHT AND LEVEL","DRY","NO DEFECTS","ON SCENE","INJURY AND / OR TOW DUE TO CRASH","Y",,,"OVER $1,500","2024-05-07T11:36:00.000","DISREGARDING YIELD SIGN","UNABLE TO DETERMINE","5598","S","MICHIGAN AVE","225","Y","Y",,,,,"3","NONINCAPACITATING INJURY","2","0","0","1","1","1","0","11","3","5","41.792974522","-87.622568519","POINT (-87.622568518526 41.792974521896)"
"eaac3273827ba13c899ba3a0365e4ea8c23f660d38487674ee86dd52b2b4a6d993ee2b251a62e5ae46d8ff27c9f39095f4a623b8a113dabbed6574e9fc449945",,"2024-05-07T11:25:00.000","30","NO CONTROLS","NO CONTROLS","CLEAR","DAYLIGHT","REAR END","DIVIDED - W/MEDIAN (NOT RAISED)",,"STRAIGHT AND LEVEL","WET","NO DEFECTS","ON SCENE","NO INJURY / DRIVE AWAY",,,,"OVER $1,500","2024-05-07T11:32:00.000","UNABLE TO DETERMINE","NOT APPLICABLE","266","N","SACRAMENTO BLVD","1222",,,,,,,"2","NO INDICATION OF INJURY","0","0","0","0","0","2","0","11","3","5","41.886071299","-87.701494453","POINT (-87.701494452611 41.886071298618)"
"cff5734ff4d31fcebd4c5934ce8bca218b017b491c832f31484520d4c28404446f9437a379a74fdab9d878270f8cf210e64a8f98c57aa63e0842c7401df210ee",,"2024-05-07T11:20:00.000","30","TRAFFIC SIGNAL","FUNCTIONING PROPERLY","CLEAR","DAYLIGHT","SIDESWIPE SAME DIRECTION","NOT DIVIDED",,"STRAIGHT AND LEVEL","DRY","NO DEFECTS","NOT ON SCENE (DESK REPORT)","NO INJURY / DRIVE AWAY","Y",,,"OVER $1,500","2024-05-07T11:50:00.000","IMPROPER LANE USAGE","NOT APPLICABLE","2400","W","PERSHING RD","911",,,,,,,"2","NO INDICATION OF INJURY","0","0","0","0","0","2","0","11","3","5","41.82309676","-87.685018951","POINT (-87.685018950616 41.823096760166)"
"a5318a2d4cf2af09ad9c7a2914ac28f2b6d6b4fdb77c62bcd9a605a864847feefca963893eb855aa4f447761567d926be0ef0d6fd25aa43b9586333ca605fbd9","Y","2024-05-07T11:15:00.000","30","TRAFFIC SIGNAL","UNKNOWN","RAIN","DAYLIGHT","REAR END","NOT DIVIDED",,"STRAIGHT AND LEVEL","WET","UNKNOWN","NOT ON SCENE (DESK REPORT)","NO INJURY / DRIVE AWAY",,,,"OVER $1,500","2024-05-07T12:15:00.000","UNABLE TO DETERMINE","UNABLE TO DETERMINE","3052","N","ASHLAND AVE","1931",,,,,,,"2","NO INDICATION OF INJURY","0","0","0","0","0","3","0","11","3","5","41.937627675","-87.668734768","POINT (-87.668734768163 41.937627675456)"
"456369a6ef2e175d9cedb54157dd3039e6c933b84a5f9e156db99cfc3daaba5b4289e526b8f67613662b01717d5cb98ad541ecf2b1739895251915fd46c060ec",,"2024-05-07T11:07:00.000","30","TRAFFIC SIGNAL","FUNCTIONING PROPERLY","RAIN","DAYLIGHT","REAR END","FOUR WAY",,"STRAIGHT AND LEVEL","WET","UNKNOWN","ON SCENE","INJURY AND / OR TOW DUE TO CRASH","Y",,,"OVER $1,500","2024-05-07T11:07:00.000","UNABLE TO DETERMINE","UNABLE TO DETERMINE","7600","S","RACINE AVE","612","Y","Y",,,,,"2","NO INDICATION OF INJURY","0","0","0","0","0","2","0","11","3","5","41.755926794","-87.654025215","POINT (-87.65402521485 41.755926793676)"
"1424a3a234ccbf2ebf5a43c782092fa62e6ba58f1195a4630a8a91e6751679511ded2fbcbc51172839396bf810b435a1f146938c4b3b0fed7650980153aea7ae",,"2024-05-07T11:03:00.000","30","TRAFFIC SIGNAL","FUNCTIONING PROPERLY","RAIN","DAYLIGHT","REAR END","NOT DIVIDED",,"STRAIGHT AND LEVEL","WET","NO DEFECTS","ON SCENE","INJURY AND / OR TOW DUE TO CRASH",,,,"$501 - $1,500","2024-05-07T11:10:00.000","WEATHER","FAILING TO REDUCE SPEED TO AVOID CRASH","1962","W","LAWRENCE AVE","2032","Y","Y",,,,,"2","NONINCAPACITATING INJURY","2","0","0","2","0","0","0","11","3","5","41.968873068","-87.678640693","POINT (-87.678640693421 41.968873068199)"