"crash_record_id","crash_date_est_i","crash_date","posted_speed_limit","traffic_control_device","device_condition","weather_condition","lighting_condition","first_crash_type","trafficway_type","lane_cnt","alignment","roadway_surface_cond","road_defect","report_type","crash_type","intersection_related_i","private_property_i","hit_and_run_i","damage","date_police_notified","prim_contributory_cause","sec_contributory_cause","street_no","street_direction","street_name","beat_of_occurrence","photos_taken_i","statements_taken_i","dooring_i","work_zone_i","work_zone_type","workers_present_i","num_units","most_severe_injury","injuries_total","injuries_fatal","injuries_incapacitating","injuries_non_incapacitating","injuries_reported_not_evident","injuries_no_indication","injuries_unknown","crash_hour","crash_day_of_week","crash_month","latitude","longitude","location"
"76fa5de980f9114784adb46dbeb77dd6ad2b4a71acb27098d3f25480371ff772540ee1d78e58556bd871791d9831b511fcead33b6483fe839c8a4450527793cb",,"2024-05-07T11:01:00.000","30","NO CONTROLS","NO CONTROLS","CLEAR","DAYLIGHT","TURNING","DIVIDED - W/MEDIAN (NOT RAISED)",,"STRAIGHT AND LEVEL","WET","NO DEFECTS","ON SCENE","INJURY AND / OR TOW DUE TO CRASH",,,,"OVER $1,500","2024-05-07T11:20:00.000","FAILING TO YIELD RIGHT-OF-WAY","UNABLE TO DETERMINE","6150","N","BROADWAY","2433",,,,,,,"2","NO INDICATION OF INJURY","0","0","0","0","0","2","0","11","3","5","41.993734037","-87.660529288","POINT (-87.660529287875 41.993734037258)"
"0553a402a9133552808eaa0fe020f65dc78bbb9a3f0ab1f92f11b7541334a69e7c7973ac3c8a966a697b27e3b13c6d7d5de0f6e03452e0eca834cb488548616a",,"2024-05-07T11:00:00.000","30","NO CONTROLS","NO CONTROLS","CLOUDY/OVERCAST","DAYLIGHT","PARKED MOTOR VEHICLE","DIVIDED - W/MEDIAN (NOT RAISED)",,"STRAIGHT AND LEVEL","WET","NO DEFECTS","ON SCENE","NO INJURY / DRIVE AWAY",,,"Y","$500 OR LESS","2024-05-07T11:04:00.000","IMPROPER LANE USAGE","DRIVING SKILLS/KNOWLEDGE/EXPERIENCE","3633","N","WESTERN AVE","1921",,,,,,,"2","NO INDICATION OF INJURY","0","0","0","0","0","1","0","11","3","5","41.947725724","-87.688140973","POINT (-87.688140973178 41.947725724498)"
"f02671397a38131e0b6f88c513f931babdab0a9bd402d9b8bd5dfcf4468d0ceac0ab1a1214ce814a1bdfdb9b14b47188f7b8d605ff14000acd8f1521568eb772",,"2024-05-07T11:00:00.000","30","STOP SIGN/FLASHER","FUNCTIONING PROPERLY","CLEAR","DAYLIGHT","REAR END","FOUR WAY",,"STRAIGHT AND LEVEL","DRY","NO DEFECTS","NOT ON SCENE (DESK REPORT)","NO INJURY / DRIVE AWAY",,,"Y","OVER $1,500","2024-05-07T12:00:00.000","FOLLOWING TOO CLOSELY","FOLLOWING TOO CLOSELY","715","S","FRANCISCO AVE","1135","Y",,,,,,"2","NO INDICATION OF INJURY","0","0","0","0","0","2","0","11","3","5","41.87233405","-87.698366909","POINT (-87.6983669091 41.872334049539)"
"f376cd78c320c4c912c5f4720c569b0fc5cbfbe76eb3087c322225ced3c7bf0cec3a03303fdc23b44f5fe2e476cba50931fe70e200c191712e290f0ba620ed48",,"2024-05-07T11:00:00.000","30","TRAFFIC SIGNAL","FUNCTIONING PROPERLY","CLEAR","DAYLIGHT","ANGLE","NOT DIVIDED",,"STRAIGHT AND LEVEL","UNKNOWN","UNKNOWN","NOT ON SCENE (DESK REPORT)","NO INJURY / DRIVE AWAY",,,"Y","OVER $1,500","2024-05-07T18:00:00.000","UNABLE TO DETERMINE","NOT APPLICABLE","1600","W","CERMAK RD","1234",,,,,,,"2","NO INDICATION OF INJURY","0","0","0","0","0","2","0","11","3","5","41.852438049","-87.66615223","POINT (-87.666152230449 41.852438049213)"
"18611700e280c1b5d42fb2c3db3242cf2bcac469ec6fef5ac56da0dc7aa01d8c995cf19d67d3d1ec47df7bc13b90f91ece74ee7722baa0ecf0ebd8fbb162565e",,"2024-05-07T10:50:00.000","30","NO CONTROLS","NO CONTROLS","RAIN","DAYLIGHT","SIDESWIPE SAME DIRECTION","DIVIDED - W/MEDIAN (NOT RAISED)",,"STRAIGHT AND LEVEL","WET","NO DEFECTS","NOT ON SCENE (DESK REPORT)","NO INJURY / DRIVE AWAY",,,,"$501 - $1,500","2024-05-07T13:30:00.000","FAILING TO YIELD RIGHT-OF-WAY","DRIVING SKILLS/KNOWLEDGE/EXPERIENCE","2400","S","INDIANA AVE","132",,,,,,,"2","NO INDICATION OF INJURY","0","0","0","0","0","2","0","10","3","5","41.849261629","-87.622339706","POINT (-87.622339705556 41.849261628835)"
"eb3e7a74912920de8f69dfc0014ce78e8649b3e7ba0e21519877451779ffc6f70c06f53968571e77d8c5d95c8d4ebf22dbb663fe2cf0cbc670b5932b84066ff8",,"2024-05-07T10:45:00.000","30","TRAFFIC SIGNAL","FUNCTIONING PROPERLY","RAIN","DAYLIGHT","REAR END","FOUR WAY",,"STRAIGHT AND LEVEL","WET","NO DEFECTS","NOT ON SCENE (DESK REPORT)","INJURY AND / OR TOW DUE TO CRASH",,,,"OVER $1,500","2024-05-07T11:00:00.000","FOLLOWING TOO CLOSELY","UNABLE TO DETERMINE","7558","S","STONY ISLAND AVE","411",,,,,,,"2","REPORTED, NOT EVIDENT","2","0","0","0","2","1","0","10","3","5","41.75698776","-87.586236471","POINT (-87.586236471042 41.756987759581)"
"f8ac7811d025acbeed04c0d1179a017222ef953fbec83aefc41257cfd8b290bc6468c09e847f80098e5311b86e0fee3620884bc33a4509bd8a7c12e11b3c6f1c",,"2024-05-07T10:37:00.000","30","STOP SIGN/FLASHER","FUNCTIONING PROPERLY","CLEAR","DAYLIGHT","ANGLE","T-INTERSECTION",,"STRAIGHT AND LEVEL","WET","NO DEFECTS","ON SCENE","INJURY AND / OR TOW DUE TO CRASH","Y",,,"OVER $1,500","2024-05-07T10:38:00.000","UNABLE TO DETERMINE","NOT APPLICABLE","5700","S","BLACKSTONE AVE","235",,,,,,,"2","NO INDICATION OF INJURY","0","0","0","0","0","2","0","10","3","5","41.791416353","-87.590397521","POINT (-87.590397521403 41.791416353165)"
"bf0038728a95cc6179fdd47e7ac6c416cafa5afd1f7202aae17543eef109da7b41bcfa800fcb41daf6328a46df6d61a6521caeb6cb6dfaa7ae0dc07fa7ddbbe0",,"2024-05-07T10:36:00.000","30","NO CONTROLS","NO CONTROLS","CLEAR","DAYLIGHT","REAR END","NOT DIVIDED",,"STRAIGHT AND LEVEL","WET","NO DEFECTS","NOT ON SCENE (DESK REPORT)","NO INJURY / DRIVE AWAY",,,"Y","OVER $1,500","2024-05-07T11:10:00.000","UNABLE TO DETERMINE","UNABLE TO DETERMINE","5600","S","KEDZIE AVE","822",,,,,,,"2","NO INDICATION OF INJURY","0","0","0","0","0","2","0","10","3","5","41.791605035","-87.703648882","POINT (-87.703648882176 41.791605035051)"
"671c45bd322546367900ff74a5ab24b1ffa10e4bd967a2465b784c04b6594a54ed7b28806150c28a6dab11ca9348520b55630dc1011b8ff94c0260893217404d",,"2024-05-07T10:35:00.000","30","NO CONTROLS","NO CONTROLS","CLEAR","DAYLIGHT","REAR END","NOT DIVIDED",,"STRAIGHT AND LEVEL","WET","UNKNOWN","ON SCENE","INJURY AND / OR TOW DUE TO CRASH",,,,"$501 - $1,500","2024-05-07T10:45:00.000","WEATHER","NOT APPLICABLE","1130","N","LAKE SHORE DR","1824",,,,,,,"2","NONINCAPACITATING INJURY","1","0","0","1","0","1","0","10","3","5","41.903255303","-87.624916339","POINT (-87.624916339282 41.903255302518)"
"d4947cfb9b07119957b2549a518edc0a54c8b14d3b28df9d99f520283996bbfa1a8f9334f8c5aef777ded8e8572e10691420528946fa08ddbe3785b3e95fae2b",,"2024-05-07T10:35:00.000","30","TRAFFIC SIGNAL","FUNCTIONING PROPERLY","CLEAR","DARKNESS, LIGHTED ROAD","REAR END","RAMP",,"STRAIGHT AND LEVEL","DRY","NO DEFECTS","NOT ON SCENE (DESK REPORT)","NO INJURY / DRIVE AWAY",,,,"OVER $1,500","2024-05-08T07:30:00.000","UNABLE TO DETERMINE","NOT APPLICABLE","1901","W","29TH ST","912",,,,,,,"2","NO INDICATION OF INJURY","0","0","0","0","0","2","0","10","3","5","41.839970954","-87.672591663","POINT (-87.672591663318 41.839970953943)"
"372c409b459114ccdfece8bbd932b60bd6dce294b1e7c1dc84683084761c6df22e0c4632d457037fffeaf8eb34931e7384c74ab85dab7d784da1df28444e3b05",,"2024-05-07T10:30:00.000","25","NO CONTROLS","NO CONTROLS","UNKNOWN","DAYLIGHT","PARKED MOTOR VEHICLE","DIVIDED - W/MEDIAN (NOT RAISED)",,"STRAIGHT AND LEVEL","UNKNOWN","UNKNOWN","NOT ON SCENE (DESK REPORT)","NO INJURY / DRIVE AWAY",,,"Y","OVER $1,500","2024-05-07T12:01:00.000","UNABLE TO DETERMINE","UNABLE TO DETERMINE","4839","N","KIMBALL AVE","1713",,,,,,,"2","NO INDICATION OF INJURY","0","0","0","0","0","1","0","10","3","5","41.969568647","-87.713250453","POINT (-87.713250453083 41.969568647299)"
"5cecfc7a8eca0723d2d9d2062e797f6ecc5449e45fac4bce1895de0e63fbf8083ce26d007ffcbc44d492573e0272908c780ce3c876b77ee70a72f557ee225d57",,"2024-05-07T10:30:00.000","30","STOP SIGN/FLASHER","FUNCTIONING PROPERLY","CLEAR","DAYLIGHT","ANGLE","FOUR WAY",,"STRAIGHT AND LEVEL","WET","NO DEFECTS","ON SCENE","INJURY AND / OR TOW DUE TO CRASH","Y",,,"OVER $1,500","2024-05-07T10:42:00.000","FAILING TO YIELD RIGHT-OF-WAY","IMPROPER TURNING/NO SIGNAL","3600","N","MAJOR AVE","1633",,,,,,,"2","NO INDICATION OF INJURY","0","0","0","0","0","2","0","10","3","5","41.945892553","-87.769340534","POINT (-87.769340533866 41.945892553211)"
"bee62b7f2270d4bf8d1c9bf15d3a232704637da44a9b6d290fb3b80f84223cfe72ba5f631c28144bc917976473cc7e41ca300e0e6bbfc4341a71738a17b8f326","Y","2024-05-07T10:30:00.000","30","TRAFFIC SIGNAL","FUNCTIONING PROPERLY","RAIN","DAYLIGHT","REAR END","DIVIDED - W/MEDIAN (NOT RAISED)",,"STRAIGHT AND LEVEL","WET","NO DEFECTS","ON SCENE","NO INJURY / DRIVE AWAY",,,,"OVER $1,500","2024-05-07T10:33:00.000","UNABLE TO DETERMINE","UNABLE TO DETERMINE","5159","N","CICERO AVE","1712",,,,,,,"3","NO INDICATION OF INJURY","0","0","0","0","0","4","0","10","3","5","41.975257338","-87.747841434","POINT (-87.747841433843 41.975257337683)"
"d889573ef11f686e675b047805afcccc26340baf364ecae3ffa885d998cec4841dbf250689969432d1074781885004feb0d6e318df3609591461bf84313b8817",,"2024-05-07T10:30:00.000","30","TRAFFIC SIGNAL","FUNCTIONING PROPERLY","CLOUDY/OVERCAST","DAYLIGHT","REAR END","DIVIDED - W/MEDIAN (NOT RAISED)",,"STRAIGHT AND LEVEL","WET","NO DEFECTS","NOT ON SCENE (DESK REPORT)","NO INJURY / DRIVE AWAY",,,,"$501 - $1,500","2024-05-07T11:45:00.000","FOLLOWING TOO CLOSELY","NOT APPLICABLE","1400","N","CICERO AVE","2533",,,,,,,"2","NO INDICATION OF INJURY","0","0","0","0","0","2","0","10","3","5","41.90607716","-87.746184725","POINT (-87.746184725268 41.906077159957)"
"13598d863d5ce548a27e9bce58213da8ecf298678d55cd35a017623fbf67b1212af88df68ae092b804e910dc005f22d83c304bb0892ce7ed32698d88a34c3f1f",,"2024-05-07T10:20:00.000","10","NO CONTROLS","NO CONTROLS","RAIN","DAYLIGHT","REAR TO FRONT","PARKING LOT",,"STRAIGHT AND LEVEL","WET","NO DEFECTS","NOT ON SCENE (DESK REPORT)","NO INJURY / DRIVE AWAY",,"Y",,"OVER $1,500","2024-05-07T11:00:00.000","IMPROPER BACKING","UNABLE TO DETERMINE","9801","S","AVENUE H","432",,,,,,,"2","NO INDICATION OF INJURY","0","0","0","0","0","3","0","10","3","5","41.717697433","-87.532719943","POINT (-87.532719942515 41.717697433381)"
"d53f624e2c99d2d1e8747496f64232992b5ec060a323d6ac53937374a1e104edda7c6c314bd4f62a4647c313090bc35b207ea47484a46abd42f1d3ff9852b758",,"2024-05-07T10:20:00.000","30","NO CONTROLS","NO CONTROLS","CLEAR","DAYLIGHT","REAR TO FRONT","NOT DIVIDED",,"STRAIGHT AND LEVEL","DRY","NO DEFECTS","NOT ON SCENE (DESK REPORT)","NO INJURY / DRIVE AWAY",,,"Y","$501 - $1,500","2024-05-07T11:31:00.000","UNABLE TO DETERMINE","UNABLE TO DETERMINE","4817","W","FERDINAND ST","1532",,,,,,,"2","NO INDICATION OF INJURY","0","0","0","0","0","2","0","10","3","5","41.889449491","-87.746456793","POINT (-87.746456792707 41.889449491323)"
"21a100e5babfa947d5c387629d8945de5aa0e11f57d012e72c724e96c0334a7e65c2e33ea5c80acc080f6e8fc9710f3d5963467fbfa834d6a16a121677fc9e6a",,"2024-05-07T10:15:00.000","30","NO CONTROLS","NO CONTROLS","RAIN","DAYLIGHT","TURNING","DIVIDED - W/MEDIAN (NOT RAISED)",,"STRAIGHT AND LEVEL","WET","UNKNOWN","ON SCENE","NO INJURY / DRIVE AWAY",,,,"OVER $1,500","2024-05-07T10:15:00.000","FAILING TO YIELD RIGHT-OF-WAY","IMPROPER TURNING/NO SIGNAL","2138","S","INDIANA AVE","132",,,,,,,"2","NO INDICATION OF INJURY","0","0","0","0","0","2","0","10","3","5","41.853078001","-87.622384297","POINT (-87.622384296603 41.853078001272)"
"b6db629a6a84414e0f98476388ea106dc5b60df940b4c1d5654226f5913cd4af30f8a309fa4054922d392a985a7aa689dc78bc245fe3f1b9b07b907b352244a9",,"2024-05-07T10:15:00.000","35","TRAFFIC SIGNAL","FUNCTIONING PROPERLY","CLEAR","DAYLIGHT","SIDESWIPE SAME DIRECTION","NOT DIVIDED",,"STRAIGHT AND LEVEL","WET","NO DEFECTS","ON SCENE","INJURY AND / OR TOW DUE TO CRASH",,,,"OVER $1,500","2024-05-07T10:15:00.000","NOT APPLICABLE","NOT APPLICABLE","370","E","GARFIELD BLVD","231",,,,,,,"2","NONINCAPACITATING INJURY","1","0","0","1","0","1","0","10","3","5","41.794910264","-87.616390557","POINT (-87.616390557454 41.794910264029)"
"f733662cf04cd598f943984beb903f1b40542f77bdfd9b723596b4a8a43f34eebf304675a4aba1167f7a397e2a2a9d04c5827cfaa2deb5da3d491cf7a00440a5",,"2024-05-07T10:15:00.000","30","NO CONTROLS","NO CONTROLS","RAIN","DAYLIGHT","SIDESWIPE SAME DIRECTION","ONE-WAY",,"STRAIGHT AND LEVEL","WET","NO DEFECTS","ON SCENE","INJURY AND / OR TOW DUE TO CRASH",,,,"OVER $1,500","2024-05-07T10:19:00.000","FAILING TO YIELD RIGHT-OF-WAY","NOT APPLICABLE","405","S","FRANKLIN ST","122",,,,,,,"2","NO INDICATION OF INJURY","0","0","0","0","0","2","0","10","3","5","41.876716966","-87.635026618","POINT (-87.635026618099 41.876716966332)"
"b7d517fb80f39eb28dd5432bea25a599c126abf5c52f2eeba34b5529638a4d42b18f9f5250591cf6020edc6542d3e6868ab6af5b439b12b6e21d64a129a532cc",,"2024-05-07T10:13:00.000","30","TRAFFIC SIGNAL","FUNCTIONING PROPERLY","RAIN","DAYLIGHT","ANGLE","DIVIDED - W/MEDIAN (NOT RAISED)",,"STRAIGHT AND LEVEL","WET","NO DEFECTS","ON SCENE","INJURY AND / OR TOW DUE TO CRASH","Y",,,"OVER $1,500","2024-05-07T10:15:00.000","DISREGARDING TRAFFIC SIGNALS","NOT APPLICABLE","7001","W","BELMONT AVE","2511",,,,,,,"2","NONINCAPACITATING INJURY","1","0","0","1","0","1","0","10","3","5","41.937966228","-87.801285947","POINT (-87.801285946633 41.937966227672)"
"1a30881fc244b0fcdb0384bdf69057cb734f7f654b8cc352f33a2b98f410b83f3d5d03dc2dca8ca51f67f24f3ad8f92a33a0d3c3ffa329f6e40d4d82fe3430a3",,"2024-05-07T10:00:00.000","30","NO CONTROLS","NO CONTROLS","RAIN","DAYLIGHT","REAR END","DIVIDED - W/MEDIAN BARRIER",,"STRAIGHT AND LEVEL","WET","NO DEFECTS","NOT ON SCENE (DESK REPORT)","NO INJURY / DRIVE AWAY",,,"Y","OVER $1,500","2024-05-07T11:30:00.000","DRIVING SKILLS/KNOWLEDGE/EXPERIENCE","DRIVING SKILLS/KNOWLEDGE/EXPERIENCE","8114","S","STONY ISLAND AVE","411",,,,,,,"2","NO INDICATION OF INJURY","0","0","0","0","0","2","0","10","3","5","41.747353626","-87.586027906","POINT (-87.586027905633 41.7473536264)"
"48768fabeb2c7187db844e5148f12e8be9f6052683eb36a3a30b7cab71cb828efa642046855e28c48bf94db52e936176c973ae368c9bcc97c2545091c1f03495",,"2024-05-07T10:00:00.000","30","TRAFFIC SIGNAL","UNKNOWN","UNKNOWN","UNKNOWN","TURNING","DIVIDED - W/MEDIAN (NOT RAISED)",,"STRAIGHT AND LEVEL","UNKNOWN","UNKNOWN","NOT ON SCENE (DESK REPORT)","NO INJURY / DRIVE AWAY","N",,,"OVER $1,500","2024-05-07T10:40:00.000","NOT APPLICABLE","NOT APPLICABLE","2428","S","BLUE ISLAND AVE","1034",,,,,,,"2","NO INDICATION OF INJURY","0","0","0","0","0","2","0","10","3","5","41.848266361","-87.676774535","POINT (-87.676774535077 41.848266361368)"
"4c89071fa75df95051abecb3d23093bc4d5979a7785e6ccc529d1e9ad7520ff6a66890c92bca439245303d084489431ae3df9bdd2e6f1718ea2c50d912341eeb",,"2024-05-07T10:00:00.000","30","STOP SIGN/FLASHER","FUNCTIONING PROPERLY","RAIN","DAYLIGHT","ANGLE","NOT DIVIDED",,"STRAIGHT AND LEVEL","WET","NO DEFECTS","NOT ON SCENE (DESK REPORT)","NO INJURY / DRIVE AWAY",,,,"OVER $1,500","2024-05-07T21:00:00.000","UNABLE TO DETERMINE","NOT APPLICABLE","5900","S","SAWYER AVE","822",,,,,,,"2","NO INDICATION OF INJURY","0","0","0","0","0","2","0","10","3","5","41.786131041","-87.704708348","POINT (-87.704708347592 41.786131041284)"
"677e43be206fcfe8eef4bd7aa7eb6cce51b2235e41ec491f2e34e1a5a3a6a71595ac01a2f6c92d963c65e2eb4565ddf21759abfb767f613ce003a5b208df8606",,"2024-05-07T10:00:00.000","30","TRAFFIC SIGNAL","UNKNOWN","UNKNOWN","UNKNOWN","PARKED MOTOR VEHICLE","FOUR WAY",,"STRAIGHT AND LEVEL","UNKNOWN","UNKNOWN","NOT ON SCENE (DESK REPORT)","NO INJURY / DRIVE AWAY",,,"Y","OVER $1,500","2024-05-08T11:10:00.000","NOT APPLICABLE","NOT APPLICABLE","6903","S","HALSTED ST","732",,,,,,,"2","NO INDICATION OF INJURY","0","0","0","0","0","1","0","10","3","5","41.768691949","-87.644356747","POINT (-87.644356746512 41.76869194879)"
"77794fddd742837096045602e65bbdd9665414c9f29dc5e259b5464fe052b7a3424f9c906d4f0f7d5382c0412e13133ca73da44184067e4f7015a1b6f7c79d5b",,"2024-05-07T10:00:00.000","25","NO CONTROLS","NO CONTROLS","CLOUDY/OVERCAST","DAYLIGHT","FIXED OBJECT","ONE-WAY",,"STRAIGHT AND LEVEL","WET","NO DEFECTS","ON SCENE","NO INJURY / DRIVE AWAY",,,,"$500 OR LESS","2024-05-07T10:50:00.000","IMPROPER BACKING","NOT APPLICABLE","2600","S","FORT DEARBORN","133",,,,,,,"1","NO INDICATION OF INJURY","0","0","0","0","0","41","0","10","3","5","41.845781704","-87.61088889","POINT (-87.610888889723 41.845781704199)"
"ce37b784a7df847397040b1d719e65086f3b89453b8388120900979345582136ab2189d070f90eae45c3ac66973fe3f204e27d67e41de360f95bb25ddc79de74",,"2024-05-07T10:00:00.000","30","NO CONTROLS","NO CONTROLS","CLEAR","DAYLIGHT","PARKED MOTOR VEHICLE","PARKING LOT",,"STRAIGHT AND LEVEL","DRY","NO DEFECTS","NOT ON SCENE (DESK REPORT)","NO INJURY / DRIVE AWAY",,,"Y","OVER $1,500","2024-05-07T13:30:00.000","UNABLE TO DETERMINE","NOT APPLICABLE","800","W","CERMAK RD","1235",,,,,,,"2","NO INDICATION OF INJURY","0","0","0","0","0","1","0","10","3","5","41.852755184","-87.646579859","POINT (-87.64657985879 41.852755184496)"
"4b071f02d0aea72f3f9d2afacf10224a428e8a794fff9cb01c82f79f992e24c64d07acc2755536a5a84cb22fc548361f24cfee1ccb90eb7ef95d32d78773190f",,"2024-05-07T09:55:00.000","10","NO CONTROLS","NO CONTROLS","RAIN","DAYLIGHT","SIDESWIPE SAME DIRECTION","PARKING LOT",,"STRAIGHT AND LEVEL","WET","NO DEFECTS","NOT ON SCENE (DESK REPORT)","NO INJURY / DRIVE AWAY",,,,"OVER $1,500","2024-05-07T12:25:00.000","IMPROPER LANE USAGE","NOT APPLICABLE","3241","S","MICHIGAN AVE","211",,,,,,,"2","NO INDICATION OF INJURY","0","0","0","0","0","2","0","9","3","5","41.835282155","-87.623201197","POINT (-87.623201196758 41.835282155236)"
"29615a54f505423085b7bc5b74a2553300d980a0b4063e72405650062957970d6ee8f83a36d70d4f664b32c8330b0a2a42a9cc75588460c55bab9249b94b5faf","Y","2024-05-07T09:50:00.000","30","NO CONTROLS","NO CONTROLS","RAIN","DAYLIGHT","PARKED MOTOR VEHICLE","NOT DIVIDED",,"STRAIGHT AND LEVEL","WET","NO DEFECTS","NOT ON SCENE (DESK REPORT)","NO INJURY / DRIVE AWAY",,,,"OVER $1,500","2024-05-07T10:10:00.000","IMPROPER OVERTAKING/PASSING","IMPROPER OVERTAKING/PASSING","1125","W","LOYOLA AVE","2432",,,,,,,"2","NO INDICATION OF INJURY","0","0","0","0","0","2","0","9","3","5","42.001437638","-87.659622459","POINT (-87.659622459309 42.001437637538)"
"d23dc8a2ab837c1ef92b6c2558337bb41d9ef34424a516d5408490d9a5b3454e5576a83d58e3e9f5086a30ecbf09a0c8873894e2253414ad7f68355760cdadf4",,"2024-05-07T09:40:00.000","30","TRAFFIC SIGNAL","FUNCTIONING PROPERLY","RAIN","DAYLIGHT","ANGLE","FOUR WAY",,"STRAIGHT AND LEVEL","WET","NO DEFECTS","NOT ON SCENE (DESK REPORT)","NO INJURY / DRIVE AWAY","Y",,"Y","OVER $1,500","2024-05-07T10:00:00.000","DISREGARDING TRAFFIC SIGNALS","DISREGARDING TRAFFIC SIGNALS","3200","W","POLK ST","1134",,,,,,,"2","NO INDICATION OF INJURY","0","0","0","0","0","2","0","9","3","5","41.871069328","-87.70594538","POINT (-87.705945379912 41.871069328291)"
"f1b404da6b7516573a1b393577e15127b971b7ff4c91a7d55c2ac85bd21ff10ad9e6644495b1cdb335d880eb51ba3c3443f7d91a4795c23f34b5e064b3fd8d4f",,"2024-05-07T09:30:00.000","30","STOP SIGN/FLASHER","FUNCTIONING PROPERLY","RAIN","DAYLIGHT","ANGLE","FOUR WAY",,"STRAIGHT AND LEVEL","WET","UNKNOWN","NOT ON SCENE (DESK REPORT)","NO INJURY / DRIVE AWAY","Y",,,"OVER $1,500","2024-05-07T10:45:00.000","WEATHER","NOT APPLICABLE","3300","S","WOOD ST","912",,,,,,,"2","NO INDICATION OF INJURY","0","0","0","0","0","2","0","9","3","5","41.834055147","-87.670624943","POINT (-87.670624943489 41.834055147385)"
"64196e5107b921ebe8bb83c2d01104cb9f6f8f0d990188d3815d3a3d7b5b68951016197854d42b642e296d4537b01ca69d02023e9a809f1ba1a2dc360a8bf653",,"2024-05-07T09:20:00.000","30","NO CONTROLS","NO CONTROLS","RAIN","DAYLIGHT","TURNING","DIVIDED - W/MEDIAN (NOT RAISED)",,"STRAIGHT AND LEVEL","WET","NO DEFECTS","ON SCENE","INJURY AND / OR TOW DUE TO CRASH",,,,"OVER $1,500","2024-05-07T09:39:00.000","FAILING TO YIELD RIGHT-OF-WAY","NOT APPLICABLE","4011","W","BELMONT AVE","2523",,,,,,,"3","NO INDICATION OF INJURY","0","0","0","0","0","3","0","9","3","5","41.938979358","-87.727686792","POINT (-87.727686792457 41.93897935784)"
"835e599beecd6c226b94144f66d22e4b14d755a4db4a3c8598fed817c3717cebb6314a960423edb02fc132cd60df34f425e6a95b1d2adeb2440f2eb6ba218da8",,"2024-05-07T09:20:00.000","30","TRAFFIC SIGNAL","FUNCTIONING PROPERLY","RAIN","DAYLIGHT","SIDESWIPE SAME DIRECTION","NOT DIVIDED",,"STRAIGHT AND LEVEL","WET","NO DEFECTS","NOT ON SCENE (DESK REPORT)","NO INJURY / DRIVE AWAY",,,,"$500 OR LESS","2024-05-07T09:30:00.000","FAILING TO YIELD RIGHT-OF-WAY","FAILING TO YIELD RIGHT-OF-WAY","10300","S","WOODLAWN AVE","512",,,,,,,"2","NO INDICATION OF INJURY","0","0","0","0","0","4","0","9","3","5","41.707550333","-87.594340702","POINT (-87.594340702015 41.707550333282)"
"c1eec80eec44865743860431b7ba61dfab5e730a2b7ae66b1982df8e10fb873061a4db267624e530a2fc3ea0b7bca310787b1b872e8bf1a204274b9107407433",,"2024-05-07T09:15:00.000","25","NO CONTROLS","NO CONTROLS","RAIN","DAYLIGHT","PARKED MOTOR VEHICLE","NOT DIVIDED",,"STRAIGHT AND LEVEL","WET","NO DEFECTS","NOT ON SCENE (DESK REPORT)","INJURY AND / OR TOW DUE TO CRASH",,,"Y","OVER $1,500","2024-05-07T10:45:00.000","UNABLE TO DETERMINE","NOT APPLICABLE","2108","N","CENTRAL PARK AVE","2525",,,,,,,"2","NO INDICATION OF INJURY","0","0","0","0","0","1","0","9","3","5","41.919411034","-87.716983142","POINT (-87.716983141623 41.91941103438)"
"3ff411e1f4251c94ad17ed09eb4b0d5d417590909178bc7173e8dcac004702685af8079e35198bae8ad6ed5e8789bad11c0fe5652cbb12dc2a862a2820e5ba6a",,"2024-05-07T09:10:00.000","30","STOP SIGN/FLASHER","FUNCTIONING PROPERLY","RAIN","DAYLIGHT","REAR END","NOT DIVIDED",,"STRAIGHT AND LEVEL","WET","NO DEFECTS","ON SCENE","INJURY AND / OR TOW DUE TO CRASH","Y",,,"OVER $1,500","2024-05-07T09:14:00.000","NOT APPLICABLE","NOT APPLICABLE","4400","S","ROCKWELL ST","922",,,,,,,"2","REPORTED, NOT EVIDENT","1","0","0","0","1","3","0","9","3","5","41.813711419","-87.689618748","POINT (-87.68961874782 41.813711418831)"