"crash_record_id","crash_date_est_i","crash_date","posted_speed_limit","traffic_control_device","device_condition","weather_condition","lighting_condition","first_crash_type","trafficway_type","lane_cnt","alignment","roadway_surface_cond","road_defect","report_type","crash_type","intersection_related_i","private_property_i","hit_and_run_i","damage","date_police_notified","prim_contributory_cause","sec_contributory_cause","street_no","street_direction","street_name","beat_of_occurrence","photos_taken_i","statements_taken_i","dooring_i","work_zone_i","work_zone_type","workers_present_i","num_units","most_severe_injury","injuries_total","injuries_fatal","injuries_incapacitating","injuries_non_incapacitating","injuries_reported_not_evident","injuries_no_indication","injuries_unknown","crash_hour","crash_day_of_week","crash_month","latitude","longitude","location"
"4b0020945e27aa09d79be72f1dedb16fa839439a19d9f416b24f5457747ad63fcb7c9143f41ec8d8edf4acd54032a38c0bf3d7506595ee8754d0950b470da2b8",,"2024-05-07T09:04:00.000","30","NO CONTROLS","NO CONTROLS","RAIN","DAYLIGHT","PARKED MOTOR VEHICLE","NOT DIVIDED",,"STRAIGHT AND LEVEL","WET","UNKNOWN","ON SCENE","INJURY AND / OR TOW DUE TO CRASH",,,,"OVER $1,500","2024-05-07T12:41:00.000","DRIVING SKILLS/KNOWLEDGE/EXPERIENCE","DRIVING SKILLS/KNOWLEDGE/EXPERIENCE","4518","W","GEORGE ST","2521",,,,,,,"2","NO INDICATION OF INJURY","0","0","0","0","0","1","0","9","3","5","41.933552926","-87.740186353","POINT (-87.74018635302 41.933552925813)"
"29f0fedfa8bdf10c8d0ec6c73ea6583fb84f408c2c0bb3e58908fc048028a57b0106f3ccca27aaaa0f347c984face4efb615d46f07bd725367774977afd844b5",,"2024-05-07T09:00:00.000","30","NO CONTROLS","NO CONTROLS","CLEAR","DAYLIGHT","SIDESWIPE SAME DIRECTION","NOT DIVIDED",,"STRAIGHT AND LEVEL","WET","OTHER","ON SCENE","NO INJURY / DRIVE AWAY",,,,"OVER $1,500","2024-05-07T10:00:00.000","IMPROPER OVERTAKING/PASSING","UNABLE TO DETERMINE","6914","W","ARCHER AVE","811",,,,,,,"2","NO INDICATION OF INJURY","0","0","0","0","0","2","0","9","3","5","41.792207078","-87.794721882","POINT (-87.794721881942 41.792207078301)"
"acb5aff98af78e351ff5a0ab57514e5bd4755839a3c0b9e372d25efeaf096bb2f297da72b80b7ad762558c26a9a357eff54aafc9ae162d0613bff9b9acb3a8f2",,"2024-05-07T09:00:00.000","30","NO CONTROLS","NO CONTROLS","RAIN","DAYLIGHT","REAR TO FRONT","NOT DIVIDED",,"STRAIGHT AND LEVEL","WET","NO DEFECTS","NOT ON SCENE (DESK REPORT)","NO INJURY / DRIVE AWAY","Y",,,"OVER $1,500","2024-05-07T09:55:00.000","UNABLE TO DETERMINE","NOT APPLICABLE","475","E","115TH ST","532",,,,,,,"2","NO INDICATION OF INJURY","0","0","0","0","0","3","0","9","3","5","41.685332253","-87.611428669","POINT (-87.611428668891 41.685332253368)"
"bec83e0393ec2cd48e81fa8b6b50f686afc545fc8043727f876e5d71cb1f2106dbe6ed2b2acce1ef102f81f88238465cb49c2cf813b0b8832d6e9e5a7b903cee",,"2024-05-07T09:00:00.000","30","UNKNOWN","UNKNOWN","UNKNOWN","UNKNOWN","PARKED MOTOR VEHICLE","NOT DIVIDED",,"STRAIGHT AND LEVEL","UNKNOWN","UNKNOWN","NOT ON SCENE (DESK REPORT)","NO INJURY / DRIVE AWAY",,,"Y","OVER $1,500","2024-05-07T11:00:00.000","UNABLE TO DETERMINE","NOT APPLICABLE","3930","N","BROADWAY","1923",,,,,,,"2","NO INDICATION OF INJURY","0","0","0","0","0","1","0","9","3","5","41.953661","-87.650110007","POINT (-87.650110007026 41.953661000056)"
"b98eb57fe811e891064e1052f822f8e8e823744c4869c198c640bac136092935af9212a269299860628f3d2ebe2ee3cc6ed468b8ea08b08bd630df2426d822d9",,"2024-05-07T08:59:00.000","30","NO CONTROLS","NO CONTROLS","RAIN","DAYLIGHT","PARKED MOTOR VEHICLE","ONE-WAY",,"STRAIGHT AND LEVEL","WET","NO DEFECTS","NOT ON SCENE (DESK REPORT)","NO INJURY / DRIVE AWAY",,,,"$500 OR LESS","2024-05-07T12:20:00.000","IMPROPER BACKING","UNABLE TO DETERMINE","7040","S","CALUMET AVE","322",,,,,,,"2","NO INDICATION OF INJURY","0","0","0","0","0","1","0","8","3","5","41.766238342","-87.617029484","POINT (-87.617029484314 41.766238342473)"
"962aca40c41f8ef0fbd6c31567d0e52f959232311c2276568e8291d74a151af04d06a903f84104e16e647bd9460bc502aa1e1816e6ce1b5af7cebf9b11b1a9db",,"2024-05-07T08:50:00.000","30","TRAFFIC SIGNAL","FUNCTIONING PROPERLY","CLEAR","DAYLIGHT","SIDESWIPE SAME DIRECTION","NOT DIVIDED",,"STRAIGHT AND LEVEL","DRY","NO DEFECTS","NOT ON SCENE (DESK REPORT)","NO INJURY / DRIVE AWAY",,"N","Y","$501 - $1,500","2024-05-07T10:30:00.000","DRIVING SKILLS/KNOWLEDGE/EXPERIENCE","DRIVING SKILLS/KNOWLEDGE/EXPERIENCE","432","E","87TH ST","632","Y",,,,,,"2","NO INDICATION OF INJURY","0","0","0","0","0","2","0","8","3","5","41.736633762","-87.613075785","POINT (-87.6130757851 41.73663376152)"
"5e47b3c368aecc59286db20bbb03e417524fefe60b9db8cebaff4c0b2b1c7b2ad5d7c24e9e2d69d0263365dcd83f5abc9f644d3326d688bade5147a86935dfef",,"2024-05-07T08:46:00.000","30","STOP SIGN/FLASHER","FUNCTIONING PROPERLY","RAIN","DAYLIGHT","ANGLE","NOT DIVIDED",,"STRAIGHT AND LEVEL","WET","NO DEFECTS","NOT ON SCENE (DESK REPORT)","NO INJURY / DRIVE AWAY",,,"Y","OVER $1,500","2024-05-07T09:20:00.000","FAILING TO YIELD RIGHT-OF-WAY","NOT APPLICABLE","8900","S","VINCENNES AVE","2222",,,,,,,"2","NO INDICATION OF INJURY","0","0","0","0","0","2","0","8","3","5","41.732460257","-87.646702948","POINT (-87.646702948308 41.732460257432)"
"24c24fe6b03c26bd6a2285ed5681cb7a1f75c23ff34779e7c0b66b329d2ac2207216ae5288570c4c3c2a3b61c1835b6eb2ef92aefc3ac8da3d3ae67ffc236cbb",,"2024-05-07T08:36:00.000","30","TRAFFIC SIGNAL","FUNCTIONING PROPERLY","RAIN","DAYLIGHT","ANGLE","DIVIDED - W/MEDIAN (NOT RAISED)",,"STRAIGHT AND LEVEL","WET","UNKNOWN","ON SCENE","INJURY AND / OR TOW DUE TO CRASH","Y",,"Y","OVER $1,500","2024-05-07T08:36:00.000","OPERATING VEHICLE IN ERRATIC, RECKLESS, CARELESS, NEGLIGENT OR AGGRESSIVE MANNER","FAILING TO YIELD RIGHT-OF-WAY","5889","S","ARCHER AVE","814",,,,,,,"2","NO INDICATION OF INJURY","0","0","0","0","0","2","0","8","3","5","41.795606379","-87.762313038","POINT (-87.762313038499 41.795606379328)"
"5a00a154cd5bf4038c3878e6ba9f3606e7a65ab03987a35bfbabb2fcbd39630a4c2acd067ecfc5a05254f2ebe7754d4801127f441582ab04ddf914864e7dfad9",,"2024-05-07T08:30:00.000","30","NO CONTROLS","NO CONTROLS","CLEAR","DAYLIGHT","SIDESWIPE SAME DIRECTION","NOT DIVIDED",,"STRAIGHT AND LEVEL","UNKNOWN","UNKNOWN","NOT ON SCENE (DESK REPORT)","NO INJURY / DRIVE AWAY",,,,"$501 - $1,500","2024-05-07T14:10:00.000","UNABLE TO DETERMINE","NOT APPLICABLE","5400","W","BLOOMINGDALE AVE","2532",,,,,,,"2","NO INDICATION OF INJURY","0","0","0","0","0","2","0","8","3","5","41.913202387","-87.760749703","POINT (-87.760749703108 41.913202387465)"
"8f5802f517b860cc03fd8b55806d548f53e96e90e7fa1607adacc268c7f9a7b00528e06f14db0de1b38077d3f4a01f4f88ca7d159fa43baa59e6305184fbe743",,"2024-05-07T08:26:00.000","30","NO CONTROLS","NO CONTROLS","CLEAR","DAYLIGHT","PARKED MOTOR VEHICLE","ONE-WAY",,"STRAIGHT AND LEVEL","DRY","NO DEFECTS","NOT ON SCENE (DESK REPORT)","NO INJURY / DRIVE AWAY",,,,"$501 - $1,500","2024-05-07T09:10:00.000","UNABLE TO DETERMINE","NOT APPLICABLE","4135","W","OAKDALE AVE","2523",,,,,,,"2","NO INDICATION OF INJURY","0","0","0","0","0","1","0","8","3","5","41.9343688","-87.730943351","POINT (-87.730943351265 41.934368800174)"
"7b6f98dd9b30ff8a98c12d5160d24a1b23052fe5134dd48a5bf82946718c4d08bf38c5830493c0fb0b89f27f86b7a223aa9bcb6fa583b82110c514b5b11898fa",,"2024-05-07T08:20:00.000","20","NO CONTROLS","NO CONTROLS","CLEAR","DAYLIGHT","PARKED MOTOR VEHICLE","ONE-WAY",,"STRAIGHT AND LEVEL","DRY","NO DEFECTS","NOT ON SCENE (DESK REPORT)","NO INJURY / DRIVE AWAY",,,,"OVER $1,500","2024-05-07T11:20:00.000","UNABLE TO DETERMINE","UNABLE TO DETERMINE","4135","W","OAKDALE AVE","2523",,,,,,,"2","NO INDICATION OF INJURY","0","0","0","0","0","1","0","8","3","5","41.9343688","-87.730943351","POINT (-87.730943351265 41.934368800174)"
"8513edbf5728b66e09cffc997b297ffdae05510b008b04c69ab047d4e0192316b93c917726fa484677bc3c009cafd32517df66967732f994940664c07a9f706c",,"2024-05-07T08:20:00.000","30","TRAFFIC SIGNAL","FUNCTIONING PROPERLY","CLOUDY/OVERCAST","DAYLIGHT","SIDESWIPE SAME DIRECTION","NOT DIVIDED",,"STRAIGHT AND LEVEL","DRY","NO DEFECTS","NOT ON SCENE (DESK REPORT)","NO INJURY / DRIVE AWAY",,,,"$501 - $1,500","2024-05-07T09:00:00.000","IMPROPER LANE USAGE","IMPROPER LANE USAGE","3450","W","55TH ST","822",,,,,,,"2","NO INDICATION OF INJURY","0","0","0","0","0","2","0","8","3","5","41.793519863","-87.710551252","POINT (-87.710551252421 41.793519862622)"
"0b309112ef1dd27535ae6b7a7559eb0b68d6030d6d988320f74c61a56f4b1b5d992b2d0fac3496711e356c8fcbb9e9fc4a96cec1756552c1ba59a807b84b9bb7",,"2024-05-07T08:15:00.000","30","NO CONTROLS","NO CONTROLS","CLEAR","DAYLIGHT","TURNING","NOT DIVIDED",,"STRAIGHT AND LEVEL","DRY","NO DEFECTS","NOT ON SCENE (DESK REPORT)","NO INJURY / DRIVE AWAY",,,,"$501 - $1,500","2024-05-07T09:00:00.000","IMPROPER TURNING/NO SIGNAL","NOT APPLICABLE","2749","N","CICERO AVE","2521",,,,,,,"2","NO INDICATION OF INJURY","0","0","0","0","0","2","0","8","3","5","41.931178164","-87.746433574","POINT (-87.746433574382 41.931178164027)"
"f154efa760715af16851e342cce1841c7d163efcf5b6a2b6cf187036c959155e33804cd79169ca2ab40b4cebe76328225c154cc7b56087deaac5ba3bb08ab04e",,"2024-05-07T08:15:00.000","15","NO CONTROLS","NO CONTROLS","CLOUDY/OVERCAST","DAYLIGHT","SIDESWIPE SAME DIRECTION","ALLEY",,"STRAIGHT AND LEVEL","DRY","UNKNOWN","NOT ON SCENE (DESK REPORT)","NO INJURY / DRIVE AWAY",,,,"OVER $1,500","2024-05-07T08:40:00.000","UNABLE TO DETERMINE","UNABLE TO DETERMINE","6556","N","WESTERN AVE","2412",,,,,,,"2","NO INDICATION OF INJURY","0","0","0","0","0","2","0","8","3","5","42.001218093","-87.69012075","POINT (-87.690120749793 42.00121809254)"
"5c6ede80bb98855b1b58e200940f88a7086a150d5b43f803a65a813942093a6ef0cf5d4e57fcc0e2406a34096283255c75b2b4dc2d0e66e8b0857f014e6b8cc6",,"2024-05-07T08:14:00.000","30","NO CONTROLS","NO CONTROLS","CLEAR","DAYLIGHT","OTHER OBJECT","NOT DIVIDED",,"STRAIGHT AND LEVEL","DRY","OTHER","ON SCENE","NO INJURY / DRIVE AWAY",,,,"OVER $1,500","2024-05-07T08:17:00.000","UNABLE TO DETERMINE","NOT APPLICABLE","5869","N","CENTRAL AVE","1621",,,,,,,"1","NO INDICATION OF INJURY","0","0","0","0","0","2","0","8","3","5","41.987811685","-87.7675193","POINT (-87.76751930044 41.987811684889)"
"204f66552c045e69cf1f72d4c3716825127f44f44518e21040454d622886527a1786719249c36e0aeb1ff3aec010c183c603e6bd3106baa69933a22ef93454ff",,"2024-05-07T08:10:00.000","30","TRAFFIC SIGNAL","FUNCTIONING PROPERLY","CLEAR","DAYLIGHT","TURNING","NOT DIVIDED",,"STRAIGHT AND LEVEL","DRY","NO DEFECTS","NOT ON SCENE (DESK REPORT)","NO INJURY / DRIVE AWAY","Y",,,"OVER $1,500","2024-05-07T08:45:00.000","IMPROPER LANE USAGE","IMPROPER TURNING/NO SIGNAL","1334","W","DIVISION ST","1433",,,,,,,"2","NO INDICATION OF INJURY","0","0","0","0","0","2","0","8","3","5","41.903535244","-87.661932","POINT (-87.661931999634 41.903535244224)"
"5c1f8f90ec4e6d0cff72ba67ede54d4445d4e95d7c7fbaf4e82ae786c8a54081ea8a09e7752d12caa5ad36ece3bce2042b842db9475655c39d17dba0b67850e2",,"2024-05-07T08:04:00.000","30","TRAFFIC SIGNAL","FUNCTIONING PROPERLY","CLOUDY/OVERCAST","DAYLIGHT","SIDESWIPE SAME DIRECTION","FOUR WAY",,"STRAIGHT AND LEVEL","DRY","NO DEFECTS","ON SCENE","NO INJURY / DRIVE AWAY","Y",,"Y","$501 - $1,500","2024-05-07T08:05:00.000","IMPROPER OVERTAKING/PASSING","IMPROPER LANE USAGE","7901","S","SOUTH CHICAGO AVE","411",,,,,,,"2","NO INDICATION OF INJURY","0","0","0","0","0","2","0","8","3","5","41.751503749","-87.585437437","POINT (-87.585437436949 41.751503748743)"
"6675c754965822a2664aa3b3a080f561585c05c26efdd95bbf1f1ee02fca78b0627264acb3592f9e50cc1f7a0f13f107f85e074a4b57dc3c7f49c1e89db2c79e",,"2024-05-07T08:04:00.000","30","TRAFFIC SIGNAL","FUNCTIONING PROPERLY","CLEAR","DAYLIGHT","REAR TO FRONT","NOT DIVIDED",,"STRAIGHT AND LEVEL","DRY","NO DEFECTS","ON SCENE","NO INJURY / DRIVE AWAY",,,,"OVER $1,500","2024-05-07T08:05:00.000","IMPROPER BACKING","NOT APPLICABLE","6900","S","WESTERN AVE","832",,,,,,,"2","NO INDICATION OF INJURY","0","0","0","0","0","3","0","8","3","5","41.768238477","-87.683486957","POINT (-87.68348695709 41.76823847692)"
"6504742b4d89ed236106b2fa9458357aab2b0a26074e3ca4866af8167420862c6c54f2ac12d4260c627529fa9f7a343d906dfef6be383f2fb1396e70808b0b04",,"2024-05-07T08:00:00.000","30","TRAFFIC SIGNAL","FUNCTIONING PROPERLY","UNKNOWN","UNKNOWN","ANGLE","NOT DIVIDED",,"STRAIGHT AND LEVEL","UNKNOWN","UNKNOWN","NOT ON SCENE (DESK REPORT)","NO INJURY / DRIVE AWAY","Y",,"Y","OVER $1,500","2024-05-07T09:07:00.000","DISREGARDING OTHER TRAFFIC SIGNS","DRIVING SKILLS/KNOWLEDGE/EXPERIENCE","6700","S","DR MARTIN LUTHER KING JR DR","322",,,,,,,"2","NO INDICATION OF INJURY","0","0","0","0","0","2","0","8","3","5","41.772910034","-87.615594705","POINT (-87.615594705433 41.772910033936)"
"6c72a6407e12dc94ce8b3e3120db331e8a993d1bee6c95c2d8a4bc17acea917455da3d0781466a76513cbfa13cf5627606b215a9bf62924c0e5b4c79d549d065",,"2024-05-07T08:00:00.000","30","NO CONTROLS","NO CONTROLS","CLEAR","DAYLIGHT","SIDESWIPE SAME DIRECTION","ONE-WAY",,"STRAIGHT AND LEVEL","UNKNOWN","UNKNOWN","NOT ON SCENE (DESK REPORT)","NO INJURY / DRIVE AWAY",,,,"OVER $1,500","2024-05-07T09:00:00.000","FAILING TO YIELD RIGHT-OF-WAY","FAILING TO YIELD RIGHT-OF-WAY","227","W","MONROE ST","122",,,,,,,"2","NO INDICATION OF INJURY","0","0","0","0","0","2","0","8","3","5","41.88053925","-87.634592464","POINT (-87.634592463514 41.88053924995)"
"8115db25b35cf69b657537a6a62fda7179e2dcccfb03c890daa5833bbc74a64376033fa9486d8947edf8293fa8a6d5dcefd78dd6cb420cebbed672922593bbc1","Y","2024-05-07T07:58:00.000","15","NO CONTROLS","NO CONTROLS","CLEAR","DARKNESS, LIGHTED ROAD","PARKED MOTOR VEHICLE","PARKING LOT",,"STRAIGHT AND LEVEL","DRY","NO DEFECTS","ON SCENE","NO INJURY / DRIVE AWAY",,,"Y","OVER $1,500","2024-05-07T07:59:00.000","UNABLE TO DETERMINE","NOT APPLICABLE","818","W","LELAND AVE","1914",,,,,,,"2","NO INDICATION OF INJURY","0","0","0","0","0","1","0","7","3","5","41.967449228","-87.650797605","POINT (-87.650797604692 41.967449228481)"
"eeeae71cd0fa7bc61d33ad47f3774e8cc04b8e47beb06dcfeddaf78003bec4f8f1fb1c2a67a53df76519649ffd4a09eedaabdcb43ecdeca259ef622a9c995a45",,"2024-05-07T07:50:00.000","20","NO CONTROLS","NO CONTROLS","CLEAR","DAYLIGHT","PARKED MOTOR VEHICLE","ONE-WAY",,"STRAIGHT AND LEVEL","DRY","NO DEFECTS","ON SCENE","NO INJURY / DRIVE AWAY",,,,"$501 - $1,500","2024-05-07T08:00:00.000","UNABLE TO DETERMINE","DRIVING SKILLS/KNOWLEDGE/EXPERIENCE","6232","S","NAGLE AVE","812",,,,,,,"2","NO INDICATION OF INJURY","0","0","0","0","0","1","0","7","3","5","41.778484535","-87.782664036","POINT (-87.782664035934 41.778484535021)"
"792fd88f54b50fa2574aeb159e26ebf9b6acb71843c250b369d100d19dfcad2bd876827f4959b9f7b607b7115f8d5adc5c484d81dc0fe029ed4ca63ad6e44c8a",,"2024-05-07T07:45:00.000","20","NO CONTROLS","NO CONTROLS","CLEAR","DAYLIGHT","REAR END","ONE-WAY",,"STRAIGHT AND LEVEL","DRY","NO DEFECTS",,"NO INJURY / DRIVE AWAY",,,"Y","OVER $1,500","2024-05-07T07:55:00.000","UNABLE TO DETERMINE","NOT APPLICABLE","7119","S","RIDGEWAY AVE","833",,,,,,,"2","NO INDICATION OF INJURY","0","0","0","0","0","3","0","7","3","5","41.763586503","-87.716105092","POINT (-87.716105091792 41.763586502943)"
"48e47cb925519d179481dd4ded3c9dbf061a54f6c0b942ecae2d638a29addcfa9aa996242c32b18db5cb95581de7e0b6532752f7c06a613b5393db1b4eace164",,"2024-05-07T07:30:00.000","30","NO CONTROLS","NO CONTROLS","CLEAR","DAYLIGHT","ANGLE","ONE-WAY",,"STRAIGHT AND LEVEL","DRY","NO DEFECTS","NOT ON SCENE (DESK REPORT)","NO INJURY / DRIVE AWAY",,,,"OVER $1,500","2024-05-07T08:05:00.000","FAILING TO YIELD RIGHT-OF-WAY","FAILING TO YIELD RIGHT-OF-WAY","5514","S","MELVINA AVE","811",,,,,,,"2","NO INDICATION OF INJURY","0","0","0","0","0","2","0","7","3","5","41.791951311","-87.777065983","POINT (-87.777065983364 41.791951310997)"
"eb834fd69587470d3180f6ced762b681376625722ed4e5bf95af2cdedc71f5f23c6be7f097ae88aa82523cc4c7ac25773c9a02ec6eac9f509237edee494423b1",,"2024-05-07T07:30:00.000","20","NO CONTROLS","NO CONTROLS","CLEAR","DAYLIGHT","REAR END","ONE-WAY",,"STRAIGHT AND LEVEL","DRY","NO DEFECTS","ON SCENE","NO INJURY / DRIVE AWAY",,,,"OVER $1,500","2024-05-07T07:35:00.000","FAILING TO YIELD RIGHT-OF-WAY","NOT APPLICABLE","813","N","WOLCOTT AVE","1212",,,,,,,"2","NO INDICATION OF INJURY","0","0","0","0","0","2","0","7","3","5","41.896456933","-87.674480112","POINT (-87.674480112163 41.896456933376)"
"9a8083f9f7525440072b67b627d35c4e67e0f6ef9346024a7c52791c659c961b315804d9d105f1286748368159c3380be300e2a6b1a1509e29df1a3cdcd05b06",,"2024-05-07T07:20:00.000","30","TRAFFIC SIGNAL","FUNCTIONING PROPERLY","RAIN","DAYLIGHT","ANGLE","T-INTERSECTION",,"STRAIGHT AND LEVEL","WET","NO DEFECTS","NOT ON SCENE (DESK REPORT)","NO INJURY / DRIVE AWAY","Y",,,"OVER $1,500","2024-05-07T09:38:00.000","DISREGARDING TRAFFIC SIGNALS","FAILING TO YIELD RIGHT-OF-WAY","634","W","ROOSEVELT RD","124",,,,,,,"2","NO INDICATION OF INJURY","0","0","0","0","0","2","0","7","3","5","41.867310033","-87.64359022","POINT (-87.643590220245 41.867310032947)"
"536d3dc8c9d5cbd2e165d7694c95709b357f56a99c60dd739bb599876c0a3c79f8fa9627b26f823c94755f75d97103e3737ed867a3b1d759b82cea7205ab9e2a",,"2024-05-07T07:15:00.000","30","TRAFFIC SIGNAL","FUNCTIONING PROPERLY","CLEAR","DAYLIGHT","REAR END","FOUR WAY",,"STRAIGHT AND LEVEL","DRY","NO DEFECTS","ON SCENE","INJURY AND / OR TOW DUE TO CRASH","Y",,,"$501 - $1,500","2024-05-07T07:16:00.000","UNABLE TO DETERMINE","DRIVING SKILLS/KNOWLEDGE/EXPERIENCE","13000","S","TORRENCE AVE","434",,,,,,,"2","NONINCAPACITATING INJURY","1","0","0","1","0","1","0","7","3","5","41.65912619","-87.559432742","POINT (-87.559432741943 41.659126189932)"
"291faaa065679aa4d6ca9888487caa7cb98cc46b108ca0640d29b76646ba2c4cff993c33b85de9dd4daded23a9a3b0ac7e0acfd09749ac8b4f72d7a90940304e",,"2024-05-07T07:11:00.000","30","NO CONTROLS","NO CONTROLS","CLOUDY/OVERCAST","DAYLIGHT","SIDESWIPE OPPOSITE DIRECTION","T-INTERSECTION",,"STRAIGHT AND LEVEL","DRY","UNKNOWN","ON SCENE","INJURY AND / OR TOW DUE TO CRASH","Y",,,"OVER $1,500","2024-05-07T07:11:00.000","IMPROPER OVERTAKING/PASSING","PHYSICAL CONDITION OF DRIVER","3926","W","ARMITAGE AVE","2525",,,,,,,"2","NO INDICATION OF INJURY","0","0","0","0","0","2","0","7","3","5","41.917294281","-87.725210379","POINT (-87.725210378597 41.917294280574)"
"04f9f7c16d859dad5d42abaec3fec8d8e24f1e8fd0b47d2c8291b9eeed3d83fb19b72e3ad7f23161727895c20d5d3695ef11ee8ad8d93779b03278133981799a",,"2024-05-07T06:45:00.000","30","NO CONTROLS","NO CONTROLS","CLEAR","DAYLIGHT","TURNING","NOT DIVIDED",,"STRAIGHT AND LEVEL","DRY","NO DEFECTS","ON SCENE","INJURY AND / OR TOW DUE TO CRASH","Y",,,"OVER $1,500","2024-05-07T07:13:00.000","UNABLE TO DETERMINE","UNABLE TO DETERMINE","6519","N","NEWCASTLE AVE","1611",,,,,,,"3","NO INDICATION OF INJURY","0","0","0","0","0","2","0","6","3","5","42.000496384","-87.796977189","POINT (-87.79697718945 42.000496384126)"
"d57155ad20fdcbe1caf318f917896ea168825ad06fa077555d504e5c88d6662b8ef9b84f6216d51d0bbc528eaee5dd4588c126adaac43ad89b80700f28dd685c",,"2024-05-07T06:22:00.000","30","TRAFFIC SIGNAL","FUNCTIONING PROPERLY","CLOUDY/OVERCAST","DAYLIGHT","REAR END","FOUR WAY",,"STRAIGHT AND LEVEL","DRY","NO DEFECTS","ON SCENE","INJURY AND / OR TOW DUE TO CRASH","Y",,,"OVER $1,500","2024-05-07T06:50:00.000","FAILING TO REDUCE SPEED TO AVOID CRASH","UNABLE TO DETERMINE","5409","S","WESTERN AVE","923",,,,,,,"2","NO INDICATION OF INJURY","0","0","0","0","0","4","0","6","3","5","41.79494052","-87.683920667","POINT (-87.683920667217 41.794940519707)"
"c3c6e0af5c038bb05f9bf2fbb2cd424eec027d689fbe6ea16e7598d5ab99d5b6fd11e31b819a75fd103392cf4368a0da7136ecfcd728a04b39559bf3ad576f02",,"2024-05-07T06:00:00.000","30","NO CONTROLS","NO CONTROLS","CLEAR","DAWN","TURNING","NOT DIVIDED",,"STRAIGHT AND LEVEL","DRY","NO DEFECTS","NOT ON SCENE (DESK REPORT)","NO INJURY / DRIVE AWAY",,,,"OVER $1,500","2024-05-07T08:20:00.000","IMPROPER TURNING/NO SIGNAL","IMPROPER LANE USAGE","1144","E","63RD ST","314",,,,,,,"2","NO INDICATION OF INJURY","0","0","0","0","0","2","0","6","3","5","41.780614393","-87.597709873","POINT (-87.597709872524 41.780614392518)"
"e837172ae8bd46e1cf45f6b008f6f6a5cae6ddd5926b1b2a32c6a95e0bc7fcb6babb5fff49c9ef119438e3715fc2cfa39caa6f67d4916a515a8e58a0ae90dc4a",,"2024-05-07T05:55:00.000","30","NO CONTROLS","NO CONTROLS","CLEAR","DAYLIGHT","SIDESWIPE OPPOSITE DIRECTION","DIVIDED - W/MEDIAN (NOT RAISED)",,"STRAIGHT AND LEVEL","DRY","NO DEFECTS","ON SCENE","NO INJURY / DRIVE AWAY",,,,"OVER $1,500","2024-05-07T05:56:00.000","FAILING TO YIELD RIGHT-OF-WAY","NOT APPLICABLE","3977","W","COLUMBUS AVE","834",,,,,,,"2","NO INDICATION OF INJURY","0","0","0","0","0","2","0","5","3","5","41.735852236","-87.720945711","POINT (-87.720945711007 41.73585223622)"
"91b2c39fc3754e62967f6e287765e6d09bbda164a23abbc4697bbb404ac78c58e9e60fc880048ffa0eceb4b080abacb6bd11ac89a817fa3b14d25d2da12a3fc6",,"2024-05-07T04:25:00.000","30","NO CONTROLS","NO CONTROLS","CLEAR","DARKNESS, LIGHTED ROAD","PARKED MOTOR VEHICLE","ONE-WAY",,"STRAIGHT AND LEVEL","DRY","NO DEFECTS","ON SCENE","NO INJURY / DRIVE AWAY",,,"Y","$501 - $1,500","2024-05-07T04:30:00.000","UNABLE TO DETERMINE","UNABLE TO DETERMINE","6259","S","KEDVALE AVE","813",,,,,,,"2","NO INDICATION OF INJURY","0","0","0","0","0","1","0","4","3","5","41.778706878","-87.726279039","POINT (-87.726279039109 41.778706877666)"
"7508b53921b99953332b009da6e792d5a31c2753154f8bf471935e5baf61c631e2d93a0ce7b3b32fa2c14c2b6475d65c4cc839bbfc844eca4c5e8e0642138a04",,"2024-05-07T04:18:00.000","30","TRAFFIC SIGNAL","FUNCTIONING PROPERLY","CLEAR","DARKNESS, LIGHTED ROAD","REAR END","NOT DIVIDED",,"STRAIGHT AND LEVEL","DRY","NO DEFECTS","ON SCENE","NO INJURY / DRIVE AWAY",,,,"$500 OR LESS","2024-05-07T04:22:00.000","FOLLOWING TOO CLOSELY","DRIVING SKILLS/KNOWLEDGE/EXPERIENCE","1178","S","PULASKI RD","1132",,,,,,,"2","NO INDICATION OF INJURY","0","0","0","0","0","2","0","4","3","5","41.866206044","-87.725322833","POINT (-87.725322833252 41.866206044196)"
"d4e56b3cbd1d7cbe7d28b90bd60181f67ff02a187a4a1406217c6f105f4905d4198ffd7218c610c0d48f19e0f646ddd3b74d20834648561eb74b4302ce28fa13",,"2024-05-07T04:14:00.000","30","TRAFFIC SIGNAL","FUNCTIONING PROPERLY","CLEAR","DARKNESS, LIGHTED ROAD","ANGLE","CENTER TURN LANE",,"STRAIGHT AND LEVEL","DRY","NO DEFECTS","ON SCENE","INJURY AND / OR TOW DUE TO CRASH","Y",,,"OVER $1,500","2024-05-07T04:15:00.000","DISREGARDING TRAFFIC SIGNALS","NOT APPLICABLE","5201","W","ADDISON ST","1634",,,,,,,"2","NONINCAPACITATING INJURY","2","0","0","2","0","1","0","4","3","5","41.945889176","-87.757041123","POINT (-87.757041123001 41.945889175533)"