"crash_record_id","crash_date_est_i","crash_date","posted_speed_limit","traffic_control_device","device_condition","weather_condition","lighting_condition","first_crash_type","trafficway_type","lane_cnt","alignment","roadway_surface_cond","road_defect","report_type","crash_type","intersection_related_i","private_property_i","hit_and_run_i","damage","date_police_notified","prim_contributory_cause","sec_contributory_cause","street_no","street_direction","street_name","beat_of_occurrence","photos_taken_i","statements_taken_i","dooring_i","work_zone_i","work_zone_type","workers_present_i","num_units","most_severe_injury","injuries_total","injuries_fatal","injuries_incapacitating","injuries_non_incapacitating","injuries_reported_not_evident","injuries_no_indication","injuries_unknown","crash_hour","crash_day_of_week","crash_month","latitude","longitude","location"
"ff5144506f44f0d0a0c605ba162ef8117b9450f40c9cb56475277db982dea77194fc8738ebf707fc007b082994b1191c989b23a97b398953d5ae19710aec1a06",,"2024-05-07T03:42:00.000","30","NO CONTROLS","UNKNOWN","CLEAR","DARKNESS","PARKED MOTOR VEHICLE","NOT DIVIDED",,"STRAIGHT AND LEVEL","DRY","UNKNOWN","ON SCENE","INJURY AND / OR TOW DUE TO CRASH",,,,"OVER $1,500","2024-05-07T03:42:00.000","UNABLE TO DETERMINE","NOT APPLICABLE","310","E","50TH ST","224",,,,,,,"2","NONINCAPACITATING INJURY","1","0","0","1","0","0","0","3","3","5","41.803992351","-87.618951457","POINT (-87.618951456819 41.803992351101)"
"712ba3f9a80860c2fb65161807ee2e49b8ce640c004a6057c0ed0335e2d02a73ece0137ba8b2120cd347570458f76da57cb8f800fba60951ee4c25564e9994f4",,"2024-05-07T03:00:00.000","30","NO CONTROLS","NO CONTROLS","CLEAR","DARKNESS","SIDESWIPE SAME DIRECTION","RAMP",,"STRAIGHT AND LEVEL","DRY","NO DEFECTS","ON SCENE","INJURY AND / OR TOW DUE TO CRASH",,,"Y","OVER $1,500","2024-05-07T10:30:00.000","IMPROPER OVERTAKING/PASSING","IMPROPER LANE USAGE","9341","S","LAFAYETTE AVE","634",,,,,,,"2","NO INDICATION OF INJURY","0","0","0","0","0","2","0","3","3","5","41.72414476","-87.624957373","POINT (-87.624957372746 41.724144759568)"
"ace3532c1b951a47f6612d7403a1359e36717737c4e62bc10dafdb6ad63e9e558b777f70095e6d4d250a4daff9152ae9fa67c8e03c538f2b70d7e4454304a20e",,"2024-05-07T02:56:00.000","30","NO CONTROLS","NO CONTROLS","CLEAR","DAYLIGHT","REAR END","NOT DIVIDED",,"STRAIGHT AND LEVEL","DRY","NO DEFECTS","NOT ON SCENE (DESK REPORT)","NO INJURY / DRIVE AWAY",,,"Y","$501 - $1,500","2024-05-08T11:35:00.000","UNABLE TO DETERMINE","UNABLE TO DETERMINE","6301","N","CENTRAL AVE","1621",,,,,,,"2","NO INDICATION OF INJURY","0","0","0","0","0","2","0","2","3","5","41.996166548","-87.764049237","POINT (-87.764049237452 41.996166547689)"
"02e86d8d43bcbfcd74a5cd322b0a006547dc7435ea7f5dfef2c24faaecc4fd3857a98b146f86bf87889de77b07ec9abbc815c625948927eadab9bea4ead7c36c",,"2024-05-07T02:50:00.000","35","TRAFFIC SIGNAL","FUNCTIONING PROPERLY","CLEAR","DAYLIGHT","REAR END","DIVIDED - W/MEDIAN (NOT RAISED)",,"STRAIGHT AND LEVEL","DRY","UNKNOWN","NOT ON SCENE (DESK REPORT)","NO INJURY / DRIVE AWAY","Y",,,"$501 - $1,500","2024-05-07T20:50:00.000","UNABLE TO DETERMINE","NOT APPLICABLE","800","N","CICERO AVE","1531",,,,,,,"2","NO INDICATION OF INJURY","0","0","0","0","0","2","0","2","3","5","41.895049038","-87.745955516","POINT (-87.745955516269 41.895049037964)"
"c4578c0295e3fc4885ac13611c95413dc7f44a2043af3ac8104198a050410b680e6f228ffd965a1290d9e1148456245a02799ab2db250a4b5753d8830dc665fa",,"2024-05-07T02:30:00.000","30","TRAFFIC SIGNAL","FUNCTIONING PROPERLY","CLEAR","DAWN","REAR END","NOT DIVIDED",,"STRAIGHT AND LEVEL","DRY","NO DEFECTS","NOT ON SCENE (DESK REPORT)","NO INJURY / DRIVE AWAY",,,,"$501 - $1,500","2024-05-07T17:00:00.000","FAILING TO YIELD RIGHT-OF-WAY","NOT APPLICABLE","2255","N","KIMBALL AVE","1413",,,,,,,"2","NO INDICATION OF INJURY","0","0","0","0","0","2","0","2","3","5","41.922674441","-87.711898578","POINT (-87.711898578493 41.922674441307)"
"1284b06e78194f9256ff007575f88a0bace2ac0b2a8c8662e9f5309b308e92846d9687b9a384ead4730ea2ae5f867d8c45a308d8b4070ab00af899de673f94c8","Y","2024-05-07T02:25:00.000","30","NO CONTROLS","NO CONTROLS","CLEAR","DARKNESS, LIGHTED ROAD","FIXED OBJECT","ALLEY",,"STRAIGHT AND LEVEL","DRY","NO DEFECTS","ON SCENE","INJURY AND / OR TOW DUE TO CRASH",,,"Y","OVER $1,500","2024-05-07T02:34:00.000","UNABLE TO DETERMINE","UNABLE TO DETERMINE","1503","N","TRIPP AVE","2534",,,,,,,"1","NO INDICATION OF INJURY","0","0","0","0","0","1","0","2","3","5","41.907839044","-87.732436126","POINT (-87.732436126494 41.907839044031)"
"e5f43862b0cec8d26dcf76eb1e84f34c00f7e05c9cc5ec1dc50ef90f0a4a1df28141e548b10fd9f1e5d0dabb5c3f0e3640bb749ff23a2204edc5fc1e89d4cce2",,"2024-05-07T01:50:00.000","25","NO CONTROLS","NO CONTROLS","CLEAR","DARKNESS, LIGHTED ROAD","PARKED MOTOR VEHICLE","NOT DIVIDED",,"STRAIGHT AND LEVEL","DRY","NO DEFECTS","ON SCENE","INJURY AND / OR TOW DUE TO CRASH",,,,"OVER $1,500","2024-05-07T01:51:00.000","PHYSICAL CONDITION OF DRIVER","NOT APPLICABLE","3930","N","BROADWAY","1923",,,,,,,"2","NO INDICATION OF INJURY","0","0","0","0","0","1","0","1","3","5","41.953661","-87.650110007","POINT (-87.650110007026 41.953661000056)"
"2ed28f8e281e8d7ed25b15a19c23070ac8b68addfa48df96766b394b968119c6d43f6c177950ee2ab077411fa5a3be540c290bc676aa809463b16d683edb2e9f",,"2024-05-07T01:30:00.000","30","TRAFFIC SIGNAL","FUNCTIONING PROPERLY","CLEAR","DARKNESS, LIGHTED ROAD","REAR END","ONE-WAY",,"STRAIGHT AND LEVEL","UNKNOWN","UNKNOWN","ON SCENE","INJURY AND / OR TOW DUE TO CRASH",,,"Y","OVER $1,500","2024-05-07T01:30:00.000","FOLLOWING TOO CLOSELY","NOT APPLICABLE","4103","S","DR MARTIN LUTHER KING JR DR","214",,,,,,,"5","NO INDICATION OF INJURY","0","0","0","0","0","2","0","1","3","5","41.820122867","-87.616746819","POINT (-87.616746819005 41.820122866792)"
"e6031c01b73d32bd0d1d34dac2b75c8000ac700b7bb55172abeaee55a380842d4a6bdfe9a224e5f6530b325c003e46e15dca22c5313acea5ae5eee4829e2b199",,"2024-05-07T01:05:00.000","35","TRAFFIC SIGNAL","FUNCTIONING PROPERLY","CLEAR","DARKNESS, LIGHTED ROAD","TURNING","NOT DIVIDED",,"STRAIGHT AND LEVEL","DRY","NO DEFECTS","ON SCENE","INJURY AND / OR TOW DUE TO CRASH",,,,"OVER $1,500","2024-05-07T01:12:00.000","NOT APPLICABLE","DISTRACTION - FROM INSIDE VEHICLE","1832","W","DEVON AVE","2432",,,,,,,"2","NO INDICATION OF INJURY","0","0","0","0","0","2","0","1","3","5","41.998074995","-87.676483571","POINT (-87.676483570912 41.998074995041)"
"4f39bf4f3abb3898fc63e34b500b629f9bd4ba5ab3cc3e493edd2e1caee48c1f66a48449456e789b7b36af7aab2f199a9f34abd53c19d061d56f8d86d2524edd",,"2024-05-07T01:00:00.000","30","STOP SIGN/FLASHER","UNKNOWN","UNKNOWN","DARKNESS","ANGLE","NOT DIVIDED",,"STRAIGHT AND LEVEL","UNKNOWN","UNKNOWN","NOT ON SCENE (DESK REPORT)","NO INJURY / DRIVE AWAY",,,"Y","$501 - $1,500","2024-05-07T18:40:00.000","UNABLE TO DETERMINE","NOT APPLICABLE","2100","W","DICKENS AVE","1432",,,,,,,"2","NO INDICATION OF INJURY","0","0","0","0","0","2","0","1","3","5","41.919340115","-87.680272352","POINT (-87.680272352176 41.919340115198)"
"f29ac3c53d1f9cc5ada70ab819b2260b5c779e8d7df744bb6cf1acf7d31f8569d4488f7a7e01fba806567be5d376a28f42eb89d2e00570701e77e49c0650273b",,"2024-05-07T00:02:00.000","30","NO CONTROLS","NO CONTROLS","CLEAR","DARKNESS, LIGHTED ROAD","FIXED OBJECT","NOT DIVIDED",,"STRAIGHT AND LEVEL","DRY","NO DEFECTS","ON SCENE","INJURY AND / OR TOW DUE TO CRASH",,"Y",,"$501 - $1,500","2024-05-07T00:02:00.000","UNABLE TO DETERMINE","UNABLE TO DETERMINE","115","E","83RD ST","632",,,,,,,"2","INCAPACITATING INJURY","1","0","1","0","0","0","0","0","3","5","41.74360829","-87.620465152","POINT (-87.620465152211 41.743608289657)"
"b15b9bdfad088794dfaeea9f876ec7df471e66782696c3c46989923a006a71758b14c4b21e728268ac3a371b816ec29c86a1a6ef651950c46afadf89071652de",,"2024-05-06T23:35:00.000","30","STOP SIGN/FLASHER","UNKNOWN","CLEAR","DARKNESS, LIGHTED ROAD","TURNING","NOT DIVIDED",,"STRAIGHT AND LEVEL","DRY","UNKNOWN","ON SCENE","INJURY AND / OR TOW DUE TO CRASH",,,,"OVER $1,500","2024-05-07T00:35:00.000","DISREGARDING STOP SIGN","UNABLE TO DETERMINE","922","E","87TH ST","632",,,,,,,"2","NO INDICATION OF INJURY","0","0","0","0","0","3","0","23","2","5","41.73680461","-87.601418305","POINT (-87.601418304807 41.73680460985)"
"23d29887346317990841bb12934b1fe626222bae95bd39bd1ebcd9473e042910a4215b681c22a833e71cb4301dac7775ab811e03a16d6b0a156ce0fd4ff716bf",,"2024-05-06T23:27:00.000","30","TRAFFIC SIGNAL","FUNCTIONING PROPERLY","CLEAR","DARKNESS, LIGHTED ROAD","ANGLE","NOT DIVIDED",,"STRAIGHT AND LEVEL","DRY","UNKNOWN","ON SCENE","INJURY AND / OR TOW DUE TO CRASH","Y",,,"OVER $1,500","2024-05-06T23:38:00.000","DISREGARDING TRAFFIC SIGNALS","DRIVING SKILLS/KNOWLEDGE/EXPERIENCE","3900","S","WESTERN BLVD","921",,,,,,,"2","NONINCAPACITATING INJURY","1","0","0","1","0","1","0","23","2","5","41.822963628","-87.684384785","POINT (-87.684384785413 41.82296362788)"
"4cc08776e07daa0f0b692e2a2e233aba88c8489457ac68e5f4683c66aeb4b05800269c1480a82cbd02779a9dd79dda3e8611487b3e942aaed38f4cd7ad8fe2a3",,"2024-05-06T23:21:00.000","45","NO CONTROLS","NO CONTROLS","CLEAR","DARKNESS, LIGHTED ROAD","SIDESWIPE SAME DIRECTION","ONE-WAY",,"STRAIGHT AND LEVEL","DRY","UNKNOWN","ON SCENE","INJURY AND / OR TOW DUE TO CRASH",,,,"OVER $1,500","2024-05-06T23:22:00.000","FAILING TO REDUCE SPEED TO AVOID CRASH","FAILING TO REDUCE SPEED TO AVOID CRASH","3201","N","LAKE SHORE DR NB","1925",,,,,,,"2","NO INDICATION OF INJURY","0","0","0","0","0","2","0","23","2","5","41.940618349","-87.638193901","POINT (-87.63819390104 41.94061834887)"
"6908fb0ca8b6d12b17fa0d3ea11e4ed3c00327cb7d4ce6d7c54aaeb14791f8ac9f582ff9fbb52bbd7a917155e5b364e7a3aeb0e278ad8ae4d79bd0412ee47527",,"2024-05-06T23:00:00.000","25","NO CONTROLS","NO CONTROLS","CLEAR","DARKNESS, LIGHTED ROAD","PARKED MOTOR VEHICLE","NOT DIVIDED",,"STRAIGHT AND LEVEL","DRY","NO DEFECTS","NOT ON SCENE (DESK REPORT)","INJURY AND / OR TOW DUE TO CRASH",,,"Y","OVER $1,500","2024-05-07T13:20:00.000","UNABLE TO DETERMINE","NOT APPLICABLE","6801","S","ADA ST","724",,,,,,,"2","NO INDICATION OF INJURY","0","0","0","0","0","1","0","23","2","5","41.770377085","-87.657753758","POINT (-87.657753757547 41.770377085223)"
"d05e9d396652b6657eaf8e8945d248feb617cb12138e0863f02d95a604a2a9b033e399d481d25515adc69f32feabefbaad24073e7a9f6a69518c7e5f20b7043e",,"2024-05-06T23:00:00.000","30","NO CONTROLS","NO CONTROLS","CLEAR","DARKNESS","PARKED MOTOR VEHICLE","ONE-WAY",,"STRAIGHT AND LEVEL","DRY","NO DEFECTS","ON SCENE","NO INJURY / DRIVE AWAY",,,"Y","OVER $1,500","2024-05-06T23:08:00.000","NOT APPLICABLE","NOT APPLICABLE","1322","S","MILLARD AVE","1011",,,,,,,"2","NO INDICATION OF INJURY","0","0","0","0","0","1","0","23","2","5","41.863701743","-87.716708433","POINT (-87.716708433184 41.86370174325)"
"752283b6115ea10ac6173cd777d8e695b8d1e75051ee23ac1a944dd4c243a31e3c75bf9b44d755e9c92b616535c78fd1814036dd75917bbbd50d0f817a4dc268",,"2024-05-06T22:42:00.000","30","NO CONTROLS","NO CONTROLS","CLEAR","DARKNESS, LIGHTED ROAD","ANIMAL","NOT DIVIDED",,"STRAIGHT AND LEVEL","DRY","NO DEFECTS","NOT ON SCENE (DESK REPORT)","NO INJURY / DRIVE AWAY",,,,"OVER $1,500","2024-05-07T15:15:00.000","ANIMAL","NOT APPLICABLE","1035","W","119TH ST","524",,,,,,,"1","NO INDICATION OF INJURY","0","0","0","0","0","1","0","22","2","5","41.677618312","-87.648128548","POINT (-87.648128547904 41.677618312452)"
"ed7564d82d22328a7e088a9ff4b82d5abfa3f62aa4ddee5f627b903fdc931e26bd801a4ca2f2debefc30b2823e8f55113c4e611756922544dd57ed662cfe65d6",,"2024-05-06T22:33:00.000","30","NO CONTROLS","NO CONTROLS","CLEAR","DARKNESS, LIGHTED ROAD","SIDESWIPE SAME DIRECTION","ONE-WAY",,"STRAIGHT AND LEVEL","DRY","UNKNOWN","ON SCENE","NO INJURY / DRIVE AWAY",,,"Y","OVER $1,500","2024-05-06T23:25:00.000","UNABLE TO DETERMINE","UNABLE TO DETERMINE","511","W","ADAMS ST","121",,,,,,,"2","NO INDICATION OF INJURY","0","0","0","0","0","2","0","22","2","5","41.879196553","-87.640128026","POINT (-87.640128026437 41.879196553256)"
"5b5438b3f81dce38f1f27cabbef48b326bcb2e3d833272837cb288de27c0119f6591f5044953632e740bc47e77b3c52f18e0e9f53ecdaf4ea2ed5ee1816c5b85","N","2024-05-06T22:30:00.000","30","NO CONTROLS","NO CONTROLS","CLEAR","DARKNESS","PARKED MOTOR VEHICLE","DIVIDED - W/MEDIAN (NOT RAISED)",,"STRAIGHT AND LEVEL","DRY","NO DEFECTS","NOT ON SCENE (DESK REPORT)","NO INJURY / DRIVE AWAY",,,"Y","OVER $1,500","2024-05-07T12:35:00.000","UNABLE TO DETERMINE","UNABLE TO DETERMINE","2058","W","17TH ST","1234",,,,,,,"2","NO INDICATION OF INJURY","0","0","0","0","0","1","0","22","2","5","41.858623989","-87.678334383","POINT (-87.678334382976 41.858623989072)"
"9dac63c9a3a62085526ca25062787fb2349fc0b8d6198059d1c1d33cdff448f4233ce3ffec139096a4de76036bbd84eff0f81bc322df9ec99bff43628fbdbc86",,"2024-05-06T22:00:00.000","30","TRAFFIC SIGNAL","FUNCTIONING PROPERLY","CLEAR","DARKNESS, LIGHTED ROAD","ANGLE","FOUR WAY",,"STRAIGHT AND LEVEL","UNKNOWN","UNKNOWN","NOT ON SCENE (DESK REPORT)","NO INJURY / DRIVE AWAY",,,"Y","OVER $1,500","2024-05-06T23:00:00.000","DISREGARDING TRAFFIC SIGNALS","NOT APPLICABLE","300","S","LARAMIE AVE","1522",,,,,,,"2","NO INDICATION OF INJURY","0","0","0","0","0","2","0","22","2","5","41.876611038","-87.755074504","POINT (-87.755074504036 41.876611038277)"
"1c8f51bbd99039797e5346e8a420f13901283a59666ff597c0ae4aabab3c48ad27c9bb3ecfb2800974a26d676d44d24b96b1da5c717257a21b160be4a08f051d",,"2024-05-06T21:30:00.000","30","NO CONTROLS","NO CONTROLS","CLEAR","DARKNESS, LIGHTED ROAD","SIDESWIPE SAME DIRECTION","ONE-WAY",,"STRAIGHT AND LEVEL","DRY","NO DEFECTS","ON SCENE","INJURY AND / OR TOW DUE TO CRASH",,,"Y","OVER $1,500","2024-05-06T21:45:00.000","UNABLE TO DETERMINE","OPERATING VEHICLE IN ERRATIC, RECKLESS, CARELESS, NEGLIGENT OR AGGRESSIVE MANNER","3349","W","WARREN BLVD","1123",,,,,,,"2","REPORTED, NOT EVIDENT","2","0","0","0","2","1","0","21","2","5","41.881709657","-87.710562367","POINT (-87.710562367109 41.881709657464)"
"bb329a44357361c5f58ae85099195774e2baebdc3f09f008298e64bc8fe3eeea3eeec037ef60afbb8cd0e421c571cb8d8d0e2f24a63bbdcfd6f6f3a083a5700f",,"2024-05-06T21:30:00.000","10","NO CONTROLS","NO CONTROLS","CLEAR","DARKNESS, LIGHTED ROAD","PARKED MOTOR VEHICLE","PARKING LOT",,"STRAIGHT AND LEVEL","DRY","UNKNOWN","NOT ON SCENE (DESK REPORT)","NO INJURY / DRIVE AWAY",,,,"OVER $1,500","2024-05-06T21:38:00.000","UNABLE TO DETERMINE","NOT APPLICABLE","11163","S","VINCENNES AVE","2234",,,,,,,"2","NO INDICATION OF INJURY","0","0","0","0","0","1","0","21","2","5","41.690425094","-87.664290906","POINT (-87.664290905691 41.690425093607)"
"ddb43e8d1ef499914339691186907b7d77e70adba9bafced40cad36c7fa586ca8385cc607239bd3f3eefe5d41f03d50ae9727b41c2b0484de36cc3d7489cc87c",,"2024-05-06T21:30:00.000","30","NO CONTROLS","NO CONTROLS","CLEAR","DARKNESS, LIGHTED ROAD","SIDESWIPE SAME DIRECTION","NOT DIVIDED",,"STRAIGHT AND LEVEL","DRY","NO DEFECTS","NOT ON SCENE (DESK REPORT)","INJURY AND / OR TOW DUE TO CRASH",,,,"$501 - $1,500","2024-05-06T22:28:00.000","FAILING TO YIELD RIGHT-OF-WAY","NOT APPLICABLE","1850","N","PULASKI RD","2534",,,,,,,"2","REPORTED, NOT EVIDENT","1","0","0","0","1","1","0","21","2","5","41.915084671","-87.726645681","POINT (-87.726645680521 41.915084670851)"
"b94008f7f0599efc69f83b2bdd0783d8c6e736bdfc537ef571d65dc6ba2315a14ed2e4fc5666446e94197c51fd50eda288000011e3196b898e91bca1e1f81e3f",,"2024-05-06T21:15:00.000","30","NO CONTROLS","NO CONTROLS","CLEAR","DARKNESS","ANGLE","NOT DIVIDED",,"STRAIGHT AND LEVEL","DRY","NO DEFECTS","NOT ON SCENE (DESK REPORT)","INJURY AND / OR TOW DUE TO CRASH",,,,"$501 - $1,500","2024-05-07T14:44:00.000","NOT APPLICABLE","NOT APPLICABLE","3955","N","WESTERN AVE","1921",,,,,,,"3","NONINCAPACITATING INJURY","1","0","0","1","0","2","0","21","2","5","41.953849226","-87.688314856","POINT (-87.688314856122 41.953849226099)"
"f07f220a81d5ec21decc9311ebdc10f94fbed75dd74f5f4e89536febc379885928c91de9ed8c41ecfdc4a01236621d972d525f496ead18a6dc110811693b0a43",,"2024-05-06T21:05:00.000","35","STOP SIGN/FLASHER","FUNCTIONING PROPERLY","CLEAR","DARKNESS, LIGHTED ROAD","ANGLE","FOUR WAY",,"STRAIGHT AND LEVEL","DRY","NO DEFECTS","ON SCENE","INJURY AND / OR TOW DUE TO CRASH","Y",,"Y","OVER $1,500","2024-05-06T21:35:00.000","UNABLE TO DETERMINE","NOT APPLICABLE","5700","W","IRVING PARK RD","1624",,,,,,,"2","NO INDICATION OF INJURY","0","0","0","0","0","4","0","21","2","5","41.95325817","-87.769512027","POINT (-87.769512027417 41.95325816953)"
"26452b612114d70faa24e35a25354f815edf37812f8efc265e2a6c9f9cd9571e24157b2007c294ee99bd386d73d824b4ddd429e7ed7ad45f6e9574cbd41f44a4",,"2024-05-06T21:00:00.000","25","NO CONTROLS","NO CONTROLS","CLEAR","DARKNESS, LIGHTED ROAD","PARKED MOTOR VEHICLE","NOT DIVIDED",,"STRAIGHT AND LEVEL","UNKNOWN","UNKNOWN","NOT ON SCENE (DESK REPORT)","NO INJURY / DRIVE AWAY",,,"Y","OVER $1,500","2024-05-06T23:00:00.000","DRIVING SKILLS/KNOWLEDGE/EXPERIENCE","DRIVING SKILLS/KNOWLEDGE/EXPERIENCE","4140","W","FIFTH AVE","1132",,,,,,,"2","NO INDICATION OF INJURY","0","0","0","0","0","1","0","21","2","5","41.872003647","-87.729393603","POINT (-87.729393603005 41.872003646849)"
"84af3aebb094e341e33dc62e0a53f2aa80235fd154f23111f8c11fd3791451aa22b65d63e06a084a7c29833b0791d0dc334883b69d7d041c3d6d8ce354ebb96e",,"2024-05-06T20:58:00.000","30","NO CONTROLS","NO CONTROLS","CLEAR","DARKNESS, LIGHTED ROAD","PARKED MOTOR VEHICLE","ONE-WAY",,"STRAIGHT AND LEVEL","DRY","NO DEFECTS","NOT ON SCENE (DESK REPORT)","NO INJURY / DRIVE AWAY",,,,"OVER $1,500","2024-05-08T10:00:00.000","UNABLE TO DETERMINE","UNABLE TO DETERMINE","5202","N","BERNARD ST","1712",,,,,,,"2","NO INDICATION OF INJURY","0","0","0","0","0","1","0","20","2","5","41.975828342","-87.714920127","POINT (-87.714920126547 41.975828341701)"
"05c1edcac3a02b79c7fd6a4f3e02020e0a1bbebb1ff9cec396bb18427ab50af75a415d5772fed33cd5ca2020c0c60814c01e1609059a573dea97bec8538c3024",,"2024-05-06T20:40:00.000","35","NO CONTROLS","NO CONTROLS","CLEAR","DARKNESS, LIGHTED ROAD","PARKED MOTOR VEHICLE","DIVIDED - W/MEDIAN BARRIER",,"STRAIGHT AND LEVEL","DRY","NO DEFECTS","ON SCENE","INJURY AND / OR TOW DUE TO CRASH",,,"Y","OVER $1,500","2024-05-06T20:47:00.000","UNABLE TO DETERMINE","UNABLE TO DETERMINE","350","N","OGDEN AVE","1215",,,,,,,"3","INCAPACITATING INJURY","3","0","3","0","0","1","0","20","2","5","41.887923076","-87.661452224","POINT (-87.661452224404 41.887923076176)"
"72abe2c7ec9f99f59402ebacead5bf855149ba8eab974e6209983223697aaefc38518eb5cb6985831f37c466f54c6c478a280ee30d48c1d84c8f07fb0a0418a1",,"2024-05-06T20:31:00.000","15","NO CONTROLS","NO CONTROLS","CLEAR","DARKNESS, LIGHTED ROAD","REAR TO REAR","PARKING LOT",,"STRAIGHT AND LEVEL","DRY","NO DEFECTS","NOT ON SCENE (DESK REPORT)","NO INJURY / DRIVE AWAY",,,"Y","$500 OR LESS","2024-05-06T21:00:00.000","UNABLE TO DETERMINE","UNABLE TO DETERMINE","29","E","87TH ST","632",,,,,,,"2","NO INDICATION OF INJURY","0","0","0","0","0","3","0","20","2","5","41.736255462","-87.622917508","POINT (-87.622917508206 41.73625546179)"
"984505b41e7616d65631dddb0c3200f98026fa32270432da308d855ac40345026ff8e72e242f895407497fe0981fbffdc3dd75c7bccef6d37957075bc8576ec8",,"2024-05-06T20:30:00.000","30","STOP SIGN/FLASHER","FUNCTIONING PROPERLY","UNKNOWN","UNKNOWN","ANGLE","NOT DIVIDED",,"STRAIGHT AND LEVEL","UNKNOWN","UNKNOWN","NOT ON SCENE (DESK REPORT)","NO INJURY / DRIVE AWAY",,,"Y","$501 - $1,500","2024-05-08T08:50:00.000","UNABLE TO DETERMINE","NOT APPLICABLE","4333","W","55TH ST","813",,,,,,,"2","NO INDICATION OF INJURY","0","0","0","0","0","2","0","20","2","5","41.793016287","-87.731800032","POINT (-87.731800031803 41.793016287323)"
"a8ebe142f5d1e47b8d6071e6c13533dad5bc46da5cdf7dcee8ef7206d4b432caf65748efd012c4211459a766f1275abe5a84c8663ce2a991a6a56c6732925d80",,"2024-05-06T20:30:00.000","30","NO CONTROLS","NO CONTROLS","CLEAR","DARKNESS, LIGHTED ROAD","PARKED MOTOR VEHICLE","NOT DIVIDED",,"STRAIGHT AND LEVEL","DRY","NO DEFECTS","NOT ON SCENE (DESK REPORT)","NO INJURY / DRIVE AWAY",,,"Y","OVER $1,500","2024-05-07T12:20:00.000","UNABLE TO DETERMINE","NOT APPLICABLE","2056","W","23RD ST","1034",,,,,,,"2","NO INDICATION OF INJURY","0","0","0","0","0","1","0","20","2","5","41.850434231","-87.678116675","POINT (-87.678116675054 41.850434231494)"
"d3f285b2e8bc1b6ea46bffd39c8189bc6b50c6f7a0b28cb10665040512fbb4f6e1b139c63b99841d431798c2599c44cf2bd027c6b9884f3d7cd1f0502a024529",,"2024-05-06T20:28:00.000","45","NO CONTROLS","NO CONTROLS","CLEAR","DARKNESS, LIGHTED ROAD","SIDESWIPE SAME DIRECTION","DIVIDED - W/MEDIAN BARRIER",,"STRAIGHT AND LEVEL","DRY","NO DEFECTS","ON SCENE","INJURY AND / OR TOW DUE TO CRASH",,,,"OVER $1,500","2024-05-06T20:32:00.000","FAILING TO REDUCE SPEED TO AVOID CRASH","NOT APPLICABLE","2752","N","LAKE SHORE DR SB","1935",,,,,,,"4","NONINCAPACITATING INJURY","2","0","0","1","1","2","0","20","2","5","41.932351268","-87.632254692","POINT (-87.632254691507 41.932351267605)"
"29443f24e41d202913e5cc9b35968d09239b250fae22979f3f7beed20e6db8cab0b93ac0d910e52b11614f066f5c0815c85ad9aa84dbf5cfabde186127ee5359",,"2024-05-06T20:20:00.000","30","TRAFFIC SIGNAL","FUNCTIONING PROPERLY","CLEAR","DARKNESS, LIGHTED ROAD","TURNING","FOUR WAY",,"STRAIGHT AND LEVEL","DRY","NO DEFECTS","ON SCENE","NO INJURY / DRIVE AWAY",,,"Y","OVER $1,500","2024-05-06T20:22:00.000","NOT APPLICABLE","FAILING TO YIELD RIGHT-OF-WAY","1001","N","AUSTIN BLVD","1511",,,,,,,"2","NO INDICATION OF INJURY","0","0","0","0","0","2","0","20","2","5","41.898449481","-87.775103807","POINT (-87.775103806849 41.898449481093)"
"3128df4a5cb44d0042e88bbca5f50c8a546a1aba89de9d0c684e0313b026bd28eece65af31f760c0890ad0912c3d47d12d8263754edf8924469a45625a83c69b",,"2024-05-06T20:20:00.000","30","TRAFFIC SIGNAL","FUNCTIONING PROPERLY","CLEAR","DARKNESS, LIGHTED ROAD","REAR END","NOT DIVIDED",,"STRAIGHT AND LEVEL","DRY","NO DEFECTS","ON SCENE","NO INJURY / DRIVE AWAY",,,"Y","$501 - $1,500","2024-05-06T20:22:00.000","UNABLE TO DETERMINE","UNABLE TO DETERMINE","10300","S","MORGAN ST","2232",,,,,,,"2","NO INDICATION OF INJURY","0","0","0","0","0","2","0","20","2","5","41.706825513","-87.647839499","POINT (-87.647839498933 41.706825512885)"