"crash_record_id","crash_date_est_i","crash_date","posted_speed_limit","traffic_control_device","device_condition","weather_condition","lighting_condition","first_crash_type","trafficway_type","lane_cnt","alignment","roadway_surface_cond","road_defect","report_type","crash_type","intersection_related_i","private_property_i","hit_and_run_i","damage","date_police_notified","prim_contributory_cause","sec_contributory_cause","street_no","street_direction","street_name","beat_of_occurrence","photos_taken_i","statements_taken_i","dooring_i","work_zone_i","work_zone_type","workers_present_i","num_units","most_severe_injury","injuries_total","injuries_fatal","injuries_incapacitating","injuries_non_incapacitating","injuries_reported_not_evident","injuries_no_indication","injuries_unknown","crash_hour","crash_day_of_week","crash_month","latitude","longitude","location"
"42bc7c96f882adc9efda783585f378c5ebc2740930e703eb935d9a58a5c2868a8b0ef6ae6f6a151de66dde499d4d8a8cbc5497def59676ed41f102bab398a0f5",,"2024-05-06T20:16:00.000","30","TRAFFIC SIGNAL","FUNCTIONING PROPERLY","CLEAR","DARKNESS, LIGHTED ROAD","SIDESWIPE SAME DIRECTION","NOT DIVIDED",,"STRAIGHT AND LEVEL","DRY","NO DEFECTS","ON SCENE","NO INJURY / DRIVE AWAY",,,,"OVER $1,500","2024-05-06T20:26:00.000","UNABLE TO DETERMINE","UNABLE TO DETERMINE","701","S","MICHIGAN AVE","114",,"Y",,,,,"2","NO INDICATION OF INJURY","0","0","0","0","0","2","0","20","2","5","41.873099415","-87.62405157","POINT (-87.624051569998 41.873099414846)"
"811473cbefb7f5553002be1ac1c4f4ccd5e442b1a5338ec4a769c69ec8892b1d229078b03ab5a5715b0da1755378d53f45698ca552123c43a2e93875f9064001",,"2024-05-06T20:13:00.000","30","TRAFFIC SIGNAL","FUNCTIONING PROPERLY","CLEAR","DARKNESS, LIGHTED ROAD","REAR END","NOT DIVIDED",,"STRAIGHT AND LEVEL","DRY","NO DEFECTS","ON SCENE","NO INJURY / DRIVE AWAY",,,,"$501 - $1,500","2024-05-06T20:13:00.000","UNABLE TO DETERMINE","UNABLE TO DETERMINE","3199","W","51ST ST","923",,,,,,,"2","NO INDICATION OF INJURY","0","0","0","0","0","2","0","20","2","5","41.800711827","-87.703702102","POINT (-87.703702101648 41.800711826674)"
"c0824a667cfab3539dee5450c4bb3f3171351fd0164e8cb14a96cac11583c1b6179a0fb1980f0b71802b176e2b7fe97b977c81d1433ff2d79e101fe9c0d4a4cb",,"2024-05-06T19:40:00.000","30","NO CONTROLS","NO CONTROLS","CLEAR","DARKNESS, LIGHTED ROAD","TURNING","DIVIDED - W/MEDIAN (NOT RAISED)",,"STRAIGHT AND LEVEL","DRY","NO DEFECTS","ON SCENE","INJURY AND / OR TOW DUE TO CRASH",,,,"OVER $1,500","2024-05-06T19:47:00.000","FAILING TO YIELD RIGHT-OF-WAY","FAILING TO YIELD RIGHT-OF-WAY","1615","N","ASHLAND AVE","1433",,,,,,,"2","NO INDICATION OF INJURY","0","0","0","0","0","2","0","19","2","5","41.911118924","-87.667556676","POINT (-87.667556676068 41.911118923586)"
"4b91ac2857a7920c606ceb991e1e79dc922f5ee6910d0d4394aa6e45356f2234b1628fe8b5639cafbb093b8bd5f16613ab4f56388274519b03d93ec240adcbf0",,"2024-05-06T19:30:00.000","30","NO CONTROLS","NO CONTROLS","CLEAR","DUSK","REAR TO REAR","PARKING LOT",,"STRAIGHT AND LEVEL","DRY","NO DEFECTS","NOT ON SCENE (DESK REPORT)","NO INJURY / DRIVE AWAY",,"Y",,"OVER $1,500","2024-05-06T20:00:00.000","UNABLE TO DETERMINE","UNABLE TO DETERMINE","5600","W","FULLERTON AVE","2515",,,,,,,"2","NO INDICATION OF INJURY","0","0","0","0","0","2","0","19","2","5","41.924090199","-87.76605353","POINT (-87.766053530161 41.924090198835)"
"fb3875e617eca49c48c280f219a0adf85754dddb848889b9425a06ff4c59b883085d108070c686dae02904fdb9734277cc3d47e40a58f4bc2e1fd191d70d194b",,"2024-05-06T19:30:00.000","30","TRAFFIC SIGNAL","FUNCTIONING PROPERLY","CLEAR","DUSK","REAR END","NOT DIVIDED",,"STRAIGHT AND LEVEL","DRY","NO DEFECTS","NOT ON SCENE (DESK REPORT)","INJURY AND / OR TOW DUE TO CRASH",,,"Y","OVER $1,500","2024-05-06T21:30:00.000","FAILING TO REDUCE SPEED TO AVOID CRASH","FAILING TO REDUCE SPEED TO AVOID CRASH","7199","S","CICERO AVE","833",,,,,,,"2","REPORTED, NOT EVIDENT","1","0","0","0","1","1","0","19","2","5","41.762034845","-87.741681416","POINT (-87.741681416474 41.762034844788)"
"9f0af99c781691cb0d6ee06381a17644c6e79298a3a347d5a22e3dfc279e03521148fcb72e0b978e9b596e4fc41821f203301f082ead3a9642da1f873ac8947f",,"2024-05-06T19:18:00.000","10","NO CONTROLS","NO CONTROLS","CLEAR","DUSK","PARKED MOTOR VEHICLE","PARKING LOT",,"STRAIGHT AND LEVEL","DRY","NO DEFECTS","NOT ON SCENE (DESK REPORT)","NO INJURY / DRIVE AWAY",,,"Y","$500 OR LESS","2024-05-07T19:15:00.000","UNABLE TO DETERMINE","NOT APPLICABLE","618","W","SCOTT ST","1822",,,,,,,"2","NO INDICATION OF INJURY","0","0","0","0","0","1","0","19","2","5","41.905150621","-87.644046605","POINT (-87.644046605245 41.90515062126)"
"08daeb296a739d0a76a31c234938f97749c5e2430a2fea19549400a7e59ecd97ae9a6e3a4b0351a152fbe67a434ec44185c65f6f2e8e7f0380490e128f4b6f42",,"2024-05-06T19:07:00.000","25","STOP SIGN/FLASHER","FUNCTIONING PROPERLY","CLEAR","DAYLIGHT","FIXED OBJECT","NOT DIVIDED",,"STRAIGHT AND LEVEL","DRY","NO DEFECTS","ON SCENE","NO INJURY / DRIVE AWAY","Y","Y","Y","OVER $1,500","2024-05-06T19:10:00.000","OPERATING VEHICLE IN ERRATIC, RECKLESS, CARELESS, NEGLIGENT OR AGGRESSIVE MANNER","NOT APPLICABLE","1235","E","98TH ST","511","Y",,,,,,"1","NO INDICATION OF INJURY","0","0","0","0","0","1","0","19","2","5","41.716645665","-87.593280359","POINT (-87.59328035926 41.716645664568)"
"1ee2d05ad83578b209e547887d36a92a67599ee5d5c6ed4462716cb3dfcd93d9f0c9af15472c7c8a0892552387b30adfbc5a2985a6b1ec78a111e7ea7903f591",,"2024-05-06T19:00:00.000","25","NO CONTROLS","NO CONTROLS","CLEAR","DUSK","REAR END","NOT DIVIDED",,"STRAIGHT AND LEVEL","DRY","UNKNOWN","NOT ON SCENE (DESK REPORT)","NO INJURY / DRIVE AWAY",,,"Y","OVER $1,500","2024-05-07T15:20:00.000","UNABLE TO DETERMINE","NOT APPLICABLE","3410","W","25TH ST","1024",,,,,,,"2","NO INDICATION OF INJURY","0","0","0","0","0","2","0","19","2","5","41.846367316","-87.710480239","POINT (-87.710480238917 41.846367315512)"
"b8115b99dba8ec44cbc5188aa0f234553bb19d48a689edbc718f420eeda62e8b017f7bc49f7c5aa232e54dd42962e1ccf7a4ec322e727ab8f692b62c2213aeea",,"2024-05-06T19:00:00.000","15","NO CONTROLS","NO CONTROLS","CLEAR","DAYLIGHT","PARKED MOTOR VEHICLE","PARKING LOT",,"STRAIGHT AND LEVEL","DRY","NO DEFECTS","NOT ON SCENE (DESK REPORT)","NO INJURY / DRIVE AWAY",,,,"OVER $1,500","2024-05-08T08:15:00.000","UNABLE TO DETERMINE","NOT APPLICABLE","1158","N","CLARK ST","1824",,,,,,,"2","NO INDICATION OF INJURY","0","0","0","0","0","1","0","19","2","5","41.90354723","-87.631581419","POINT (-87.631581418902 41.903547229776)"
"48c3d3685789dd5fefd3f3d67f80ceb27bc13abc6672ba8626e0cd481aee91296df25ed6f585705719c8bdfa8bb54586dea904c965e5d0a1536ebaaab37eebde",,"2024-05-06T18:59:00.000","30","TRAFFIC SIGNAL","FUNCTIONING PROPERLY","CLEAR","DAYLIGHT","REAR END","NOT DIVIDED",,"STRAIGHT AND LEVEL","DRY","NO DEFECTS","NOT ON SCENE (DESK REPORT)","INJURY AND / OR TOW DUE TO CRASH",,,"Y","OVER $1,500","2024-05-06T19:47:00.000","DISTRACTION - FROM INSIDE VEHICLE","NOT APPLICABLE","10300","S","OGLESBY AVE","434",,,,,,,"3","REPORTED, NOT EVIDENT","4","0","0","0","4","1","0","18","2","5","41.7079993","-87.565864986","POINT (-87.565864985681 41.707999300284)"
"51c733bb706208fc244eb3d99e5413a59048bcdda0869e9b1fe1fc2eb9fb83f7f0791c3cad0ec4ad54b2502182cd17a356a6e86f45942ca0d277cca98bd14178",,"2024-05-06T18:56:00.000","30","TRAFFIC SIGNAL","FUNCTIONING PROPERLY","CLEAR","UNKNOWN","ANGLE","FOUR WAY",,"STRAIGHT AND LEVEL","DRY","NO DEFECTS","NOT ON SCENE (DESK REPORT)","INJURY AND / OR TOW DUE TO CRASH","Y",,,"OVER $1,500","2024-05-06T18:56:00.000","NOT APPLICABLE","NOT APPLICABLE","6800","W","BELMONT AVE","1632",,"Y",,,,,"2","NO INDICATION OF INJURY","0","0","0","0","0","3","0","18","2","5","41.938266954","-87.795761499","POINT (-87.795761499004 41.938266954026)"
"08a5dc59b5cfc6535cf4397c1a09905eeeb8f4ee2e60204f21dee8e49b2ca1e813591457043b9e636d6d771439f4f0d4ce67161085c5ffc512639c691c30a0f3",,"2024-05-06T18:55:00.000","40","NO CONTROLS","NO CONTROLS","CLEAR","DAYLIGHT","REAR END","DIVIDED - W/MEDIAN BARRIER",,"STRAIGHT AND LEVEL","DRY","NO DEFECTS","ON SCENE","INJURY AND / OR TOW DUE TO CRASH",,,,"$501 - $1,500","2024-05-06T18:56:00.000","FAILING TO REDUCE SPEED TO AVOID CRASH","FOLLOWING TOO CLOSELY","1911","N","LAKE SHORE DR NB","1814",,,,,,,"2","NONINCAPACITATING INJURY","1","0","0","1","0","2","0","18","2","5","41.917035923","-87.628131121","POINT (-87.62813112144 41.917035922575)"
"824e05e44a1ea8c4f838fa52fc115aa8df3930753a79d4743205d7b05fc1fd84923eeda0f09f795d1233676a07a1de33352bd892508ca6c547381bc417fd3bf2",,"2024-05-06T18:50:00.000","30","TRAFFIC SIGNAL","FUNCTIONING PROPERLY","CLEAR","DAYLIGHT","REAR TO FRONT","NOT DIVIDED",,"STRAIGHT AND LEVEL","DRY","NO DEFECTS","NOT ON SCENE (DESK REPORT)","NO INJURY / DRIVE AWAY",,,,"OVER $1,500","2024-05-06T19:20:00.000","IMPROPER BACKING","NOT APPLICABLE","1011","W","WILSON AVE","1914",,,,,,,"2","NO INDICATION OF INJURY","0","0","0","0","0","2","0","18","2","5","41.965315707","-87.655276865","POINT (-87.655276864506 41.965315706779)"
"6493dea857c41a416739127483105c826d4370bb09d4a5c81d5729f213f5f3b97de9dc377493d24552b5c154418517b1b52fff77881394df262166fa95bec612",,"2024-05-06T18:45:00.000","15","NO CONTROLS","NO CONTROLS","CLEAR","DAYLIGHT","FIXED OBJECT","ALLEY",,"STRAIGHT AND LEVEL","DRY","NO DEFECTS","NOT ON SCENE (DESK REPORT)","NO INJURY / DRIVE AWAY",,"Y",,"OVER $1,500","2024-05-06T19:25:00.000","UNABLE TO DETERMINE","UNABLE TO DETERMINE","951","W","36TH ST","915",,,,,,,"1","NO INDICATION OF INJURY","0","0","0","0","0","1","0","18","2","5","41.828517761","-87.649616424","POINT (-87.649616423594 41.82851776143)"
"b58e7640efa14919e2ff67fae5bd45770bdd637725b130587cab8aba0c1ba258f6d55a7cea41f111255ada16fb131df9530c60796fb92bfca14d22d479db17e6",,"2024-05-06T18:45:00.000","30","STOP SIGN/FLASHER","NO CONTROLS","CLEAR","DAYLIGHT","ANGLE","NOT DIVIDED",,"STRAIGHT AND LEVEL","DRY","NO DEFECTS","ON SCENE","INJURY AND / OR TOW DUE TO CRASH",,,,"OVER $1,500","2024-05-06T18:50:00.000","DISREGARDING STOP SIGN","UNABLE TO DETERMINE","1932","W","47TH ST","924",,,,,,,"2","NO INDICATION OF INJURY","0","0","0","0","0","2","0","18","2","5","41.808630891","-87.673533315","POINT (-87.673533315305 41.80863089092)"
"e5a9ad7dac5c24ab733d8c86c9ca9275544ae6febe8e42e7bd6a37046e77adf5cc276dcf891d48718c9bdfce6e6cd831eb8c47695a8961187a2872a2ce517abc",,"2024-05-06T18:40:00.000","30","TRAFFIC SIGNAL","FUNCTIONING PROPERLY","CLEAR","DAYLIGHT","TURNING","DIVIDED - W/MEDIAN BARRIER",,"STRAIGHT AND LEVEL","DRY","NO DEFECTS","ON SCENE","NO INJURY / DRIVE AWAY","Y",,,"$500 OR LESS","2024-05-06T18:45:00.000","UNABLE TO DETERMINE","NOT APPLICABLE","698","S","MICHIGAN AVE","123",,,,,,,"2","NO INDICATION OF INJURY","0","0","0","0","0","4","0","18","2","5","41.873223187","-87.624348733","POINT (-87.624348732928 41.873223187237)"
"ee823515c4353d29b43bbf893fa126736e9ecb2408c65eaf03556472df8e7d0173de721f33c51eca67dd9ddb15f1d408caac26f6da2b0b31c27e227ae79c445c","Y","2024-05-06T18:35:00.000","25","NO CONTROLS","NO CONTROLS","CLEAR","DAYLIGHT","REAR END","DIVIDED - W/MEDIAN (NOT RAISED)",,"STRAIGHT AND LEVEL","DRY","NO DEFECTS","ON SCENE","INJURY AND / OR TOW DUE TO CRASH",,,,"OVER $1,500","2024-05-06T18:40:00.000","DISTRACTION - FROM INSIDE VEHICLE","FOLLOWING TOO CLOSELY","5301","W","ADDISON ST","1634",,,,,,,"2","INCAPACITATING INJURY","1","0","1","0","0","1","0","18","2","5","41.945859623","-87.759496658","POINT (-87.759496657948 41.945859622644)"
"69cac309d90f30bfccc7eb994a32d1d3198b286e3e9f0224eea8d58ae1a792b7b7ed6233cfcdf0f1bc399bdb4d03697693824dc0f852fb2e26c877d371f34b15",,"2024-05-06T18:30:00.000","30","TRAFFIC SIGNAL","FUNCTIONING PROPERLY","CLEAR","DAYLIGHT","SIDESWIPE SAME DIRECTION","ONE-WAY",,"STRAIGHT AND LEVEL","DRY","NO DEFECTS","NOT ON SCENE (DESK REPORT)","NO INJURY / DRIVE AWAY",,,,"$501 - $1,500","2024-05-06T19:04:00.000","UNABLE TO DETERMINE","NOT APPLICABLE","8700","S","LAFAYETTE AVE","634",,,,,,,"2","NO INDICATION OF INJURY","0","0","0","0","0","2","0","18","2","5","41.73616511","-87.625587569","POINT (-87.625587568999 41.736165110086)"
"ccc39c45996291ec67c406dc2be22c3e29939a7fd960375dd7a12dfe1da32ec9f6e92782a157212263a9859cf87f13f026ced37a49cff0966e3c4b22262cb36b",,"2024-05-06T18:30:00.000","15","NO CONTROLS","NO CONTROLS","CLEAR","DUSK","PARKED MOTOR VEHICLE","NOT DIVIDED",,"STRAIGHT AND LEVEL","DRY","NO DEFECTS","ON SCENE","NO INJURY / DRIVE AWAY",,,"Y","$500 OR LESS","2024-05-06T18:50:00.000","IMPROPER OVERTAKING/PASSING","UNABLE TO DETERMINE","1414","W","BYRON ST","1922",,,,,,,"2","NO INDICATION OF INJURY","0","0","0","0","0","1","0","18","2","5","41.952633756","-87.664823323","POINT (-87.664823322536 41.952633756214)"
"eaf28fb5fff4223de55ea571a96887053803c2f24c500163bcfcc4d2eaed42cfc96a704475f6c2a90810315e6b76bc5bd56e47278c14a3acd577bc588eb45b88",,"2024-05-06T18:25:00.000","30","STOP SIGN/FLASHER","FUNCTIONING PROPERLY","CLEAR","DAYLIGHT","ANGLE","FOUR WAY",,"STRAIGHT AND LEVEL","DRY","NO DEFECTS","ON SCENE","INJURY AND / OR TOW DUE TO CRASH",,,,"OVER $1,500","2024-05-07T18:25:00.000","DISREGARDING STOP SIGN","NOT APPLICABLE","2728","N","LARAMIE AVE","2514",,,,,,,"2","NO INDICATION OF INJURY","0","0","0","0","0","2","0","18","2","5","41.930445185","-87.756531154","POINT (-87.756531153796 41.930445184865)"
"2ee8df5ad27f197f66e604c794f659e7836448bb94d9f1990b9cc26d027e98de2cbae1d5cf48f5511b0c89e58cdaddb73d2e248d1ee9cef09a1e2ec1c10301f6",,"2024-05-06T18:20:00.000","15","NO CONTROLS","NO CONTROLS","CLEAR","DAYLIGHT","PARKED MOTOR VEHICLE","ONE-WAY",,"STRAIGHT AND LEVEL","DRY","NO DEFECTS","ON SCENE","NO INJURY / DRIVE AWAY",,,,"OVER $1,500","2024-05-06T18:26:00.000","IMPROPER OVERTAKING/PASSING","UNABLE TO DETERMINE","2","W","TERMINAL ST","1652",,,,,,,"2","NO INDICATION OF INJURY","0","0","0","0","0","1","0","18","2","5",,,
"3847a9d4c91c68b60b2ed82ef7ddf0b619fd28efc57085b137b7498b55c1b91ab2157332e45b3020ad48d90e2f758239eddbd15f8fde438ea7a7505b10d1b23d",,"2024-05-06T18:20:00.000","30","TRAFFIC SIGNAL","FUNCTIONING PROPERLY","CLEAR","DAYLIGHT","SIDESWIPE SAME DIRECTION","NOT DIVIDED",,"STRAIGHT AND LEVEL","DRY","NO DEFECTS",,"NO INJURY / DRIVE AWAY","Y",,,"$501 - $1,500","2024-05-06T19:25:00.000","FOLLOWING TOO CLOSELY","NOT APPLICABLE","2800","N","CALIFORNIA AVE","1411",,,,,,,"2","NO INDICATION OF INJURY","0","0","0","0","0","2","0","18","2","5","41.932120719","-87.6977653","POINT (-87.697765300365 41.932120719106)"
"5a5eff0584dce955a079aedcad0dfe33b2aa50183e7e92dc74bed3e1dcce440eb349bd95ac733ff5c56baf5d4ed7af435aa95ad39a50d2740cf94e7f1397be01",,"2024-05-06T18:10:00.000","30","NO CONTROLS","NO CONTROLS","CLEAR","DAYLIGHT","REAR END","DIVIDED - W/MEDIAN BARRIER",,"STRAIGHT AND LEVEL","DRY","NO DEFECTS","NOT ON SCENE (DESK REPORT)","NO INJURY / DRIVE AWAY",,,,"$500 OR LESS","2024-05-06T18:30:00.000","UNABLE TO DETERMINE","UNABLE TO DETERMINE","9346","S","STONY ISLAND AVE","413",,,,,,,"2","NO INDICATION OF INJURY","0","0","0","0","0","2","0","18","2","5","41.724521443","-87.585493864","POINT (-87.585493863622 41.724521442755)"
"5de4ae47948e2b8eeebfc68530a5dddf69ff3e1d455d2b21436ddec66ca450eafd7b798a210ed5f89a04af84afe2fbe8c66c9d4477155e94f738dd42d04dbac7",,"2024-05-06T18:00:00.000","30","NO CONTROLS","NO CONTROLS","CLEAR","DAYLIGHT","PARKED MOTOR VEHICLE","NOT DIVIDED",,"STRAIGHT AND LEVEL","DRY","NO DEFECTS","NOT ON SCENE (DESK REPORT)","NO INJURY / DRIVE AWAY",,,"Y","$501 - $1,500","2024-05-06T19:00:00.000","IMPROPER OVERTAKING/PASSING","NOT APPLICABLE","5500","S","SHORE DR","235",,,,,,,"2","NO INDICATION OF INJURY","0","0","0","0","0","1","0","18","2","5","41.795185016","-87.580597772","POINT (-87.580597771682 41.795185016057)"
"bceddd114a04df694fb53e375e07efc7444e5995ac26b50726c22433d39bf959f716ef58f08aab891cdb337872629b7335d744d6c6580e7f324fe3d6afefdae0",,"2024-05-06T18:00:00.000","30","NO CONTROLS","NO CONTROLS","CLEAR","DAYLIGHT","PEDALCYCLIST","NOT DIVIDED",,"STRAIGHT AND LEVEL","UNKNOWN","UNKNOWN","NOT ON SCENE (DESK REPORT)","NO INJURY / DRIVE AWAY",,,,"OVER $1,500","2024-05-06T18:30:00.000","UNABLE TO DETERMINE","FAILING TO REDUCE SPEED TO AVOID CRASH","1615","E","91ST ST","413",,,,,,,"2","NO INDICATION OF INJURY","0","0","0","0","0","2","0","18","2","5","41.729531426","-87.584455237","POINT (-87.584455237082 41.729531426365)"
"e936faea04a33a4af4787baa7461017960f46c823c57dee57f771966acf2066192cca74aaf20cf9fe73b6d0f604abbda914ed77cb7b196278b44421a5c795b55",,"2024-05-06T17:40:00.000","30","NO CONTROLS","NO CONTROLS","CLEAR","DAYLIGHT","ANGLE","T-INTERSECTION",,"STRAIGHT AND LEVEL","DRY","NO DEFECTS","ON SCENE","INJURY AND / OR TOW DUE TO CRASH","Y",,,"OVER $1,500","2024-05-06T17:46:00.000","DRIVING SKILLS/KNOWLEDGE/EXPERIENCE","UNABLE TO DETERMINE","4700","S","LAWNDALE AVE","821",,,,,,,"2","NO INDICATION OF INJURY","0","0","0","0","0","2","0","17","2","5","41.80790245","-87.716375968","POINT (-87.716375968062 41.807902449705)"
"9c2dc4807232665dde5035de625a5354b3299d53854b4fa7a0f173c1225a48f0da26facdf184b91c8593afae441b034226e6cd0f7316c07aa7edb3bd17d44f3b",,"2024-05-06T17:38:00.000","30","TRAFFIC SIGNAL","FUNCTIONING PROPERLY","CLEAR","DAYLIGHT","REAR END","NOT DIVIDED",,"STRAIGHT AND LEVEL","DRY","NO DEFECTS","ON SCENE","INJURY AND / OR TOW DUE TO CRASH","Y",,,"OVER $1,500","2024-05-06T17:42:00.000","FOLLOWING TOO CLOSELY","NOT APPLICABLE","4829","W","63RD ST","813",,,,,,,"2","NONINCAPACITATING INJURY","1","0","0","1","0","1","0","17","2","5","41.778297964","-87.743439447","POINT (-87.743439446644 41.778297964291)"
"cbf300f5484bea769cdae8947eb255005e8ccd2693f39e23b2f9362dc82cfddc5bba9f8808ea340abda41db371231244143669b8bc9f534a6d58471fbdc04a37",,"2024-05-06T17:36:00.000","30","NO CONTROLS","NO CONTROLS","CLEAR","DAYLIGHT","PARKED MOTOR VEHICLE","PARKING LOT",,"STRAIGHT AND LEVEL","DRY","NO DEFECTS","NOT ON SCENE (DESK REPORT)","NO INJURY / DRIVE AWAY",,,"Y","OVER $1,500","2024-05-06T20:07:00.000","NOT APPLICABLE","NOT APPLICABLE","2845","W","48TH PL","922",,,,,,,"2","NO INDICATION OF INJURY","0","0","0","0","0","1","0","17","2","5","41.805455236","-87.695903291","POINT (-87.695903291472 41.805455235861)"
"66c6025c2e742e470ad9ba5c0804f85a013573962049b0ace9f02bc40787e82052d7e006d440cd2fd883b8470bcdb6cf4f562f739566459f8caf0923d558493a",,"2024-05-06T17:33:00.000","25","TRAFFIC SIGNAL","FUNCTIONING PROPERLY","CLEAR","DAYLIGHT","TURNING","NOT DIVIDED",,"STRAIGHT AND LEVEL","DRY","NO DEFECTS","ON SCENE","NO INJURY / DRIVE AWAY","Y",,,"OVER $1,500","2024-05-06T17:38:00.000","FOLLOWING TOO CLOSELY","OBSTRUCTED CROSSWALKS","3898","N","BROADWAY","1923",,,,,,,"2","NO INDICATION OF INJURY","0","0","0","0","0","4","0","17","2","5","41.952667333","-87.649798106","POINT (-87.64979810561 41.952667332699)"
"1d7dcbcdecd59537a1a74839b458983a5f0bc0bf8836f65c40be67cde53dab974d1de3aefe0596ee90b4284c989269a4329529608d451532ac445f0a2b3001d4",,"2024-05-06T17:30:00.000","30","TRAFFIC SIGNAL","FUNCTIONING PROPERLY","CLEAR","DAYLIGHT","REAR END","DIVIDED - W/MEDIAN BARRIER",,"STRAIGHT AND LEVEL","DRY","NO DEFECTS","NOT ON SCENE (DESK REPORT)","INJURY AND / OR TOW DUE TO CRASH",,,,"OVER $1,500","2024-05-06T18:15:00.000","FOLLOWING TOO CLOSELY","NOT APPLICABLE","5700","S","LAKE SHORE DR","331",,,,,,,"2","REPORTED, NOT EVIDENT","1","0","0","0","1","2","0","17","2","5","41.791420282","-87.580147769","POINT (-87.580147768689 41.791420282098)"
"2baa6d9258fd4f3506754cdbd4bde76b01639b203a8fe9ea0ed401c6dbb4ab5f4ae12af9ee92e8222c111e6cb5959d52aeb4e1624e310baf1ad8452daa2e5810",,"2024-05-06T17:30:00.000","30","TRAFFIC SIGNAL","FUNCTIONING PROPERLY","CLEAR","DAYLIGHT","SIDESWIPE SAME DIRECTION","NOT DIVIDED",,"STRAIGHT AND LEVEL","DRY","NO DEFECTS","NOT ON SCENE (DESK REPORT)","NO INJURY / DRIVE AWAY",,,,"$501 - $1,500","2024-05-06T18:05:00.000","FAILING TO YIELD RIGHT-OF-WAY","NOT APPLICABLE","1046","W","ADDISON ST","1923",,,,,,,"2","NO INDICATION OF INJURY","0","0","0","0","0","3","0","17","2","5","41.947328557","-87.655951293","POINT (-87.655951293116 41.94732855691)"
"612b7e91701b808091743212565805f466b8f33d6238ca3ecf224feea6c4f90edc05cbe59d7c5d32f4631daeee379e913abf3b293305983731815e492011f534",,"2024-05-06T17:30:00.000","30","UNKNOWN","UNKNOWN","CLEAR","DAYLIGHT","SIDESWIPE SAME DIRECTION","NOT DIVIDED",,"STRAIGHT AND LEVEL","DRY","NO DEFECTS","NOT ON SCENE (DESK REPORT)","NO INJURY / DRIVE AWAY",,,,"$500 OR LESS","2024-05-06T17:30:00.000","UNABLE TO DETERMINE","UNABLE TO DETERMINE","1151","S","MICHIGAN AVE","114",,,,,,,"2","NO INDICATION OF INJURY","0","0","0","0","0","2","0","17","2","5","41.867711296","-87.623966002","POINT (-87.623966002037 41.867711295631)"
"6496acfa0e7fdb57e6a2ba152aab609629e851c33623a7347b0bd4e3bc0725e7668aa845e93a5e0bbe55dab5104b76ee0551ed6ede3e864f61a88119ad60ace4",,"2024-05-06T17:30:00.000","30","TRAFFIC SIGNAL","FUNCTIONING PROPERLY","CLEAR","DAWN","SIDESWIPE SAME DIRECTION","NOT DIVIDED",,"STRAIGHT AND LEVEL","DRY","NO DEFECTS","ON SCENE","NO INJURY / DRIVE AWAY",,,"Y","$501 - $1,500","2024-05-06T17:31:00.000","FAILING TO YIELD RIGHT-OF-WAY","FAILING TO YIELD RIGHT-OF-WAY","1234","S","MICHIGAN AVE","131",,,,,,,"2","NO INDICATION OF INJURY","0","0","0","0","0","3","0","17","2","5","41.866489279","-87.624279305","POINT (-87.624279304789 41.866489279306)"
"7bab88d5507d32602255c177a5c3c1f51e802f0b180a70b1ad629355fcc097d048fb3e05b8c2ebab080ab9aa63638b9360948bbc0800fbdb71f7071dbd7904ac",,"2024-05-06T17:30:00.000","20","NO CONTROLS","NO CONTROLS","CLEAR","DAYLIGHT","PARKED MOTOR VEHICLE","ALLEY",,"STRAIGHT AND LEVEL","UNKNOWN","UNKNOWN","NOT ON SCENE (DESK REPORT)","NO INJURY / DRIVE AWAY",,,,"$501 - $1,500","2024-05-06T17:55:00.000","UNABLE TO DETERMINE","NOT APPLICABLE","854","N","MONTICELLO AVE","1112",,,,,,,"2","NO INDICATION OF INJURY","0","0","0","0","0","4","0","17","2","5","41.897065163","-87.717733456","POINT (-87.717733455532 41.897065163278)"
"c9c4c9aae4968df486444d500ac19e4a890e981716cb10e0b10c6636e294db6523d76b95bea49ecec423374b7869115f95c6b9837d3619dce8b3888c6ceac6d9",,"2024-05-06T17:30:00.000","30","TRAFFIC SIGNAL","FUNCTIONING PROPERLY","CLEAR","DAYLIGHT","REAR END","NOT DIVIDED",,"STRAIGHT AND LEVEL","DRY","UNKNOWN","ON SCENE","NO INJURY / DRIVE AWAY",,,,"OVER $1,500","2024-05-06T17:40:00.000","DRIVING SKILLS/KNOWLEDGE/EXPERIENCE","DRIVING SKILLS/KNOWLEDGE/EXPERIENCE","2000","N","WESTERN AVE","1431",,,,,,,"2","NO INDICATION OF INJURY","0","0","0","0","0","2","0","17","2","5","41.917603818","-87.687557878","POINT (-87.687557877557 41.917603817942)"