"crash_record_id","crash_date_est_i","crash_date","posted_speed_limit","traffic_control_device","device_condition","weather_condition","lighting_condition","first_crash_type","trafficway_type","lane_cnt","alignment","roadway_surface_cond","road_defect","report_type","crash_type","intersection_related_i","private_property_i","hit_and_run_i","damage","date_police_notified","prim_contributory_cause","sec_contributory_cause","street_no","street_direction","street_name","beat_of_occurrence","photos_taken_i","statements_taken_i","dooring_i","work_zone_i","work_zone_type","workers_present_i","num_units","most_severe_injury","injuries_total","injuries_fatal","injuries_incapacitating","injuries_non_incapacitating","injuries_reported_not_evident","injuries_no_indication","injuries_unknown","crash_hour","crash_day_of_week","crash_month","latitude","longitude","location"
"d23c4738a2b49f3ec0ffbf9418a6435bfacf57393423a9d3a1b649425f88c658da11c45f46ebd55c0ebc5da5b4ee1c8ee4332bd691396a188ffb0e763a390ada",,"2024-05-06T17:30:00.000","30","UNKNOWN","UNKNOWN","UNKNOWN","UNKNOWN","PARKED MOTOR VEHICLE","NOT DIVIDED",,"STRAIGHT AND LEVEL","UNKNOWN","UNKNOWN","NOT ON SCENE (DESK REPORT)","NO INJURY / DRIVE AWAY",,,"Y","OVER $1,500","2024-05-06T22:46:00.000","NOT APPLICABLE","NOT APPLICABLE","831","W","EASTMAN ST","1822",,,,,,,"2","NO INDICATION OF INJURY","0","0","0","0","0","1","0","17","2","5","41.907348047","-87.649352564","POINT (-87.649352564089 41.907348047335)"
"f05e72ecb3805e3637e6cae95cc85ab76d84015a6f7d037c375b797b38051ef33ff81f4d78673abe5d2a092684d0fbd702ae23a7b98de612496afc3bfe25c0f1",,"2024-05-06T17:30:00.000","30","NO CONTROLS","NO CONTROLS","CLEAR","DAYLIGHT","ANGLE","DIVIDED - W/MEDIAN (NOT RAISED)",,"STRAIGHT AND LEVEL","DRY","NO DEFECTS","ON SCENE","NO INJURY / DRIVE AWAY","Y",,,"OVER $1,500","2024-05-06T17:31:00.000","UNABLE TO DETERMINE","UNABLE TO DETERMINE","4600","S","DR MARTIN LUTHER KING JR DR","215",,,,,,,"2","NO INDICATION OF INJURY","0","0","0","0","0","3","0","17","2","5","41.811149251","-87.616784869","POINT (-87.61678486923 41.811149250515)"
"19dbca69f04590545fa72102d46bf6e5920f6eb6d3aa2dcdfe63677dcfc11b183bdfb5c6bf3151c8b71814c096648a60ad3b340b4bfbad7b405f0c8994e38f38",,"2024-05-06T17:26:00.000","30","TRAFFIC SIGNAL","FUNCTIONING PROPERLY","CLEAR","DAYLIGHT","OTHER OBJECT","FOUR WAY",,"STRAIGHT AND LEVEL","DRY","NO DEFECTS","ON SCENE","INJURY AND / OR TOW DUE TO CRASH","Y",,,"$501 - $1,500","2024-05-06T17:30:00.000","FAILING TO YIELD RIGHT-OF-WAY","DRIVING SKILLS/KNOWLEDGE/EXPERIENCE","11500","S","MICHIGAN AVE","532",,,,,,,"2","INCAPACITATING INJURY","1","0","1","0","0","1","0","17","2","5","41.685271223","-87.620947158","POINT (-87.620947158386 41.685271222904)"
"eceeb0a77b391ec7c18e6a46149c11cb7d1b51bd3d42eff86a3cfb1ddeafb2b6b0ba854db545d97785a200b11156d8a2c6bbeb4434163b47ddde3ec23f5b1514","Y","2024-05-06T17:20:00.000","35","NO CONTROLS","NO CONTROLS","CLEAR","DAYLIGHT","FIXED OBJECT","NOT DIVIDED",,"STRAIGHT AND LEVEL","DRY","NO DEFECTS","ON SCENE","INJURY AND / OR TOW DUE TO CRASH",,,,"OVER $1,500","2024-05-06T17:36:00.000","UNABLE TO DETERMINE","UNABLE TO DETERMINE","10222","S","WESTERN AVE","2211",,,,,,,"1","NO INDICATION OF INJURY","0","0","0","0","0","1","0","17","2","5","41.707483157","-87.681801977","POINT (-87.681801977018 41.707483157008)"
"065313b383833b9659dc131980e742ec54e0efab347c84691cca9211222a9d884527875223d9f97434222a1bc7211014ab319c20415fa7511a351c7eab7d124b",,"2024-05-06T17:14:00.000","30","OTHER","FUNCTIONING IMPROPERLY","CLEAR","DAYLIGHT","PARKED MOTOR VEHICLE","NOT DIVIDED",,"STRAIGHT AND LEVEL","DRY","NO DEFECTS","ON SCENE","INJURY AND / OR TOW DUE TO CRASH",,,,"$501 - $1,500","2024-05-06T17:20:00.000","EQUIPMENT - VEHICLE CONDITION","FAILING TO REDUCE SPEED TO AVOID CRASH","6120","W","BELMONT AVE","1633",,,,,,,"2","NONINCAPACITATING INJURY","1","0","0","1","0","0","0","17","2","5","41.938514436","-87.779521926","POINT (-87.779521926166 41.938514435664)"
"d5e1f3acc9a0179863e71443a97bd30a6412806e09c1d7cb33d88b49205c4765167f3358fcc903d7640913a0820b98a677f49a001d125ef97a49954fdfe82cda",,"2024-05-06T17:10:00.000","30","STOP SIGN/FLASHER","FUNCTIONING PROPERLY","CLEAR","DAYLIGHT","TURNING","NOT DIVIDED",,"STRAIGHT AND LEVEL","DRY","NO DEFECTS","ON SCENE","NO INJURY / DRIVE AWAY",,,,"OVER $1,500","2024-05-06T17:10:00.000","FAILING TO YIELD RIGHT-OF-WAY","UNABLE TO DETERMINE","1302","N","MILWAUKEE AVE","1424",,,,,,,"2","NO INDICATION OF INJURY","0","0","0","0","0","3","0","17","2","5","41.90524318","-87.669647363","POINT (-87.669647363325 41.9052431799)"
"2f9308b4c3a8deba9cda8bbca71e995279a3e85fc637fff4057662a8494ab7051f7c5ce3ee51718402c94e87782b6162c51effdecc43c36f810e3481f3fc3191",,"2024-05-06T17:05:00.000","30","NO CONTROLS","NO CONTROLS","CLEAR","DAYLIGHT","REAR END","FOUR WAY",,"STRAIGHT AND LEVEL","DRY","NO DEFECTS","ON SCENE","INJURY AND / OR TOW DUE TO CRASH","Y",,,"OVER $1,500","2024-05-06T17:12:00.000","FAILING TO REDUCE SPEED TO AVOID CRASH","UNABLE TO DETERMINE","2528","W","119TH ST","2212",,,,,,,"2","NONINCAPACITATING INJURY","1","0","0","1","0","1","0","17","2","5","41.677348296","-87.684320273","POINT (-87.684320273287 41.677348296057)"
"2933f7121fd4aeec90b1f3cadfe3c239d81cc1594ad2a618a909213201dda93fd39cb8ff390c8065e92fc4f0b32e8ed9316e74d6813d71d8ed9f3e2f74882416",,"2024-05-06T17:00:00.000","30","NO CONTROLS","NO CONTROLS","CLEAR","DAYLIGHT","OTHER NONCOLLISION","NOT DIVIDED",,"STRAIGHT AND LEVEL","DRY","RUT, HOLES","NOT ON SCENE (DESK REPORT)","NO INJURY / DRIVE AWAY",,,,"$501 - $1,500","2024-05-08T13:30:00.000","UNABLE TO DETERMINE","UNABLE TO DETERMINE","2444","W","35TH ST","911",,,,,,,"1","NO INDICATION OF INJURY","0","0","0","0","0","1","0","17","2","5","41.830353568","-87.687041683","POINT (-87.687041682643 41.830353567991)"
"b524b6b2f3c684c2a78fecbfc9e7353c2deb165049b512362f714979065dcecf7e971319ae911f28ba66b124799337c975bc4c53467610b95df1656f8ad602f9",,"2024-05-06T16:56:00.000","30","UNKNOWN","UNKNOWN","CLEAR","DAYLIGHT","REAR END","UNKNOWN",,"STRAIGHT AND LEVEL","DRY","UNKNOWN","ON SCENE","NO INJURY / DRIVE AWAY",,,,"OVER $1,500","2024-05-06T16:56:00.000","UNABLE TO DETERMINE","UNABLE TO DETERMINE","799","W","73RD ST","732",,,,,,,"2","NO INDICATION OF INJURY","0","0","0","0","0","3","0","16","2","5","41.761454523","-87.644257666","POINT (-87.64425766625 41.761454523296)"
"4c7961d7290e60c59af045eef49f26aa2cc68d933e2404b75b82eeee671575a7b258b851e1083a34283ef287f011eadf3123aae162d34893ee405bbf82e03dc1",,"2024-05-06T16:49:00.000","30","NO CONTROLS","NO CONTROLS","CLEAR","DAYLIGHT","ANGLE","NOT DIVIDED",,"STRAIGHT AND LEVEL","DRY","NO DEFECTS","ON SCENE","INJURY AND / OR TOW DUE TO CRASH",,,,"$501 - $1,500","2024-05-06T16:56:00.000","DRIVING ON WRONG SIDE/WRONG WAY","IMPROPER LANE USAGE","2431","W","MARQUETTE RD","832",,"Y",,,,,"2","NONINCAPACITATING INJURY","3","0","0","1","2","1","0","16","2","5","41.771849411","-87.684599332","POINT (-87.684599331858 41.771849411308)"
"cca3f317af43a2e4b92027e5a91cab39cbb0a822f7d7ca7f3d24ff7d4a53f44ecc50a6c53b56fcd11107ddb2b043d9dbf98840f86afc1ff301fa94a183db2c5f",,"2024-05-06T16:45:00.000","30","NO CONTROLS","NO CONTROLS","CLEAR","DAYLIGHT","SIDESWIPE SAME DIRECTION","NOT DIVIDED",,"STRAIGHT AND LEVEL","DRY","UNKNOWN","NOT ON SCENE (DESK REPORT)","NO INJURY / DRIVE AWAY",,,,"$501 - $1,500","2024-05-06T17:00:00.000","DRIVING SKILLS/KNOWLEDGE/EXPERIENCE","NOT APPLICABLE","702","E","60TH ST","233",,,,,,,"2","NO INDICATION OF INJURY","0","0","0","0","0","2","0","16","2","5","41.785943065","-87.608340602","POINT (-87.608340602016 41.785943064759)"
"e4b3bf6fb3832826329b95fad3e6138b22c9b49480554e7f5454a8b0e5cc5b84803795b9e709c553dbb902484ff0200e64a3c65e2d3f576b90088b30ad765d89",,"2024-05-06T16:45:00.000","30","UNKNOWN","UNKNOWN","UNKNOWN","UNKNOWN","PEDESTRIAN","NOT DIVIDED",,"STRAIGHT AND LEVEL","UNKNOWN","UNKNOWN","NOT ON SCENE (DESK REPORT)","INJURY AND / OR TOW DUE TO CRASH",,,"Y","$500 OR LESS","2024-05-08T14:00:00.000","UNABLE TO DETERMINE","UNABLE TO DETERMINE","150","W","NORTH AVE","1814",,,,,,,"2","NONINCAPACITATING INJURY","1","0","0","1","0","1","0","16","2","5","41.911271761","-87.633667729","POINT (-87.633667728817 41.911271761156)"
"94cf318b4ca2b35f7c80c42210252a2f1e504b2e1061463ca13214659494d1f097a4b60e827922b2007662223aacc1c8a0af95d95ca86f696ad9d893bde74275",,"2024-05-06T16:40:00.000","20","NO CONTROLS","NO CONTROLS","CLEAR","DAYLIGHT","TURNING","NOT DIVIDED",,"STRAIGHT AND LEVEL","DRY","NO DEFECTS","NOT ON SCENE (DESK REPORT)","NO INJURY / DRIVE AWAY",,"N",,"OVER $1,500","2024-05-06T16:50:00.000","FAILING TO YIELD RIGHT-OF-WAY","UNABLE TO DETERMINE","4920","N","PULASKI RD","1712",,,,,,,"2","NO INDICATION OF INJURY","0","0","0","0","0","3","0","16","2","5","41.970717206","-87.728246394","POINT (-87.72824639432 41.970717205759)"
"aa5d493ec274ab687e973c47e0b923228f1c0e095851035ed46f30569eccaad1ef47ff6b4b4382feb24515c56c2b5107ba49a903c094814de1bb2903d05ae74f",,"2024-05-06T16:40:00.000","30","NO CONTROLS","NO CONTROLS","CLEAR","DAYLIGHT","SIDESWIPE SAME DIRECTION","DIVIDED - W/MEDIAN (NOT RAISED)",,"STRAIGHT AND LEVEL","DRY","NO DEFECTS","NOT ON SCENE (DESK REPORT)","NO INJURY / DRIVE AWAY",,,,"$500 OR LESS","2024-05-06T18:10:00.000","IMPROPER OVERTAKING/PASSING","NOT APPLICABLE","10","S","STATE ST","112",,,,,,,"2","NO INDICATION OF INJURY","0","0","0","0","0","2","0","16","2","5","41.881781864","-87.627910328","POINT (-87.627910328004 41.881781863623)"
"888c59ae554ed235c3b454f33a4c674c71246fcf216a28b4685c968b1293fc64a7ae9332fa7f812c0c9c1439d04c3d172e2b2cca06a9e8ee9e0a3a4519ef64d7",,"2024-05-06T16:35:00.000","30","TRAFFIC SIGNAL","FUNCTIONING PROPERLY","CLEAR","DAWN","REAR END","NOT DIVIDED",,"STRAIGHT AND LEVEL","DRY","NO DEFECTS","ON SCENE","NO INJURY / DRIVE AWAY","Y",,,"$501 - $1,500","2024-05-06T16:40:00.000","UNABLE TO DETERMINE","NOT APPLICABLE","3500","S","ASHLAND AVE","912",,,,,,,"2","NO INDICATION OF INJURY","0","0","0","0","0","2","0","16","2","5","41.830408133","-87.665712758","POINT (-87.66571275812 41.830408132944)"
"f7b630e62c36b365ec51c65c6319631de9694d902842f68cbd61897e68574d37af09568506fdcf5092302289d1c5d5fea4d1321ef64b52c4824402bb8ffc4b4f",,"2024-05-06T16:33:00.000","35","UNKNOWN","UNKNOWN","CLEAR","DAYLIGHT","SIDESWIPE SAME DIRECTION","NOT DIVIDED",,"STRAIGHT AND LEVEL","DRY","NO DEFECTS","ON SCENE","NO INJURY / DRIVE AWAY",,,,"OVER $1,500","2024-05-06T16:52:00.000","UNABLE TO DETERMINE","UNABLE TO DETERMINE","1199","S","CENTRAL AVE","1522",,,,,,,"2","NO INDICATION OF INJURY","0","0","0","0","0","2","0","16","2","5","41.865639054","-87.764164581","POINT (-87.764164581141 41.865639054076)"
"6727be1cfee51ea8a62e0ff5148940812da76b979a1fb87d607e7fbc092c4fcf143103fea143e8c72249490d12456f28dd4d5a93516dd89c3e82ee40b39b28f3",,"2024-05-06T16:25:00.000","30","TRAFFIC SIGNAL","UNKNOWN","UNKNOWN","DAYLIGHT","REAR END","NOT DIVIDED",,"STRAIGHT AND LEVEL","UNKNOWN","UNKNOWN","NOT ON SCENE (DESK REPORT)","NO INJURY / DRIVE AWAY",,,"Y","OVER $1,500","2024-05-06T20:13:00.000","UNABLE TO DETERMINE","NOT APPLICABLE","2841","W","HOWARD ST","2411",,,,,,,"2","NO INDICATION OF INJURY","0","0","0","0","0","5","0","16","2","5","42.019181973","-87.701164442","POINT (-87.701164441877 42.01918197303)"
"922336ca452f3cc27c52a50a13e4bbafcc4b8ccb29861f677b92bf8d149b683e8956938ec8de4b4680007b1562e9506f7b25ac9d9f59c71cc17f65779667741f",,"2024-05-06T16:25:00.000","30","NO CONTROLS","NO CONTROLS","CLEAR","DAYLIGHT","TURNING","T-INTERSECTION",,"STRAIGHT AND LEVEL","DRY","NO DEFECTS","ON SCENE","NO INJURY / DRIVE AWAY","Y",,,"OVER $1,500","2024-05-06T16:29:00.000","IMPROPER LANE USAGE","UNABLE TO DETERMINE","3800","W","ADAMS ST","1122",,,,,,,"2","NO INDICATION OF INJURY","0","0","0","0","0","2","0","16","2","5","41.878150635","-87.72077554","POINT (-87.720775540116 41.878150634653)"
"9d1c2c04e747cc7b6c2e3f0298eb9297e7a5dd14d2f1e6f63253001cc64c0228b04009d9efe566cf33b738b476b07c31d3daf64790b5328cc3d2f0401d06b8d4",,"2024-05-06T16:20:00.000","40","NO CONTROLS","NO CONTROLS","UNKNOWN","UNKNOWN","SIDESWIPE SAME DIRECTION","DIVIDED - W/MEDIAN BARRIER",,"STRAIGHT AND LEVEL","UNKNOWN","UNKNOWN","NOT ON SCENE (DESK REPORT)","NO INJURY / DRIVE AWAY",,,,"OVER $1,500","2024-05-07T09:00:00.000","UNABLE TO DETERMINE","NOT APPLICABLE","1801","S","LAKE SHORE DR NB","132",,,,,,,"2","NO INDICATION OF INJURY","0","0","0","0","0","2","0","16","2","5","41.857986351","-87.61631898","POINT (-87.616318980105 41.857986350987)"
"fd30672c7b8253f8e453bac7da5cbbccafdc8e8e57634bd6115fc8987dada73da2c2bedabfe069897c11098e28a847ab3beece534e040c160632cd0c6d700d5f",,"2024-05-06T16:20:00.000","30","TRAFFIC SIGNAL","FUNCTIONING PROPERLY","CLEAR","DAYLIGHT","REAR END","NOT DIVIDED",,"STRAIGHT AND LEVEL","DRY","NO DEFECTS","ON SCENE","INJURY AND / OR TOW DUE TO CRASH",,,"Y","OVER $1,500","2024-05-06T16:48:00.000","FAILING TO REDUCE SPEED TO AVOID CRASH","UNABLE TO DETERMINE","824","N","PULASKI RD","1111",,,,,,,"3","NO INDICATION OF INJURY","0","0","0","0","0","3","0","16","2","5","41.896139676","-87.726250756","POINT (-87.726250755828 41.896139675972)"
"36c1f6dad51128e66c867d842e9b27d316a0b704f81fe76af4c5a2a7c5ca9b4fe37eb41c003171bc0d64a35963ebe9135c4756824c532a62dea00391fdc82c56",,"2024-05-06T16:18:00.000","30","TRAFFIC SIGNAL","FUNCTIONING PROPERLY","CLEAR","DAYLIGHT","ANGLE","FOUR WAY",,"STRAIGHT AND LEVEL","DRY","NO DEFECTS",,"INJURY AND / OR TOW DUE TO CRASH","Y",,,"OVER $1,500","2024-05-06T16:18:00.000","DISREGARDING TRAFFIC SIGNALS","FAILING TO REDUCE SPEED TO AVOID CRASH","100","E","51ST ST","224","Y","Y",,,,,"3","REPORTED, NOT EVIDENT","5","0","0","0","5","2","0","16","2","5","41.802111715","-87.622570837","POINT (-87.622570836888 41.802111715045)"
"bf110e511bd4b0324fef307e6313e6717d5dbaead8b5a4d004a87e590b96b3dae1f2f36ab7c0d2b1b44ffc9b19aee63bae75f8b9256c1bc6682f63a8f74c33db",,"2024-05-06T16:17:00.000","30","TRAFFIC SIGNAL","FUNCTIONING PROPERLY","CLEAR","DAYLIGHT","TURNING","FOUR WAY",,"STRAIGHT AND LEVEL","DRY","NO DEFECTS","ON SCENE","INJURY AND / OR TOW DUE TO CRASH","Y",,,"OVER $1,500","2024-05-06T16:17:00.000","FAILING TO YIELD RIGHT-OF-WAY","NOT APPLICABLE","2199","S","STATE ST","131",,,,,,,"2","NO INDICATION OF INJURY","0","0","0","0","0","3","0","16","2","5","41.852940393","-87.626942734","POINT (-87.626942734485 41.852940393303)"
"2020829a8491bb30cf8605334424291b2171e9a9edc0be84bb51a74b0d0b1d47c27cc7b39a494984ec255480b558c68797fbad13284baf06bbf4c3aa55d62ce0",,"2024-05-06T16:15:00.000","30","STOP SIGN/FLASHER","FUNCTIONING PROPERLY","CLEAR","DAYLIGHT","ANGLE","FOUR WAY",,"STRAIGHT AND LEVEL","DRY","UNKNOWN","ON SCENE","INJURY AND / OR TOW DUE TO CRASH","Y",,,"OVER $1,500","2024-05-06T16:21:00.000","FAILING TO YIELD RIGHT-OF-WAY","DRIVING SKILLS/KNOWLEDGE/EXPERIENCE","653","W","35TH ST","915",,,,,,,"2","REPORTED, NOT EVIDENT","2","0","0","0","2","2","0","16","2","5","41.830678567","-87.643354939","POINT (-87.643354938761 41.830678566609)"
"d7a31300204f9c6f5fafc7885ae0783f03707ef72a427683aa14f4dd96efa34c037e2f7af8718bea668db11592673a8846dfc04ce3b45b9aa3514c23890efb3e",,"2024-05-06T16:10:00.000","30","NO CONTROLS","NO CONTROLS","CLEAR","DAYLIGHT","FIXED OBJECT","NOT DIVIDED",,"STRAIGHT AND LEVEL","DRY","NO DEFECTS","ON SCENE","INJURY AND / OR TOW DUE TO CRASH",,,,"OVER $1,500","2024-05-06T16:13:00.000","UNABLE TO DETERMINE","NOT APPLICABLE","4301","S","PRAIRIE AVE","215",,,,,,,"1","NO INDICATION OF INJURY","0","0","0","0","0","2","0","16","2","5","41.816499084","-87.619641765","POINT (-87.619641764854 41.816499084202)"
"e940394aa56c275a2a50c131ad6390828834ed72be3e6aac831bb1149d4b6d197d9e76ecbcc2a8a1e7a077b6f164b23e886ab6376e8003afaa1f9d5d25688105",,"2024-05-06T16:10:00.000","30","UNKNOWN","UNKNOWN","UNKNOWN","UNKNOWN","REAR TO FRONT","UNKNOWN",,"STRAIGHT AND LEVEL","UNKNOWN","UNKNOWN","NOT ON SCENE (DESK REPORT)","NO INJURY / DRIVE AWAY",,,,"OVER $1,500","2024-05-06T16:30:00.000","UNABLE TO DETERMINE","NOT APPLICABLE","5782","N","ELSTON AVE","1622",,,,,,,"2","NO INDICATION OF INJURY","0","0","0","0","0","2","0","16","2","5","41.986473611","-87.771402462","POINT (-87.771402461806 41.986473610977)"
"cfa508def7889e96a6c9bb6db92f85664ad8377a6c30c9da0ca481741c6e754a4999f4abeee33b8344ad0d8ddabf59dd0e810f0f86fba10f088c188813bb9f2e",,"2024-05-06T16:05:00.000","30","TRAFFIC SIGNAL","FUNCTIONING PROPERLY","CLEAR","DAYLIGHT","SIDESWIPE SAME DIRECTION","DIVIDED - W/MEDIAN BARRIER",,"STRAIGHT AND LEVEL","DRY","NO DEFECTS","NOT ON SCENE (DESK REPORT)","NO INJURY / DRIVE AWAY",,,,"$501 - $1,500","2024-05-06T17:00:00.000","FOLLOWING TOO CLOSELY","IMPROPER OVERTAKING/PASSING","601","S","MICHIGAN AVE","114",,,,,,,"2","NO INDICATION OF INJURY","0","0","0","0","0","4","0","16","2","5","41.874376938","-87.624085883","POINT (-87.624085883427 41.874376937955)"
"49ee35f30e26faf8c6f4a1b28a112ec233beff2b092a99e6b5a2125408ac781627a17693c57fbf8ddd753cdbcf62884e9b617dd64eed578e59792472e89c9cbf",,"2024-05-06T16:00:00.000","35","TRAFFIC SIGNAL","FUNCTIONING PROPERLY","CLEAR","DAYLIGHT","REAR END","NOT DIVIDED",,"STRAIGHT AND LEVEL","DRY","NO DEFECTS","NOT ON SCENE (DESK REPORT)","NO INJURY / DRIVE AWAY",,,,"OVER $1,500","2024-05-06T17:30:00.000","FOLLOWING TOO CLOSELY","NOT APPLICABLE","6650","S","PULASKI RD","833",,,,,,,"2","NO INDICATION OF INJURY","0","0","0","0","0","2","0","16","2","5","41.771650146","-87.722729646","POINT (-87.722729646289 41.77165014592)"
"89cd0c825ab139ae8f234338eec3f5fef78849a17fded78fee1e30bc1f46b4e6b4d08b60cbd551e7f5dd08b0651bab5504d1c0dbe2281bd7ccc6e70ebf02e43b",,"2024-05-06T16:00:00.000","30","NO CONTROLS","NO CONTROLS","CLEAR","DAYLIGHT","PARKED MOTOR VEHICLE","NOT DIVIDED",,"STRAIGHT AND LEVEL","DRY","UNKNOWN","ON SCENE","INJURY AND / OR TOW DUE TO CRASH",,,,"$500 OR LESS","2024-05-06T16:20:00.000","FAILING TO REDUCE SPEED TO AVOID CRASH","NOT APPLICABLE","51","E","26TH ST","133",,,,,,,"2","NO INDICATION OF INJURY","0","0","0","0","0","1","0","16","2","5","41.845510005","-87.624934335","POINT (-87.624934334646 41.84551000516)"
"9be09311b4c5ea78576abb4d3fb4a6d208bacc74b89dac35004ffe519da5395c2b1234c6271e0746a57f3fe35a6e49b0499d79053cb5ed72f8e69ef0a943311d",,"2024-05-06T16:00:00.000","30","NO CONTROLS","NO CONTROLS","CLEAR","DAYLIGHT","SIDESWIPE SAME DIRECTION","DIVIDED - W/MEDIAN (NOT RAISED)",,"STRAIGHT AND LEVEL","DRY","NO DEFECTS","ON SCENE","NO INJURY / DRIVE AWAY",,,"Y","OVER $1,500","2024-05-06T16:04:00.000","IMPROPER LANE USAGE","IMPROPER LANE USAGE","128","N","PULASKI RD","1114",,,,,,,"2","NO INDICATION OF INJURY","0","0","0","0","0","2","0","16","2","5","41.883045679","-87.725882567","POINT (-87.72588256683 41.883045678622)"
"a976f7a67d4d0c007e79c0bd79f9253e36f52bc74371f7f82395c2ec12a35ec7667ae5fd67de10c19b3b68c2b19f5d0194667d33e06da73c340138ccf47020e8",,"2024-05-06T16:00:00.000","25","STOP SIGN/FLASHER","FUNCTIONING PROPERLY","CLEAR","DAYLIGHT","PEDALCYCLIST","NOT DIVIDED",,"STRAIGHT AND LEVEL","DRY","NO DEFECTS","ON SCENE","INJURY AND / OR TOW DUE TO CRASH","Y",,,"$500 OR LESS","2024-05-06T16:05:00.000","FAILING TO YIELD RIGHT-OF-WAY","NOT APPLICABLE","2227","W","107TH ST","2212",,,,,,,"2","NONINCAPACITATING INJURY","1","0","0","1","0","1","0","16","2","5","41.69898819","-87.677687127","POINT (-87.677687126838 41.698988190248)"
"ac8f97624cc0c8fb4408956d54c46ef88342ca40c152beade5b7aff0ed606e73829a44339005f6946e6df988f26a7c443ecefe10848b8617c645a000632cfd76",,"2024-05-06T16:00:00.000","30","TRAFFIC SIGNAL","FUNCTIONING PROPERLY","CLEAR","DAYLIGHT","ANGLE","NOT DIVIDED",,"STRAIGHT AND LEVEL","DRY","NO DEFECTS","NOT ON SCENE (DESK REPORT)","NO INJURY / DRIVE AWAY",,,,"OVER $1,500","2024-05-06T17:03:00.000","NOT APPLICABLE","NOT APPLICABLE","7100","S","RACINE AVE","734",,,,,,,"2","NO INDICATION OF INJURY","0","0","0","0","0","5","0","16","2","5","41.76500934","-87.65426109","POINT (-87.65426109003 41.765009339506)"
"d4e932accbf3e8dd5cf230535100b106f1db7429f796a91c45dc83c8fa55f2f453d8181a9267b18949a88aeac823ec2fc8ecd7ef1afd10e391f8c951e4ec3b73",,"2024-05-06T15:57:00.000","25","STOP SIGN/FLASHER","FUNCTIONING PROPERLY","CLEAR","DAYLIGHT","ANGLE","NOT DIVIDED",,"STRAIGHT AND LEVEL","DRY","NO DEFECTS","ON SCENE","INJURY AND / OR TOW DUE TO CRASH","Y",,,"$501 - $1,500","2024-05-06T15:58:00.000","FAILING TO YIELD RIGHT-OF-WAY","UNABLE TO DETERMINE","1000","N","LARRABEE ST","1822",,,,,,,"2","NO INDICATION OF INJURY","0","0","0","0","0","2","0","15","2","5","41.900462748","-87.643241169","POINT (-87.643241168536 41.900462747857)"
"dfd597cc0b15b8344cb324110c962188f75514b7f6c5ddc837ac1e4e5a6b13c160835a92daccde803c7f25add9b9771630e091fe4a88485faf08b49680d72025",,"2024-05-06T15:57:00.000","30","NO CONTROLS","NO CONTROLS","CLEAR","DAYLIGHT","PARKED MOTOR VEHICLE","NOT DIVIDED",,"STRAIGHT AND LEVEL","DRY","NO DEFECTS","ON SCENE","NO INJURY / DRIVE AWAY",,,,"OVER $1,500","2024-05-06T15:59:00.000","UNABLE TO DETERMINE","UNABLE TO DETERMINE","409","W","80TH ST","621",,,,,,,"2","NO INDICATION OF INJURY","0","0","0","0","0","2","0","15","2","5","41.748840179","-87.634789486","POINT (-87.634789485765 41.748840179173)"
"0920e179608896ffe09b7f0701a40f040af32230fd450022eb60813c7dd2708fe7310616306d5bf5706537a705667bdba798815658dc8bf620d5cc8f0a9fb267",,"2024-05-06T15:55:00.000","40","NO CONTROLS","NO CONTROLS","CLEAR","DAYLIGHT","REAR END","DIVIDED - W/MEDIAN BARRIER",,"STRAIGHT AND LEVEL","DRY","NO DEFECTS","ON SCENE","INJURY AND / OR TOW DUE TO CRASH",,,,"OVER $1,500","2024-05-06T15:55:00.000","OPERATING VEHICLE IN ERRATIC, RECKLESS, CARELESS, NEGLIGENT OR AGGRESSIVE MANNER","FAILING TO REDUCE SPEED TO AVOID CRASH","5601","N","LAKE SHORE DR NB","2022",,,,,,,"3","REPORTED, NOT EVIDENT","1","0","0","0","1","2","0","15","2","5","41.983969525","-87.652542096","POINT (-87.65254209563 41.983969525337)"