"crash_record_id","crash_date_est_i","crash_date","posted_speed_limit","traffic_control_device","device_condition","weather_condition","lighting_condition","first_crash_type","trafficway_type","lane_cnt","alignment","roadway_surface_cond","road_defect","report_type","crash_type","intersection_related_i","private_property_i","hit_and_run_i","damage","date_police_notified","prim_contributory_cause","sec_contributory_cause","street_no","street_direction","street_name","beat_of_occurrence","photos_taken_i","statements_taken_i","dooring_i","work_zone_i","work_zone_type","workers_present_i","num_units","most_severe_injury","injuries_total","injuries_fatal","injuries_incapacitating","injuries_non_incapacitating","injuries_reported_not_evident","injuries_no_indication","injuries_unknown","crash_hour","crash_day_of_week","crash_month","latitude","longitude","location"
"56f5742f88063a2436a58eee2884f70463f2913b67c3e062b31bda9dac3d2aa378002b1d703bb658abd974edc71a1bc28f3861e8218dde327319fa96208ba512",,"2024-05-06T15:55:00.000","30","NO CONTROLS","NO CONTROLS","CLEAR","DAYLIGHT","REAR END","NOT DIVIDED",,"STRAIGHT AND LEVEL","DRY","NO DEFECTS","NOT ON SCENE (DESK REPORT)","NO INJURY / DRIVE AWAY",,,,"OVER $1,500","2024-05-06T18:05:00.000","FOLLOWING TOO CLOSELY","FOLLOWING TOO CLOSELY","10801","S","PULASKI RD","2211",,,,,,,"2","NO INDICATION OF INJURY","0","0","0","0","0","2","0","15","2","5","41.696510152","-87.72039119","POINT (-87.720391189655 41.696510152446)"
"d8cfe7da8ff11544a444be6561ae5fdeb2a9bff9c63120187b1f1928af1336f17fbc38d86755014b28e127704e271bcc43b2c689e34ec4685187dd1e6d2bc79f",,"2024-05-06T15:54:00.000","30","STOP SIGN/FLASHER","FUNCTIONING PROPERLY","CLEAR","DAYLIGHT","ANGLE","FOUR WAY",,"STRAIGHT AND LEVEL","DRY","NO DEFECTS","ON SCENE","NO INJURY / DRIVE AWAY",,,,"OVER $1,500","2024-05-06T16:29:00.000","FAILING TO YIELD RIGHT-OF-WAY","UNABLE TO DETERMINE","8199","S","JEFFERY BLVD","414",,,,,,,"2","NO INDICATION OF INJURY","0","0","0","0","0","2","0","15","2","5","41.746243977","-87.575743011","POINT (-87.575743010806 41.746243977388)"
"9551553fef1636391e6442417da67e4704b8ec9fa4db2a8ccc1d77446f01d1fd4f648c393712eae77eca36ebfb24f5da3e705acdb441cb099daf6fa71da77bd8",,"2024-05-06T15:50:00.000","30","NO CONTROLS","NO CONTROLS","CLEAR","DAYLIGHT","SIDESWIPE OPPOSITE DIRECTION","UNKNOWN",,"STRAIGHT AND LEVEL","DRY","NO DEFECTS","NOT ON SCENE (DESK REPORT)","NO INJURY / DRIVE AWAY",,,"Y","OVER $1,500","2024-05-06T22:22:00.000","UNABLE TO DETERMINE","UNABLE TO DETERMINE","5400","N","SHERIDAN RD","2023",,,,,,,"2","NO INDICATION OF INJURY","0","0","0","0","0","3","0","15","2","5","41.980115629","-87.655237347","POINT (-87.655237347056 41.980115629221)"
"f058c0cbdfd4a5a0fd39e0ab5c60b0504aca7e63f5635ce799b3e67d7161f93a331ea2143a17e0db0344866a570e3439b856b9bc549cbb6b4041d40a997441ad",,"2024-05-06T15:48:00.000","30","TRAFFIC SIGNAL","FUNCTIONING PROPERLY","CLEAR","DAYLIGHT","TURNING","DIVIDED - W/MEDIAN (NOT RAISED)",,"STRAIGHT AND LEVEL","DRY","NO DEFECTS","ON SCENE","INJURY AND / OR TOW DUE TO CRASH","Y",,,"OVER $1,500","2024-05-06T15:50:00.000","IMPROPER LANE USAGE","NOT APPLICABLE","100","W","LA SALLE DR","1814",,,,,,,"2","NO INDICATION OF INJURY","0","0","0","0","0","2","0","15","2","5","41.913483316","-87.631808682","POINT (-87.631808681867 41.913483315672)"
"2be15cce8f255ac9f5914d0bb6ee1526e45128b8bcdd97f183502ce718688fe37077063dc20057c567e19072e3d7e691da470e4156203cb07410796b87619f6c",,"2024-05-06T15:47:00.000","30","STOP SIGN/FLASHER","FUNCTIONING PROPERLY","CLEAR","DAYLIGHT","ANGLE","NOT DIVIDED",,"STRAIGHT AND LEVEL","DRY","NO DEFECTS","NOT ON SCENE (DESK REPORT)","NO INJURY / DRIVE AWAY","Y",,,"OVER $1,500","2024-05-06T16:16:00.000","CELL PHONE USE OTHER THAN TEXTING","DISREGARDING STOP SIGN","1400","W","FULTON ST","1215",,,,,,,"2","NO INDICATION OF INJURY","0","0","0","0","0","3","0","15","2","5","41.886693798","-87.66257926","POINT (-87.662579259928 41.8866937982)"
"822cabf77510b8cf129ead8beb96c9a9a4de3265e54fddc31c3808dcb98768af8a20c164395609b56b152084a396069557ea68969dfe97121092a762c11ef13e",,"2024-05-06T15:45:00.000","30","TRAFFIC SIGNAL","FUNCTIONING PROPERLY","CLEAR","DAYLIGHT","REAR END","FIVE POINT, OR MORE",,"STRAIGHT AND LEVEL","DRY","NO DEFECTS","ON SCENE","NO INJURY / DRIVE AWAY",,,,"$501 - $1,500","2024-05-06T16:30:00.000","FOLLOWING TOO CLOSELY","UNABLE TO DETERMINE","4343","W","NORTH AVE","2534",,,,,,,"2","NO INDICATION OF INJURY","0","0","0","0","0","3","0","15","2","5","41.909654487","-87.735688559","POINT (-87.735688558808 41.909654486671)"
"e2c05182b57900fea4da7ea960b68d3769fa9f3acef72991ebed0649267ad5aa085fe968422947b9e6bd3e6dd346274346fc8bf083c2f9a88eb83ff36331d5fa",,"2024-05-06T15:45:00.000","30","NO CONTROLS","NO CONTROLS","CLEAR","DAYLIGHT","SIDESWIPE SAME DIRECTION","ONE-WAY",,"STRAIGHT AND LEVEL","DRY","NO DEFECTS","NOT ON SCENE (DESK REPORT)","NO INJURY / DRIVE AWAY",,,,"$501 - $1,500","2024-05-06T17:30:00.000","FAILING TO YIELD RIGHT-OF-WAY","UNABLE TO DETERMINE","2610","S","KOMENSKY AVE","1031",,,,,,,"2","NO INDICATION OF INJURY","0","0","0","0","0","3","0","15","2","5","41.843855768","-87.725900042","POINT (-87.725900041568 41.843855768474)"
"90d3f549459fab4a4cde45518475a91c2d437433840b1281ef6a4c4e59017694d10dd205268498b1b2565f79a9bc0001b4d9cd51fb5560cdaaa2fbac0bd3ad30",,"2024-05-06T15:40:00.000","30","NO CONTROLS","NO CONTROLS","CLEAR","DAYLIGHT","REAR END","NOT DIVIDED",,"STRAIGHT AND LEVEL","DRY","NO DEFECTS","NOT ON SCENE (DESK REPORT)","NO INJURY / DRIVE AWAY",,,,"OVER $1,500","2024-05-06T15:50:00.000","UNABLE TO DETERMINE","NOT APPLICABLE","415","S","HALSTED ST","1232",,,,,,,"2","NO INDICATION OF INJURY","0","0","0","0","0","2","0","15","2","5","41.876255062","-87.647042881","POINT (-87.647042881247 41.876255062229)"
"d53482c664942245296b494fb3b31af7352fbc32c1c4eb10d0a135a7a683a41cb76311ced1860c507cb3d6cb4b5e18576eae8ab9e03d41b5a51ba30d9e5978e0",,"2024-05-06T15:39:00.000","25","TRAFFIC SIGNAL","FUNCTIONING PROPERLY","CLEAR","DAYLIGHT","REAR END","NOT DIVIDED",,"STRAIGHT AND LEVEL","DRY","UNKNOWN","NOT ON SCENE (DESK REPORT)","NO INJURY / DRIVE AWAY",,,,"OVER $1,500","2024-05-06T17:02:00.000","UNABLE TO DETERMINE","NOT APPLICABLE","2191","S","KOSTNER AVE","1012",,,,,,,"2","NO INDICATION OF INJURY","0","0","0","0","0","2","0","15","2","5","41.85145511","-87.734356137","POINT (-87.734356136894 41.851455110411)"
"d93c7c77d2bd08208cde328d338ab965acd1770951771760ef7a88a51a3e19adca2f8b816174eda456765c9f101db88557a7e6f7c012441d5c21fb99b943861c",,"2024-05-06T15:39:00.000","0","NO CONTROLS","NO CONTROLS","CLEAR","DAYLIGHT","REAR END","OTHER",,"STRAIGHT AND LEVEL","WET","NO DEFECTS","NOT ON SCENE (DESK REPORT)","NO INJURY / DRIVE AWAY",,"Y",,"OVER $1,500","2024-05-06T16:15:00.000","UNABLE TO DETERMINE","NOT APPLICABLE","1045","W","95TH ST","2223",,,,,,,"2","NO INDICATION OF INJURY","0","0","0","0","0","2","0","15","2","5","41.721268466","-87.6498212","POINT (-87.649821199502 41.721268465879)"
"d961366bd71af9a44740b9efba5908551760992ede403159afeb8b3db29755dd92234dc6b791ff792b374ee3bd5e3640fbcc9ff3950e56e6dcd9185d40419dfb","Y","2024-05-06T15:39:00.000","30","NO CONTROLS","NO CONTROLS","CLEAR","DAYLIGHT","REAR END","DIVIDED - W/MEDIAN (NOT RAISED)",,"STRAIGHT AND LEVEL","DRY","UNKNOWN","ON SCENE","INJURY AND / OR TOW DUE TO CRASH",,,,"OVER $1,500","2024-05-06T15:39:00.000","FOLLOWING TOO CLOSELY","DRIVING SKILLS/KNOWLEDGE/EXPERIENCE","1901","N","CICERO AVE","2533",,,,,,,"2","NO INDICATION OF INJURY","0","0","0","0","0","2","0","15","2","5","41.915199607","-87.745888821","POINT (-87.745888821358 41.915199607176)"
"c1dfa9883fb98dd2333d43afe7afb26e42c3c8fdc6d4a221d1d86b5ec013a3c1d173ac722a99ff28b1d30ac1c180a96f95100927f9a9d846bb32e1979feb68c3",,"2024-05-06T15:38:00.000","30","TRAFFIC SIGNAL","FUNCTIONING PROPERLY","CLEAR","DAYLIGHT","REAR END","FOUR WAY",,"STRAIGHT AND LEVEL","DRY","NO DEFECTS","NOT ON SCENE (DESK REPORT)","INJURY AND / OR TOW DUE TO CRASH","Y",,"Y","$501 - $1,500","2024-05-07T21:28:00.000","FOLLOWING TOO CLOSELY","FOLLOWING TOO CLOSELY","6800","S","WENTWORTH AVE","722",,,,,,,"2","NONINCAPACITATING INJURY","1","0","0","1","0","1","0","15","2","5","41.77078915","-87.6300513","POINT (-87.630051299608 41.770789149623)"
"29b19c8953cf0a8a2f2acd113e2d60bb7b02b0b5674ab81b948762e20da127838d688a81788182b5fd191b62b4d73c4629846f3430a86c93eda5e894a9001ea2",,"2024-05-06T15:35:00.000","30","NO CONTROLS","NO CONTROLS","CLEAR","DAYLIGHT","SIDESWIPE SAME DIRECTION","NOT DIVIDED",,"STRAIGHT AND LEVEL","DRY","NO DEFECTS","NOT ON SCENE (DESK REPORT)","NO INJURY / DRIVE AWAY",,,"Y","$501 - $1,500","2024-05-06T19:00:00.000","FAILING TO YIELD RIGHT-OF-WAY","UNABLE TO DETERMINE","730","S","CLARK ST","123",,,,,,,"2","NO INDICATION OF INJURY","0","0","0","0","0","2","0","15","2","5","41.872780614","-87.630771512","POINT (-87.63077151243 41.872780614066)"
"4139cb5f57a29ea0831c7424e288eba3008546c1d683f501869321465a30d4789088bc56b1b7af22f5dea0b7850a665ea2fc68a120e067a9986fca8a577fe0e0",,"2024-05-06T15:30:00.000","30","NO CONTROLS","NO CONTROLS","CLEAR","DAYLIGHT","SIDESWIPE SAME DIRECTION","NOT DIVIDED",,"STRAIGHT AND LEVEL","DRY","NO DEFECTS","NOT ON SCENE (DESK REPORT)","NO INJURY / DRIVE AWAY",,,"Y","OVER $1,500","2024-05-06T18:15:00.000","IMPROPER LANE USAGE","NOT APPLICABLE","150","W","127TH ST","523",,,,,,,"2","NO INDICATION OF INJURY","0","0","0","0","0","2","0","15","2","5","41.66350259","-87.626506112","POINT (-87.62650611189 41.663502590014)"
"6124548d9ba334c2e52cadae3bb2013c201e2a24e12c67fcc99c066a4a34fc53c75eb519d53478e34604bd0359540b98fde48464f211eeed46155b6d0fbc6087",,"2024-05-06T15:30:00.000","35","NO CONTROLS","NO CONTROLS","CLEAR","DAYLIGHT","SIDESWIPE SAME DIRECTION","NOT DIVIDED",,"STRAIGHT AND LEVEL","DRY","NO DEFECTS","ON SCENE","NO INJURY / DRIVE AWAY",,,"Y","OVER $1,500","2024-05-06T15:35:00.000","IMPROPER LANE USAGE","IMPROPER LANE USAGE","1","E","127TH ST","532",,,,,,,"2","NO INDICATION OF INJURY","0","0","0","0","0","3","0","15","2","5","41.663344314","-87.621978551","POINT (-87.621978550541 41.663344313665)"
"a69de16b00e8322e4ea53f517197d6149829bed055f88e7859025fd1034a6ec55e3427dd801169701c43556f7aa0411e8bad5c284d0c6b5b9fcee13632d41376",,"2024-05-06T15:30:00.000","30","NO CONTROLS","NO CONTROLS","CLEAR","DAYLIGHT","PARKED MOTOR VEHICLE","NOT DIVIDED",,"STRAIGHT AND LEVEL","DRY","NO DEFECTS","NOT ON SCENE (DESK REPORT)","NO INJURY / DRIVE AWAY",,,,"$501 - $1,500","2024-05-06T16:20:00.000","UNABLE TO DETERMINE","NOT APPLICABLE","2019","W","LAWRENCE AVE","1911",,,,,,,"2","NO INDICATION OF INJURY","0","0","0","0","0","2","0","15","2","5","41.968635309","-87.680005668","POINT (-87.680005668354 41.968635309313)"
"c8ad5d87b7e63fdad13d83f42c412b78bd8703386a73bf846c6eb59270b9c3c9804f91d6d3dbd998d5ca1cec4a6444546193860065b59eed2892b7e801c76b69",,"2024-05-06T15:30:00.000","30","NO CONTROLS","NO CONTROLS","CLEAR","DAYLIGHT","SIDESWIPE SAME DIRECTION","DIVIDED - W/MEDIAN (NOT RAISED)",,"STRAIGHT AND LEVEL","DRY","NO DEFECTS","NOT ON SCENE (DESK REPORT)","NO INJURY / DRIVE AWAY","Y",,,"$501 - $1,500","2024-05-06T19:25:00.000","FAILING TO YIELD RIGHT-OF-WAY","DRIVING SKILLS/KNOWLEDGE/EXPERIENCE","640","W","IRVING PARK RD","1915",,,,,,,"2","NO INDICATION OF INJURY","0","0","0","0","0","2","0","15","2","5","41.954724852","-87.646582305","POINT (-87.646582305327 41.954724852192)"
"b3db1bce85308e3a853bd4cebc14c464d362c08d53b010fc7327cd12094ef1fba41e1ecc8184294d7b864a9bf4586607ce66df967ed5cfede19e924d8ff1ff6e",,"2024-05-06T15:25:00.000","20","NO CONTROLS","NO CONTROLS","CLEAR","DAYLIGHT","PARKED MOTOR VEHICLE","ONE-WAY",,"STRAIGHT AND LEVEL","DRY","NO DEFECTS","ON SCENE","NO INJURY / DRIVE AWAY",,,,"OVER $1,500","2024-05-06T16:12:00.000","UNABLE TO DETERMINE","UNABLE TO DETERMINE","5333","W","WARWICK AVE","1634",,,,,,,"3","NO INDICATION OF INJURY","0","0","0","0","0","4","0","15","2","5","41.948584005","-87.760809266","POINT (-87.760809265856 41.948584005254)"
"92a4b79528747b161cfaf18d3814d7a15cbb470e4f7596f66b682b58c76a8f680a2cd81785f996fa59eaf2c361f429d55efc4c9306dd87fcbc3cdb8133fec14c",,"2024-05-06T15:22:00.000","30","STOP SIGN/FLASHER","FUNCTIONING PROPERLY","CLEAR","DAYLIGHT","SIDESWIPE SAME DIRECTION","DIVIDED - W/MEDIAN (NOT RAISED)",,"STRAIGHT AND LEVEL","DRY","NO DEFECTS","NOT ON SCENE (DESK REPORT)","NO INJURY / DRIVE AWAY",,,,"OVER $1,500","2024-05-06T15:35:00.000","IMPROPER OVERTAKING/PASSING","NOT APPLICABLE","2298","W","OGDEN AVE","1225",,,,,,,"2","NO INDICATION OF INJURY","0","0","0","0","0","2","0","15","2","5","41.866822622","-87.683627465","POINT (-87.683627464767 41.866822621884)"
"154d8e4a397943735213245f8eddcf992753c11f894f5aa4f4c59e57f1850ae7ca1c887ee9027e337e54a5dadc925f0d94cd410d785729ba4ab0ece91dc967f7",,"2024-05-06T15:20:00.000","15","NO CONTROLS","NO CONTROLS","CLEAR","DAYLIGHT","FIXED OBJECT","PARKING LOT",,"STRAIGHT AND LEVEL","DRY","NO DEFECTS","ON SCENE","NO INJURY / DRIVE AWAY",,"Y",,"OVER $1,500","2024-05-06T15:33:00.000","DRIVING SKILLS/KNOWLEDGE/EXPERIENCE","NOT APPLICABLE","11043","S","RIDGEWAY AVE","2211",,,,,,,"1","NO INDICATION OF INJURY","0","0","0","0","0","1","0","15","2","5","41.691961114","-87.714136005","POINT (-87.714136004614 41.691961114179)"
"2d06cf1fbc8758de78fada45ae23641c94643f138969ab36c2dcbd9a84321ab26428f3ee03bfe43323a0f00a57c6b8eae4bfcc8061d28ab0035e3082c21c6350",,"2024-05-06T15:19:00.000","30","TRAFFIC SIGNAL","FUNCTIONING PROPERLY","CLEAR","DAYLIGHT","REAR END","FOUR WAY",,"STRAIGHT AND LEVEL","DRY","NO DEFECTS","ON SCENE","NO INJURY / DRIVE AWAY","Y",,,"OVER $1,500","2024-05-06T15:19:00.000","FOLLOWING TOO CLOSELY","NOT APPLICABLE","6800","W","DIVERSEY AVE","2511",,,,,,,"4","NO INDICATION OF INJURY","0","0","0","0","0","4","0","15","2","5","41.930992558","-87.795528857","POINT (-87.795528856684 41.930992557711)"
"c4b404edf60aee6edccf8d50cd9250ee67b91e99c2da169014c8274483bb8dccceb293db40e7d3be3d884110b3d5003d7fe888473f4ec47a76e37903587e083f","Y","2024-05-06T15:15:00.000","30","NO CONTROLS","NO CONTROLS","UNKNOWN","UNKNOWN","PARKED MOTOR VEHICLE","CENTER TURN LANE",,"STRAIGHT AND LEVEL","UNKNOWN","UNKNOWN","NOT ON SCENE (DESK REPORT)","NO INJURY / DRIVE AWAY",,,"Y","OVER $1,500","2024-05-07T18:02:00.000","UNABLE TO DETERMINE","NOT APPLICABLE","1700","N","WESTERN AVE","1434",,,,,,,"2","NO INDICATION OF INJURY","0","0","0","0","0","1","0","15","2","5","41.912152106","-87.687415817","POINT (-87.687415816868 41.912152105537)"
"4bbbe7b9dbfd4f79a343d96a2c2dc273e683f2a86acb3fce6ed9b78ad83143e7ee4c6770894fadceb001e41656bf7219749f91eb315380537ac6757f4fc4378c",,"2024-05-06T15:13:00.000","30","UNKNOWN","UNKNOWN","CLEAR","DAYLIGHT","PARKED MOTOR VEHICLE","NOT DIVIDED",,"STRAIGHT AND LEVEL","DRY","NO DEFECTS","ON SCENE","NO INJURY / DRIVE AWAY",,,,"OVER $1,500","2024-05-06T15:16:00.000","NOT APPLICABLE","NOT APPLICABLE","838","W","MARQUETTE RD","723",,,,,,,"2","NO INDICATION OF INJURY","0","0","0","0","0","6","0","15","2","5","41.772560807","-87.646127365","POINT (-87.646127365403 41.772560806756)"
"b24ab91fa0250f9b0f76a08a538c5834e97720522e8d8f702c0a233201db9e09ac224f709519160c084e4a8cc8cc5f43d79e1d70e4d7204aba22c4e0f5c880c2",,"2024-05-06T15:06:00.000","25","NO CONTROLS","NO CONTROLS","CLEAR","DAYLIGHT","PARKED MOTOR VEHICLE","NOT DIVIDED",,"STRAIGHT AND LEVEL","DRY","NO DEFECTS","NOT ON SCENE (DESK REPORT)","NO INJURY / DRIVE AWAY",,,"Y","OVER $1,500","2024-05-06T18:01:00.000","UNABLE TO DETERMINE","UNABLE TO DETERMINE","3306","W","DOUGLAS BLVD","1021",,,,,,,"2","NO INDICATION OF INJURY","0","0","0","0","0","1","0","15","2","5","41.863039716","-87.708322709","POINT (-87.708322708891 41.863039715584)"
"0d66c8ffded5a2ebdd2650b62cd907a595edcec37f3d194a08d2b04ada0980bd689fcd9f241ed0d2ca0060c9f0fdea05afd46634cf795a1af5dad9e0aef27dcb",,"2024-05-06T15:02:00.000","30","TRAFFIC SIGNAL","NO CONTROLS","CLEAR","DAYLIGHT","REAR END","NOT DIVIDED",,"STRAIGHT AND LEVEL","DRY","NO DEFECTS","NOT ON SCENE (DESK REPORT)","NO INJURY / DRIVE AWAY","Y",,,"OVER $1,500","2024-05-06T15:20:00.000","FOLLOWING TOO CLOSELY","NOT APPLICABLE","1401","W","ADDISON ST","1922",,,,,,,"2","NO INDICATION OF INJURY","0","0","0","0","0","2","0","15","2","5","41.946957157","-87.664072656","POINT (-87.664072656142 41.946957156573)"
"3764c701673092cb3ef0514db35021ca10e36a87d58be97c40c6385981dd177a964721e320960ab2b09bf3ca7f89f1b3831f8a9f0bf63f6f183e0fce3516e713",,"2024-05-06T15:00:00.000","25","TRAFFIC SIGNAL","FUNCTIONING PROPERLY","CLEAR","DAYLIGHT","REAR END","NOT DIVIDED",,"STRAIGHT AND LEVEL","DRY","NO DEFECTS","ON SCENE","NO INJURY / DRIVE AWAY",,,,"$501 - $1,500","2024-05-06T15:01:00.000","FOLLOWING TOO CLOSELY","NOT APPLICABLE","4400","N","MAGNOLIA AVE","1913",,,,,,,"2","NO INDICATION OF INJURY","0","0","0","0","0","3","0","15","2","5","41.961790694","-87.661118497","POINT (-87.661118496579 41.961790694089)"
"3f222fe5cfb088c3bdae22d1cd1c34b938c08feb9bc3b44bbc534650cd2eed3a28837556cd240f435dcb8a0bc676caa1567d10691316d2f65956a99f2d17f35d",,"2024-05-06T15:00:00.000","15","STOP SIGN/FLASHER","FUNCTIONING PROPERLY","CLEAR","DAYLIGHT","SIDESWIPE SAME DIRECTION","NOT DIVIDED",,"STRAIGHT AND LEVEL","DRY","NO DEFECTS","ON SCENE","NO INJURY / DRIVE AWAY",,,,"OVER $1,500","2024-05-06T15:01:00.000","FAILING TO YIELD RIGHT-OF-WAY","FAILING TO YIELD RIGHT-OF-WAY","820","S","CARPENTER ST","1232",,,,,,,"2","NO INDICATION OF INJURY","0","0","0","0","0","3","0","15","2","5","41.871246337","-87.653402047","POINT (-87.653402046863 41.871246337218)"
"801c36250b7d7594a9918c531072a377b2220943e6a14a636f7be6a5253b5330c7d7c784104dfccb1528be8dbe8f0c75a0d801d1437da723c763206c22a55c56",,"2024-05-06T15:00:00.000","30","NO CONTROLS","NO CONTROLS","CLEAR","DAYLIGHT","PARKED MOTOR VEHICLE","NOT DIVIDED",,"STRAIGHT AND LEVEL","UNKNOWN","UNKNOWN","NOT ON SCENE (DESK REPORT)","NO INJURY / DRIVE AWAY",,,,"OVER $1,500","2024-05-06T18:20:00.000","UNABLE TO DETERMINE","NOT APPLICABLE","93","W","PERSHING RD","213",,,,,,,"2","NO INDICATION OF INJURY","0","0","0","0","0","1","0","15","2","5","41.8235757","-87.628565097","POINT (-87.628565097045 41.823575699743)"
"aca0d68162159f85688036ce19b73380fb4e2a9e0436018641cd87537553e2e1866caa4fb8d49fd7006a6f7429b23bec6a3e51b932dbb3012051a8e0d29d8a54",,"2024-05-06T15:00:00.000","30","NO CONTROLS","NO CONTROLS","CLEAR","DAYLIGHT","PARKED MOTOR VEHICLE","ONE-WAY",,"STRAIGHT AND LEVEL","DRY","NO DEFECTS","NOT ON SCENE (DESK REPORT)","NO INJURY / DRIVE AWAY",,,"Y","OVER $1,500","2024-05-06T18:01:00.000","UNABLE TO DETERMINE","UNABLE TO DETERMINE","7455","S","BENNETT AVE","333",,,,,,,"2","NO INDICATION OF INJURY","0","0","0","0","0","1","0","15","2","5","41.759047945","-87.579059835","POINT (-87.579059834717 41.759047945466)"
"518683987b4dbf8ea70562b46d08c91565ee3605ac28a1548eeaccd8e70b50696e8469013d69168c373616a8e0b7181d779f530c6318d4cc2bb17ba01e721d23",,"2024-05-06T14:57:00.000","30","TRAFFIC SIGNAL","FUNCTIONING PROPERLY","CLEAR","DAYLIGHT","TURNING","DIVIDED - W/MEDIAN (NOT RAISED)",,"STRAIGHT AND LEVEL","DRY","NO DEFECTS","ON SCENE","INJURY AND / OR TOW DUE TO CRASH","Y",,,"OVER $1,500","2024-05-06T14:57:00.000","FAILING TO YIELD RIGHT-OF-WAY","NOT APPLICABLE","5200","W","NORTH AVE","2532",,,,,,,"2","NO INDICATION OF INJURY","0","0","0","0","0","2","0","14","2","5","41.909610368","-87.755852279","POINT (-87.755852278737 41.909610367569)"
"281e325000c9ad7eb832503c476d21c59a7194fb7e69287630b9dd66fc83e5c60da6b512fdbecd40e8b1bcce8b2d0d6a289e82b5b9bd957fffa1b5cc93ce7661",,"2024-05-06T14:55:00.000","15","OTHER","NO CONTROLS","CLEAR","DAYLIGHT","FIXED OBJECT","OTHER",,"STRAIGHT AND LEVEL","DRY","NO DEFECTS","ON SCENE","NO INJURY / DRIVE AWAY",,,,"OVER $1,500","2024-05-06T14:55:00.000","UNABLE TO DETERMINE","NOT APPLICABLE","101","E","79TH ST","623",,,,,,,"1","NO INDICATION OF INJURY","0","0","0","0","0","1","0","14","2","5","41.750898639","-87.621302089","POINT (-87.62130208856 41.750898639229)"
"2e937d26534730c9b469f79ad2caff64573961e53375279df47e5e63eb34e4d4169c39a76662daae81224a63c34acee3a9761d3475be8d302bdf4399ba291584",,"2024-05-06T14:50:00.000","30","NO CONTROLS","NO CONTROLS","CLEAR","DAYLIGHT","PARKED MOTOR VEHICLE","NOT DIVIDED",,"STRAIGHT AND LEVEL","DRY","NO DEFECTS","NOT ON SCENE (DESK REPORT)","NO INJURY / DRIVE AWAY",,,,"$501 - $1,500","2024-05-06T18:15:00.000","UNABLE TO DETERMINE","UNABLE TO DETERMINE","3008","S","LAWNDALE AVE","1031",,,,,,,"2","NO INDICATION OF INJURY","0","0","0","0","0","2","0","14","2","5","41.838525208","-87.717220559","POINT (-87.717220558504 41.838525208154)"
"ef563b0f31b3a9f4191f3db97daa1613868b302b7a1849ca32e120c3581e551fc75d34c8eff1c8307bf27af7b73968670a7b38ffaf9e2d07dbf0cb35b4b62d01",,"2024-05-06T14:50:00.000","35","NO CONTROLS","NO CONTROLS","CLEAR","DAYLIGHT","REAR END","NOT DIVIDED",,"STRAIGHT AND LEVEL","DRY","NO DEFECTS","NOT ON SCENE (DESK REPORT)","NO INJURY / DRIVE AWAY",,,"Y","OVER $1,500","2024-05-06T17:15:00.000","FOLLOWING TOO CLOSELY","NOT APPLICABLE","4747","S","KEDZIE AVE","922",,,,,,,"2","NO INDICATION OF INJURY","0","0","0","0","0","2","0","14","2","5","41.806795169","-87.703791635","POINT (-87.703791635039 41.806795168785)"
"fd76812e45fed2890ebf67f7123ee2fd858004c3a2c09a427f2acc654a786ede9847dfe17e9b2c94352b364f24b12bb5b67636e094b02eae3a73d6fcfaeecd9f",,"2024-05-06T14:46:00.000","35","TRAFFIC SIGNAL","FUNCTIONING PROPERLY","CLEAR","DAYLIGHT","SIDESWIPE SAME DIRECTION","DIVIDED - W/MEDIAN (NOT RAISED)",,"STRAIGHT AND LEVEL","DRY","NO DEFECTS","ON SCENE","NO INJURY / DRIVE AWAY",,,"Y","OVER $1,500","2024-05-06T14:46:00.000","IMPROPER OVERTAKING/PASSING","UNABLE TO DETERMINE","2200","S","ASHLAND AVE","1034",,"Y",,,,,"2","NO INDICATION OF INJURY","0","0","0","0","0","6","0","14","2","5","41.852217997","-87.666170162","POINT (-87.666170161509 41.852217996528)"
"edf0e927b1b6eddf7c64ade92dff23cbcfb867a6d69a0d076ab2465a49651520fbbc5ec6afad8fa6ba01e1faaa3d04a4f5c862bff1d3ca1b43d4285d4d8bfd55",,"2024-05-06T14:40:00.000","30","TRAFFIC SIGNAL","FUNCTIONING PROPERLY","CLEAR","DAYLIGHT","SIDESWIPE SAME DIRECTION","DIVIDED - W/MEDIAN BARRIER",,"STRAIGHT AND LEVEL","DRY","NO DEFECTS","NOT ON SCENE (DESK REPORT)","NO INJURY / DRIVE AWAY",,,,"$501 - $1,500","2024-05-06T15:10:00.000","IMPROPER OVERTAKING/PASSING","NOT APPLICABLE","1400","W","CERMAK RD","1235",,,,,,,"2","NO INDICATION OF INJURY","0","0","0","0","0","3","0","14","2","5","41.852526166","-87.661290065","POINT (-87.661290064695 41.852526165608)"