"crash_record_id","crash_date_est_i","crash_date","posted_speed_limit","traffic_control_device","device_condition","weather_condition","lighting_condition","first_crash_type","trafficway_type","lane_cnt","alignment","roadway_surface_cond","road_defect","report_type","crash_type","intersection_related_i","private_property_i","hit_and_run_i","damage","date_police_notified","prim_contributory_cause","sec_contributory_cause","street_no","street_direction","street_name","beat_of_occurrence","photos_taken_i","statements_taken_i","dooring_i","work_zone_i","work_zone_type","workers_present_i","num_units","most_severe_injury","injuries_total","injuries_fatal","injuries_incapacitating","injuries_non_incapacitating","injuries_reported_not_evident","injuries_no_indication","injuries_unknown","crash_hour","crash_day_of_week","crash_month","latitude","longitude","location"
"11a725259b2ddb05b83cc87c71ffc6e1417a3b7297a3e35e3e3216db63f4c16c2fcc3a822277326bada2e4e29f2e6b3869aac32e461106fb3e200f8eac020706",,"2024-05-06T12:25:00.000","50","NO CONTROLS","NO CONTROLS","CLEAR","DAYLIGHT","SIDESWIPE SAME DIRECTION","DIVIDED - W/MEDIAN BARRIER",,"STRAIGHT AND LEVEL","DRY","NO DEFECTS","ON SCENE","NO INJURY / DRIVE AWAY",,,,"$501 - $1,500","2024-05-06T12:35:00.000","IMPROPER LANE USAGE","NOT APPLICABLE","102","W","I190 EXPY","1654",,,,,,,"2","NO INDICATION OF INJURY","0","0","0","0","0","3","0","12","2","5",,,
"ad6b22fc9809787da0b4997a5ccf84cf5784cf69b3d77fa61dc96a1efe126c4c4c7f33470e59c15a6398826059f5fb7dbe2090afa4a252010446df57d8535e63",,"2024-05-06T12:22:00.000","25","NO CONTROLS","NO CONTROLS","CLEAR","DAYLIGHT","SIDESWIPE SAME DIRECTION","NOT DIVIDED",,"STRAIGHT AND LEVEL","DRY","NO DEFECTS","NOT ON SCENE (DESK REPORT)","NO INJURY / DRIVE AWAY",,,,"OVER $1,500","2024-05-06T14:30:00.000","UNABLE TO DETERMINE","UNABLE TO DETERMINE","2459","W","MADISON ST","1125",,,,,,,"2","NO INDICATION OF INJURY","0","0","0","0","0","4","0","12","2","5","41.881020492","-87.688671062","POINT (-87.688671061506 41.881020491797)"
"23f30c25f3e9fe1d3421e69474fd3f1509652fb75eb5fb0b4acb1e6ca198629e9b5a5a67438a305474bc6950a56ebc7813c31743f92bd755b3d4641b0a3da5d4",,"2024-05-06T12:20:00.000","30","NO CONTROLS","NO CONTROLS","CLEAR","DAYLIGHT","SIDESWIPE SAME DIRECTION","NOT DIVIDED",,"STRAIGHT AND LEVEL","DRY","NO DEFECTS","NOT ON SCENE (DESK REPORT)","NO INJURY / DRIVE AWAY",,,"Y","OVER $1,500","2024-05-06T13:30:00.000","IMPROPER OVERTAKING/PASSING","NOT APPLICABLE","346","E","95TH ST","633",,,,,,,"2","NO INDICATION OF INJURY","0","0","0","0","0","3","0","12","2","5","41.721991873","-87.614709812","POINT (-87.614709812077 41.721991872532)"
"6ba3b77002c68acc4163476e5f73141229efba628699ac5046ffe94ad54ee15756fe551ab18c2f2ad9e3badeddf4a4a93e5f9a4f36f703cf1188a2ea4064bc92",,"2024-05-06T12:15:00.000","30","NO CONTROLS","NO CONTROLS","CLEAR","DAYLIGHT","SIDESWIPE SAME DIRECTION","ONE-WAY",,"STRAIGHT AND LEVEL","UNKNOWN","UNKNOWN","NOT ON SCENE (DESK REPORT)","NO INJURY / DRIVE AWAY",,,,"OVER $1,500","2024-05-06T15:00:00.000","UNABLE TO DETERMINE","NOT APPLICABLE","3323","W","MAYPOLE AVE","1123",,,,,,,"2","NO INDICATION OF INJURY","0","0","0","0","0","2","0","12","2","5","41.883468758","-87.709682349","POINT (-87.709682349464 41.883468757919)"
"95abb51819d51dd4f32b1dfb21d9b9358b80c38d6d631d831210f159167dacd82856e1ac7fb92f0ea9293a065d7e6b8711367d239648f9e733f9d54a757939a0",,"2024-05-06T12:15:00.000","30","UNKNOWN","UNKNOWN","UNKNOWN","UNKNOWN","SIDESWIPE SAME DIRECTION","NOT DIVIDED",,"STRAIGHT AND LEVEL","UNKNOWN","UNKNOWN","NOT ON SCENE (DESK REPORT)","NO INJURY / DRIVE AWAY",,,"Y","OVER $1,500","2024-05-08T19:25:00.000","UNABLE TO DETERMINE","NOT APPLICABLE","104","S","PULASKI RD","1115",,,,,,,"2","NO INDICATION OF INJURY","0","0","0","0","0","2","0","12","2","5","41.879580952","-87.72577768","POINT (-87.725777679554 41.879580952214)"
"fbf28aa221f4829bb9aa1e26de8cc69ba70c1d8ecf4dd8dab2cb05edc06a5fde0956bcd73adab21341481c3698682780da5c4548d658a2ebd39dd212ecd4ae11",,"2024-05-06T12:08:00.000","30","TRAFFIC SIGNAL","FUNCTIONING PROPERLY","CLEAR","DAYLIGHT","REAR END","NOT DIVIDED",,"STRAIGHT AND LEVEL","DRY","NO DEFECTS","ON SCENE","NO INJURY / DRIVE AWAY",,,,"OVER $1,500","2024-05-06T12:08:00.000","FOLLOWING TOO CLOSELY","FOLLOWING TOO CLOSELY","6301","S","ASHLAND AVE","725",,,,,,,"2","NO INDICATION OF INJURY","0","0","0","0","0","4","0","12","2","5","41.779375936","-87.664072091","POINT (-87.664072091298 41.779375935711)"
"bb4476283b81ae3e19f725e4b25850b6fd07b658b361cc351547e3da8938bd3beee9da3128c5bec5482fba033bb05efaf8cc88c0bebc0432c29502c073b9ca25",,"2024-05-06T12:05:00.000","10","NO CONTROLS","NO CONTROLS","CLEAR","DAYLIGHT","REAR END","OTHER",,"STRAIGHT AND LEVEL","WET","NO DEFECTS","NOT ON SCENE (DESK REPORT)","NO INJURY / DRIVE AWAY",,,,"OVER $1,500","2024-05-06T13:20:00.000","FOLLOWING TOO CLOSELY","NOT APPLICABLE","4750","S","ARCHER AVE","821",,,,,,,"2","NO INDICATION OF INJURY","0","0","0","0","0","2","0","12","2","5","41.807179474","-87.715768872","POINT (-87.715768871737 41.807179473772)"
"ce700499d6408d223d03fc0c1494bf7a3c5263e8c52c0662a1907347d399d18c718c156a9bdfb59a0b3e8bdd3aab9a5a763541d7403a84860c6e8003b2814a26",,"2024-05-06T12:05:00.000","30","NO CONTROLS","NO CONTROLS","CLEAR","DAYLIGHT","TURNING","NOT DIVIDED",,"STRAIGHT AND LEVEL","DRY","NO DEFECTS","NOT ON SCENE (DESK REPORT)","NO INJURY / DRIVE AWAY",,,"Y","OVER $1,500","2024-05-06T19:10:00.000","FAILING TO YIELD RIGHT-OF-WAY","IMPROPER LANE USAGE","750","W","63RD ST","711",,,,,,,"2","NO INDICATION OF INJURY","0","0","0","0","0","2","0","12","2","5","41.779860977","-87.64473192","POINT (-87.644731919935 41.779860977117)"
"1eb138f1cca3276f1e9c49efb7523623a46040d552abde987a2e91771c387cff2bb2dc2168a35dd6c56e81825c07aa37ef4ebacb0d84482b8d2f1f25279020d2",,"2024-05-06T12:00:00.000","20","NO CONTROLS","NO CONTROLS","CLEAR","DAYLIGHT","SIDESWIPE SAME DIRECTION","ONE-WAY",,"STRAIGHT AND LEVEL","DRY","UNKNOWN","ON SCENE","INJURY AND / OR TOW DUE TO CRASH",,,"Y","OVER $1,500","2024-05-06T12:05:00.000","IMPROPER OVERTAKING/PASSING","UNABLE TO DETERMINE","3805","N","TRIPP AVE","1731",,,,,,,"3","REPORTED, NOT EVIDENT","1","0","0","0","1","1","0","12","2","5","41.95015826","-87.733718994","POINT (-87.733718993854 41.950158260128)"
"d8a2c4732028484a6de7696a98a4a5e5c651a206ea5c5edaf7349721b74f8fc952b5bd6cfcf7f0c3983a03212fab65ab6e35f1fdc5b139f4f7c2ddc7f450b18c",,"2024-05-06T12:00:00.000","15","NO CONTROLS","NO CONTROLS","UNKNOWN","UNKNOWN","PARKED MOTOR VEHICLE","OTHER",,"STRAIGHT AND LEVEL","OTHER","OTHER","ON SCENE","INJURY AND / OR TOW DUE TO CRASH",,,"Y","OVER $1,500","2024-05-07T01:52:00.000","UNABLE TO DETERMINE","UNABLE TO DETERMINE","1109","E","82ND ST","411",,,,,,,"2","NO INDICATION OF INJURY","0","0","0","0","0","1","0","12","2","5","41.745770634","-87.597277978","POINT (-87.597277977795 41.745770633578)"
"9f51fa4eea7f5af72428ebe3306cfb931046e2f7e6b68a5e8e58392a068d7a0e41c3bcf18e82ba6c53bca3e252cabe32526b90f819dd7e7f66be64be15e8955c",,"2024-05-06T11:56:00.000","30","NO CONTROLS","NO CONTROLS","CLEAR","DAYLIGHT","SIDESWIPE OPPOSITE DIRECTION","PARKING LOT",,"STRAIGHT AND LEVEL","DRY","NO DEFECTS","NOT ON SCENE (DESK REPORT)","NO INJURY / DRIVE AWAY",,,,"OVER $1,500","2024-05-07T10:30:00.000","FAILING TO YIELD RIGHT-OF-WAY","NOT APPLICABLE","7901","S","DAMEN AVE","611","Y",,,,,,"2","NO INDICATION OF INJURY","0","0","0","0","0","2","0","11","2","5","41.750189342","-87.67298584","POINT (-87.672985839772 41.750189342293)"
"af98efb02fbdf1f0cfd879c96a1e0811692e50c216dfc8ac3278f5656fdb9f803d63cb8fdc3a894b561fd3f04e7070be9e69311c675b2a407e13da09b1b40ff3",,"2024-05-06T11:55:00.000","30","UNKNOWN","UNKNOWN","CLEAR","DAYLIGHT","ANGLE","PARKING LOT",,"STRAIGHT AND LEVEL","DRY","UNKNOWN","NOT ON SCENE (DESK REPORT)","NO INJURY / DRIVE AWAY",,,,"$501 - $1,500","2024-05-06T13:25:00.000","UNABLE TO DETERMINE","UNABLE TO DETERMINE","1101","S","CANAL ST","124",,,,,,,"2","NO INDICATION OF INJURY","0","0","0","0","0","2","0","11","2","5","41.868889711","-87.639098928","POINT (-87.639098928088 41.868889711112)"
"b8f9611c8846a5eae4e793a33fe978f1cf302d2842105fdbd29d8423e7871d6d237eae3c85794098b14f1e6d4400b6327f3d8e95a6ff47795d8c51dab26ab3d3",,"2024-05-06T11:51:00.000","30","TRAFFIC SIGNAL","FUNCTIONING PROPERLY","CLEAR","DAYLIGHT","TURNING","FOUR WAY",,"STRAIGHT AND LEVEL","DRY","NO DEFECTS","ON SCENE","NO INJURY / DRIVE AWAY","Y",,,"OVER $1,500","2024-05-06T11:52:00.000","IMPROPER OVERTAKING/PASSING","NOT APPLICABLE","2400","N","LAKE SHORE DR SB","1935",,,,,,,"2","NO INDICATION OF INJURY","0","0","0","0","0","2","0","11","2","5","41.92616072","-87.631514665","POINT (-87.631514664826 41.926160719812)"
"597eb5ef60d6ecfd006d07591092910fc04420cef84269fc8070270df985d4e6b332d3b9dfbdc0de56e5863e2694d9f42ffd78bfc6dabb3dea8e677036a30390",,"2024-05-06T11:45:00.000","30","TRAFFIC SIGNAL","FUNCTIONING PROPERLY","CLEAR","DAYLIGHT","REAR END","NOT DIVIDED",,"STRAIGHT AND LEVEL","DRY","NO DEFECTS","NOT ON SCENE (DESK REPORT)","NO INJURY / DRIVE AWAY",,,,"OVER $1,500","2024-05-06T13:15:00.000","FAILING TO REDUCE SPEED TO AVOID CRASH","NOT APPLICABLE","5556","W","BELMONT AVE","1633",,,,,,,"2","NO INDICATION OF INJURY","0","0","0","0","0","2","0","11","2","5","41.938685986","-87.766361058","POINT (-87.76636105826 41.938685985799)"
"fae08370c0e5d64b430c3c0bf5d4d14ddb80d6e013d79af85a84a3a19121d8913775aa7e5075224ce6d2a6d94378bc37f12e173a85e9ee5fc7419ca0827a2892",,"2024-05-06T11:42:00.000","15","NO CONTROLS","NO CONTROLS","CLEAR","DAYLIGHT","PARKED MOTOR VEHICLE","NOT DIVIDED",,"STRAIGHT AND LEVEL","DRY","NO DEFECTS","NOT ON SCENE (DESK REPORT)","NO INJURY / DRIVE AWAY",,,"Y","OVER $1,500","2024-05-06T15:20:00.000","DRIVING SKILLS/KNOWLEDGE/EXPERIENCE","NOT APPLICABLE","1106","W","FULLERTON AVE","1932",,,,,,,"2","NO INDICATION OF INJURY","0","0","0","0","0","1","0","11","2","5","41.925443779","-87.65631439","POINT (-87.656314390191 41.925443778985)"
"eb978146a33c49035b0edbcc9118058e4f8ab6888a600126a2d9963d488082075184f18e6c4b60764d718d6934c9fe6faacd57c212432e0bbc6d1ecef62ead9e",,"2024-05-06T11:40:00.000","30","TRAFFIC SIGNAL","FUNCTIONING PROPERLY","CLEAR","DAYLIGHT","TURNING","FOUR WAY",,"STRAIGHT AND LEVEL","DRY","NO DEFECTS","NOT ON SCENE (DESK REPORT)","NO INJURY / DRIVE AWAY","Y",,,"OVER $1,500","2024-05-06T15:30:00.000","DRIVING ON WRONG SIDE/WRONG WAY","NOT APPLICABLE","4356","W","HIRSCH ST","2534",,,,,,,"2","NO INDICATION OF INJURY","0","0","0","0","0","2","0","11","2","5","41.906245527","-87.73609646","POINT (-87.736096460206 41.906245527062)"
"346b40693f2fc7024f54a939aa200b48ba3367ad84a3af8aca89c0de74efc17e9fea9c0b8481b26476b6086409e00fad105f0387508327792f7743c1438d0ee7",,"2024-05-06T11:30:00.000","30","STOP SIGN/FLASHER","FUNCTIONING PROPERLY","CLEAR","DAYLIGHT","REAR END","NOT DIVIDED",,"STRAIGHT AND LEVEL","DRY","NO DEFECTS","NOT ON SCENE (DESK REPORT)","NO INJURY / DRIVE AWAY",,,,"$501 - $1,500","2024-05-06T12:00:00.000","FOLLOWING TOO CLOSELY","NOT APPLICABLE","1399","W","111TH ST","2234",,,,,,,"2","NO INDICATION OF INJURY","0","0","0","0","0","3","0","11","2","5","41.69207413","-87.656849705","POINT (-87.656849704551 41.692074130139)"
"4fac876f2254eef1d9054906bfb4beea7672f21017ba8704a4abd5943b242b3cfa173d797b3c28e8a099269d93dd3531bc663c37c7acf98bdb689ff38b8aa726",,"2024-05-06T11:30:00.000","15","NO CONTROLS","NO CONTROLS","CLEAR","DAYLIGHT","SIDESWIPE SAME DIRECTION","NOT DIVIDED",,"STRAIGHT AND LEVEL","DRY","UNKNOWN","NOT ON SCENE (DESK REPORT)","NO INJURY / DRIVE AWAY",,,"Y","OVER $1,500","2024-05-06T11:45:00.000","UNABLE TO DETERMINE","UNABLE TO DETERMINE","1810","S","UNION AVE","1235",,,,,,,"2","NO INDICATION OF INJURY","0","0","0","0","0","3","0","11","2","5","41.857298491","-87.644925783","POINT (-87.644925783215 41.857298490876)"
"d866ee5ffae9ce10ed5c8ba61ca5de050070737c0803ad3a9eabf8e308d99ad1d8e20427d03b871e8bb71c332fbffe07720e56f9e8ffde5799f3e6828a2b2584",,"2024-05-06T11:30:00.000","30","NO CONTROLS","NO CONTROLS","CLEAR","DAYLIGHT","REAR TO REAR","PARKING LOT",,"STRAIGHT AND LEVEL","DRY","NO DEFECTS","NOT ON SCENE (DESK REPORT)","NO INJURY / DRIVE AWAY",,,,"$501 - $1,500","2024-05-06T14:00:00.000","IMPROPER BACKING","UNABLE TO DETERMINE","4626","W","DIVERSEY AVE","2521",,,,,,,"2","NO INDICATION OF INJURY","0","0","0","0","0","2","0","11","2","5","41.931688919","-87.743016947","POINT (-87.743016946831 41.931688919351)"
"f48439a4a2ffd38fa75c5b23458f27d425de0655eb053eca0e8a5c65fc107c09de1e987f5e341abc2b0bb19bde3521400a5f1fe62969f034a5eb0bc3562b2e34",,"2024-05-06T11:25:00.000","30","NO CONTROLS","NO CONTROLS","CLEAR","DAYLIGHT","OTHER OBJECT","NOT DIVIDED",,"STRAIGHT AND LEVEL","DRY","DEBRIS ON ROADWAY","NOT ON SCENE (DESK REPORT)","NO INJURY / DRIVE AWAY",,,,"OVER $1,500","2024-05-06T16:30:00.000","NOT APPLICABLE","NOT APPLICABLE","917","E","MARQUETTE RD","321",,,,"N",,,"1","NO INDICATION OF INJURY","0","0","0","0","0","1","0","11","2","5","41.7748857","-87.602635035","POINT (-87.602635034862 41.774885699516)"
"7c66153fefdc35d24545afef03e1a2c49ee292ff9a339d3ae658d756c4df4f1791127fe850b5d97eaebc5cce98d83e92f59165148efabd9ff0d91b4f01972beb",,"2024-05-06T11:24:00.000","40","NO CONTROLS","NO CONTROLS","CLEAR","DAYLIGHT","SIDESWIPE SAME DIRECTION","ONE-WAY",,"CURVE, LEVEL","DRY","NO DEFECTS","ON SCENE","NO INJURY / DRIVE AWAY",,,,"OVER $1,500","2024-05-06T11:26:00.000","UNABLE TO DETERMINE","UNABLE TO DETERMINE","600","N","LAKE SHORE DR SB","1834",,,,,,,"2","NO INDICATION OF INJURY","0","0","0","0","0","2","0","11","2","5","41.892667276","-87.614362549","POINT (-87.614362548909 41.89266727562)"
"cd887476d94e0920ff295cad6b06931cebf23712e8bc706e65bf45478febe0826d9eb2e7f25989ba2de97fd972a258fe50c8ec90f1ab725894a1bd6ff133d387","Y","2024-05-06T11:24:00.000","25","TRAFFIC SIGNAL","FUNCTIONING PROPERLY","CLEAR","DAYLIGHT","SIDESWIPE SAME DIRECTION","NOT DIVIDED",,"STRAIGHT AND LEVEL","DRY","UNKNOWN","NOT ON SCENE (DESK REPORT)","NO INJURY / DRIVE AWAY","Y",,,"$501 - $1,500","2024-05-08T13:50:00.000","UNABLE TO DETERMINE","UNABLE TO DETERMINE","2600","S","KOSTNER AVE","1031","Y",,,,,,"2","NO INDICATION OF INJURY","0","0","0","0","0","2","0","11","2","5","41.844019422","-87.73442573","POINT (-87.734425729972 41.844019421781)"
"9eb28b7db851597830d0191b3fe2fb1dce8245da3e2248e8b5a4fc80d746a99fd72bbc875848efda58505988dfdbcd31685a8b130fde8dd7d20dc981604da4aa",,"2024-05-06T11:10:00.000","30","TRAFFIC SIGNAL","FUNCTIONING PROPERLY","CLEAR","DAYLIGHT","TURNING","FOUR WAY",,"STRAIGHT AND LEVEL","DRY","NO DEFECTS","ON SCENE","NO INJURY / DRIVE AWAY","Y",,,"OVER $1,500","2024-05-06T11:24:00.000","FAILING TO YIELD RIGHT-OF-WAY","NOT APPLICABLE","5800","W","HIGGINS AVE","1622",,,,,,,"2","NO INDICATION OF INJURY","0","0","0","0","0","2","0","11","2","5","41.972010653","-87.773418011","POINT (-87.773418010902 41.97201065295)"
"8c86aad7db6443e8df1ec26209c4902dc2bba4ceb797459b194a78895d87f0ea9e955d2a714705c3cd08d4c26d3dc980147bd4dc24af51ed3fc40633fce9c525",,"2024-05-06T11:05:00.000","30","NO CONTROLS","NO CONTROLS","CLEAR","DAYLIGHT","TURNING","OTHER",,"STRAIGHT AND LEVEL","DRY","UNKNOWN","ON SCENE","INJURY AND / OR TOW DUE TO CRASH","Y",,,"OVER $1,500","2024-05-06T11:14:00.000","FAILING TO YIELD RIGHT-OF-WAY","FAILING TO YIELD RIGHT-OF-WAY","2900","N","ELSTON AVE","1411",,,,,,,"2","NONINCAPACITATING INJURY","1","0","0","1","0","1","0","11","2","5","41.933908423","-87.690509501","POINT (-87.690509501078 41.933908422564)"
"ba1ee32086ccf587a80aa2c068cba4bdf461fa0478003639a3ae5abf9dc43d9d4a8208f20fb52fc5a441331246648cc23d6a261a3aafb4979d564b4b320ac543",,"2024-05-06T11:05:00.000","25","NO CONTROLS","NO CONTROLS","CLEAR","DAYLIGHT","SIDESWIPE SAME DIRECTION","NOT DIVIDED",,"STRAIGHT AND LEVEL","DRY","UNKNOWN","NOT ON SCENE (DESK REPORT)","NO INJURY / DRIVE AWAY",,,,"OVER $1,500","2024-05-06T13:08:00.000","UNABLE TO DETERMINE","UNABLE TO DETERMINE","1724","W","AUGUSTA BLVD","1213",,,,,,,"2","NO INDICATION OF INJURY","0","0","0","0","0","2","0","11","2","5","41.899761872","-87.670916778","POINT (-87.670916778344 41.899761871749)"
"d863feebb7b10bebd173de3894c3a011da5b4745d7e81190a5ef2f6bda1b7c4896a4d3b7a64accc6727f1ac5cb7d88d017b099fcc3071e1f3f710263d0aacdbf",,"2024-05-06T11:03:00.000","30","NO CONTROLS","NO CONTROLS","CLEAR","DAYLIGHT","SIDESWIPE SAME DIRECTION","ONE-WAY",,"STRAIGHT AND LEVEL","DRY","NO DEFECTS","ON SCENE","NO INJURY / DRIVE AWAY",,,,"OVER $1,500","2024-05-06T11:23:00.000","FAILING TO YIELD RIGHT-OF-WAY","NOT APPLICABLE","415","N","MICHIGAN AVE","1834",,,,,,,"2","NO INDICATION OF INJURY","0","0","0","0","0","2","0","11","2","5","41.889776428","-87.623986938","POINT (-87.62398693813 41.889776428129)"
"1b3465d12702f6a75e4893e441bb4d30b272928258bb0c84ba65ef3f1387e72e6aa7f85cab57948f70e0588b4f6954106c022f20a47af2fd30555be613a748c1",,"2024-05-06T11:00:00.000","30","NO CONTROLS","NO CONTROLS","CLEAR","DAYLIGHT","PARKED MOTOR VEHICLE","NOT DIVIDED",,"STRAIGHT AND LEVEL","DRY","SHOULDER DEFECT","NOT ON SCENE (DESK REPORT)","NO INJURY / DRIVE AWAY",,,"Y","$501 - $1,500","2024-05-06T14:45:00.000","NOT APPLICABLE","NOT APPLICABLE","6200","S","LAWNDALE AVE","823",,,,,,,"2","NO INDICATION OF INJURY","0","0","0","0","0","1","0","11","2","5","41.780545684","-87.715596654","POINT (-87.715596653797 41.780545684201)"
"469744b8889e1a6fd1e00d84afbfaefadc39fdb9b21aa013fb6f2b63df5012b11d5a7837dbed34c13bc6d2b578e9565315a06eb795169128f3a26ddb120309a4",,"2024-05-06T11:00:00.000","30","TRAFFIC SIGNAL","FUNCTIONING PROPERLY","CLEAR","DAYLIGHT","SIDESWIPE SAME DIRECTION","NOT DIVIDED",,"STRAIGHT AND LEVEL","DRY","NO DEFECTS","NOT ON SCENE (DESK REPORT)","NO INJURY / DRIVE AWAY",,,"Y","OVER $1,500","2024-05-06T11:25:00.000","UNABLE TO DETERMINE","UNABLE TO DETERMINE","1543","E","87TH ST","412",,,,,,,"2","NO INDICATION OF INJURY","0","0","0","0","0","2","0","11","2","5","41.736795458","-87.586272509","POINT (-87.586272509131 41.736795457643)"
"3e686acfd4efd7dda49bed00e4ece51c5d66379fa6cb672d5fb7127512ee9a18c09e7a0c058e52ddec9b9280d0608460c49e56b63ce51cbff4caf5375a1d83db",,"2024-05-06T10:48:00.000","30","NO CONTROLS","NO CONTROLS","CLEAR","DAYLIGHT","ANGLE","NOT DIVIDED",,"STRAIGHT AND LEVEL","DRY","UNKNOWN","NOT ON SCENE (DESK REPORT)","NO INJURY / DRIVE AWAY",,,"Y","$501 - $1,500","2024-05-06T11:40:00.000","IMPROPER TURNING/NO SIGNAL","NOT APPLICABLE","1558","E","87TH ST","412",,,,,,,"2","NO INDICATION OF INJURY","0","0","0","0","0","2","0","10","2","5","41.737028962","-87.585230764","POINT (-87.585230764222 41.737028962272)"
"8f66fd94a6792b083b467e26afa55f2bf72a683c5d3137fff5c8f6e13353306cc3afc2a6c168504ae2e425c599fadbd8263e7e9771706295f31b40f3fc150589",,"2024-05-06T10:45:00.000","15","NO CONTROLS","NO CONTROLS","CLEAR","DAYLIGHT","ANGLE","PARKING LOT",,"STRAIGHT AND LEVEL","DRY","NO DEFECTS","NOT ON SCENE (DESK REPORT)","NO INJURY / DRIVE AWAY",,"Y",,"$501 - $1,500","2024-05-06T13:45:00.000","IMPROPER BACKING","UNABLE TO DETERMINE","3343","W","ADDISON ST","1733",,,,,,,"2","NO INDICATION OF INJURY","0","0","0","0","0","4","0","10","2","5","41.946467796","-87.712024097","POINT (-87.712024097067 41.946467795996)"
"02e92b95caa2c930b1e4ad972b994b33108b55dac141372f7e32c7b6ba447cbc1b020464b83e341eae45ae7ec1deb7f7bb63e6ed51ba71e0e2f0fc79af580ab6",,"2024-05-06T10:30:00.000","30","TRAFFIC SIGNAL","FUNCTIONING PROPERLY","CLEAR","DAYLIGHT","TURNING","NOT DIVIDED",,"STRAIGHT AND LEVEL","DRY","NO DEFECTS","NOT ON SCENE (DESK REPORT)","NO INJURY / DRIVE AWAY",,,"Y","$501 - $1,500","2024-05-06T11:00:00.000","IMPROPER TURNING/NO SIGNAL","NOT APPLICABLE","5500","S","STATE ST","225",,,,,,,"2","NO INDICATION OF INJURY","0","0","0","0","0","2","0","10","2","5","41.794225291","-87.625836016","POINT (-87.625836015583 41.79422529104)"
"13fcb7ee7b1623b5dc259eabf8fae4343b1bee12f0873b1d156578c39e0a3688dd293df5a8567db9a6c658728fd56ecfbc2d1a53f97160f7ba1e3f2e60b26014",,"2024-05-06T10:30:00.000","30","STOP SIGN/FLASHER","FUNCTIONING PROPERLY","CLEAR","DAYLIGHT","REAR TO FRONT","NOT DIVIDED",,"STRAIGHT AND LEVEL","DRY","NO DEFECTS","ON SCENE","NO INJURY / DRIVE AWAY",,,,"OVER $1,500","2024-05-06T11:56:00.000","IMPROPER BACKING","NOT APPLICABLE","6401","W","51ST ST","811",,,,,,,"2","NO INDICATION OF INJURY","0","0","0","0","0","2","0","10","2","5","41.799558363","-87.782074925","POINT (-87.782074924854 41.799558362896)"
"88ddc84323ef17e4e6872d28372d981f1ad07e79ae79a0acae4c6379d3ff33534dae17a95fd41f5957060c78853c63192030318f0063174e24236a0e0669ca3c",,"2024-05-06T10:30:00.000","30","NO CONTROLS","NO CONTROLS","UNKNOWN","DAYLIGHT","PARKED MOTOR VEHICLE","ONE-WAY",,"STRAIGHT AND LEVEL","UNKNOWN","UNKNOWN","NOT ON SCENE (DESK REPORT)","NO INJURY / DRIVE AWAY",,,,"$501 - $1,500","2024-05-08T19:20:00.000","UNABLE TO DETERMINE","NOT APPLICABLE","6950","N","BELL AVE","2411",,,,,,,"2","NO INDICATION OF INJURY","0","0","0","0","0","1","0","10","2","5","42.007816785","-87.686154896","POINT (-87.686154896238 42.007816785034)"
"df4db2e93c9b56eca212324c57b677c5248739da17f3f7615b437209c2fc2faba9da947589e1284028566079f885cc7132ed0ac0359d597ba762b41e6f4f1807",,"2024-05-06T10:30:00.000","15","NO CONTROLS","NO CONTROLS","CLEAR","DAYLIGHT","ANGLE","NOT DIVIDED",,"STRAIGHT AND LEVEL","UNKNOWN","UNKNOWN","NOT ON SCENE (DESK REPORT)","NO INJURY / DRIVE AWAY",,,,"OVER $1,500","2024-05-06T11:00:00.000","UNABLE TO DETERMINE","UNABLE TO DETERMINE","2162","S","WOLCOTT AVE","1234",,,,,,,"2","NO INDICATION OF INJURY","0","0","0","0","0","2","0","10","2","5","41.852254789","-87.673538705","POINT (-87.673538704968 41.852254788984)"
"2d358f001492e99cf8fd97f2f2478ee27b19559a11ea98ff955cf48cd1c4a9d69491ceab6fe41f02af4443fb958ccee82828f3605b5c2ec8fa81234ad2aef5d0",,"2024-05-06T10:25:00.000","30","NO CONTROLS","NO CONTROLS","CLEAR","DAYLIGHT","PARKED MOTOR VEHICLE","DIVIDED - W/MEDIAN (NOT RAISED)",,"STRAIGHT AND LEVEL","DRY","NO DEFECTS","NOT ON SCENE (DESK REPORT)","NO INJURY / DRIVE AWAY",,,,"$501 - $1,500","2024-05-06T11:39:00.000","UNABLE TO DETERMINE","NOT APPLICABLE","5058","W","WASHINGTON BLVD","1532",,,,,,,"2","NO INDICATION OF INJURY","0","0","0","0","0","1","0","10","2","5","41.881832255","-87.752547997","POINT (-87.752547997178 41.881832255381)"