"crash_record_id","crash_date_est_i","crash_date","posted_speed_limit","traffic_control_device","device_condition","weather_condition","lighting_condition","first_crash_type","trafficway_type","lane_cnt","alignment","roadway_surface_cond","road_defect","report_type","crash_type","intersection_related_i","private_property_i","hit_and_run_i","damage","date_police_notified","prim_contributory_cause","sec_contributory_cause","street_no","street_direction","street_name","beat_of_occurrence","photos_taken_i","statements_taken_i","dooring_i","work_zone_i","work_zone_type","workers_present_i","num_units","most_severe_injury","injuries_total","injuries_fatal","injuries_incapacitating","injuries_non_incapacitating","injuries_reported_not_evident","injuries_no_indication","injuries_unknown","crash_hour","crash_day_of_week","crash_month","latitude","longitude","location"
"71b3baf3d156335f2ddb0a5dde572e2f8ece59f18d071e2673994a5f166aaf45de5880f63fade98aaee67fe04b2b6f5cdd26734cb8b14eb95a722763515f38ed",,"2024-05-06T10:18:00.000","30","UNKNOWN","UNKNOWN","UNKNOWN","DAYLIGHT","REAR TO REAR","PARKING LOT",,"STRAIGHT AND LEVEL","UNKNOWN","UNKNOWN","NOT ON SCENE (DESK REPORT)","NO INJURY / DRIVE AWAY",,,,"$501 - $1,500","2024-05-06T10:30:00.000","UNABLE TO DETERMINE","UNABLE TO DETERMINE","1809","W","LAWRENCE AVE","1912",,,,,,,"2","NO INDICATION OF INJURY","0","0","0","0","0","2","0","10","2","5","41.968700297","-87.675109098","POINT (-87.675109097517 41.968700296617)"
"8162c3f007b4a068c880bf77dccf3c18fa46a6e756bacbfacdc549978e546af6a000959c97cbb02e44edaa362802bc9869aefe32a6377cf5786c583cb99cb24d",,"2024-05-06T10:17:00.000","20","NO CONTROLS","NO CONTROLS","CLEAR","DAYLIGHT","PEDESTRIAN","ALLEY",,"STRAIGHT AND LEVEL","DRY","NO DEFECTS","ON SCENE","INJURY AND / OR TOW DUE TO CRASH",,,,"OVER $1,500","2024-05-06T10:19:00.000","NOT APPLICABLE","NOT APPLICABLE","4621","W","HURON ST","1111",,,,,,,"3","INCAPACITATING INJURY","1","0","1","0","0","5","0","10","2","5","41.893113499","-87.742077374","POINT (-87.742077374222 41.893113498651)"
"b75eb11734b2a5bfcdf5825556f52fce16e19b0536ed4a6678ad84b6c1628686216ac4b69a828a755c2919999b54f322d42aab1229f56fb046b32be315017a6e",,"2024-05-06T10:14:00.000","15","NO CONTROLS","NO CONTROLS","CLEAR","DAYLIGHT","REAR TO REAR","PARKING LOT",,"STRAIGHT AND LEVEL","DRY","NO DEFECTS","NOT ON SCENE (DESK REPORT)","NO INJURY / DRIVE AWAY",,"Y",,"OVER $1,500","2024-05-06T13:50:00.000","UNABLE TO DETERMINE","UNABLE TO DETERMINE","4649","W","FOSTER AVE","1712",,,,,,,"2","NO INDICATION OF INJURY","0","0","0","0","0","2","0","10","2","5","41.975267139","-87.744907016","POINT (-87.744907016027 41.975267138782)"
"742d3c7cf160f64fad7da2f7a7a9b9e89fb4afa738eb891b1b8c027822b6c7f05880ab9e54a659f37903356e26fc8685a47940493018eaad6459211fd7d67d2c",,"2024-05-06T10:05:00.000","30","NO CONTROLS","FUNCTIONING PROPERLY","CLEAR","DAYLIGHT","SIDESWIPE SAME DIRECTION","CENTER TURN LANE",,"STRAIGHT AND LEVEL","DRY","NO DEFECTS","ON SCENE","NO INJURY / DRIVE AWAY",,,,"$500 OR LESS","2024-05-06T11:11:00.000","IMPROPER LANE USAGE","UNABLE TO DETERMINE","5505","S","HARLEM AVE","811",,,,,,,"2","NO INDICATION OF INJURY","0","0","0","0","0","2","0","10","2","5","41.791731603","-87.801373067","POINT (-87.801373067325 41.791731603162)"
"81a015b166ab20c390b82a83ca9d511e6df0cc95fcc2dc46f1b5a39809f57b7251f69e304e931923cf83660353ff8fc3ac379fb8091aae08cff2e86770e523c3",,"2024-05-06T10:02:00.000","30","NO CONTROLS","NO CONTROLS","CLEAR","DAYLIGHT","SIDESWIPE SAME DIRECTION","NOT DIVIDED",,"STRAIGHT AND LEVEL","DRY","NO DEFECTS","ON SCENE","NO INJURY / DRIVE AWAY",,,,"OVER $1,500","2024-05-06T10:02:00.000","UNABLE TO DETERMINE","NOT APPLICABLE","3730","E","FOREMAN DR","432",,,,,,,"2","NO INDICATION OF INJURY","0","0","0","0","0","2","0","10","2","5","41.722316472","-87.533234733","POINT (-87.533234733448 41.722316471668)"
"4ad7fc71749d6587c3d92967fc107caf9ceed07d49a498ee0219e968af41e7fd84eca196317050f24f05b2fb062f4a387022fa31ff8e193fb419a04edb0eedc8",,"2024-05-06T10:00:00.000","30","NO CONTROLS","NO CONTROLS","CLEAR","DAYLIGHT","PARKED MOTOR VEHICLE","NOT DIVIDED",,"STRAIGHT AND LEVEL","DRY","NO DEFECTS","NOT ON SCENE (DESK REPORT)","NO INJURY / DRIVE AWAY",,,"Y","$501 - $1,500","2024-05-06T13:40:00.000","NOT APPLICABLE","NOT APPLICABLE","5862","S","LAWNDALE AVE","822",,,,,,,"2","NO INDICATION OF INJURY","0","0","0","0","0","1","0","10","2","5","41.786095603","-87.715751282","POINT (-87.715751281831 41.786095603061)"
"6ceef0ba89a1d485fe1ca74c0e3d905851a6a1bf47fe97a2a55f3ebdab21e41766934516ca7f910c8d94f6de32877116a9d9c78d1376145b02c5b92f7075135e",,"2024-05-06T10:00:00.000","15","NO CONTROLS","NO CONTROLS","CLEAR","UNKNOWN","PARKED MOTOR VEHICLE","PARKING LOT",,"STRAIGHT AND LEVEL","UNKNOWN","UNKNOWN","ON SCENE","NO INJURY / DRIVE AWAY",,"Y","Y","OVER $1,500","2024-05-06T11:00:00.000","UNABLE TO DETERMINE","UNABLE TO DETERMINE","4050","W","115TH ST","2211",,,,,,,"2","NO INDICATION OF INJURY","0","0","0","0","0","1","0","10","2","5","41.684044161","-87.721962875","POINT (-87.721962875224 41.684044160978)"
"694381455375e89de501018016def9a5b39ebc9f23751bd275b03e00df5b91554d6f6fef58bc74e6cc2b883c6c1ee7982a5303fff1a223220c6d01a116c396a2",,"2024-05-06T09:52:00.000","10","NO CONTROLS","NO CONTROLS","CLEAR","DAYLIGHT","PARKED MOTOR VEHICLE","PARKING LOT",,"STRAIGHT AND LEVEL","DRY","NO DEFECTS","NOT ON SCENE (DESK REPORT)","NO INJURY / DRIVE AWAY",,,"Y","OVER $1,500","2024-05-06T11:20:00.000","UNABLE TO DETERMINE","NOT APPLICABLE","9901","S","WESTERN AVE","2213",,,,,,,"2","NO INDICATION OF INJURY","0","0","0","0","0","1","0","9","2","5","41.713574351","-87.681692783","POINT (-87.681692782928 41.713574350662)"
"3e3dace04190e4a052a8f01dd6fca25b690cf92bc0687d21ad2d33bed944b36f5de82570e31ce54356077cf0429f3d72313209a848f406b5f81bd51a2f248c6d",,"2024-05-06T09:47:00.000","35","STOP SIGN/FLASHER","FUNCTIONING PROPERLY","CLEAR","DAYLIGHT","ANGLE","FOUR WAY",,"STRAIGHT AND LEVEL","DRY","NO DEFECTS","ON SCENE","INJURY AND / OR TOW DUE TO CRASH","Y",,,"OVER $1,500","2024-05-06T09:49:00.000","FAILING TO YIELD RIGHT-OF-WAY","FAILING TO REDUCE SPEED TO AVOID CRASH","9000","S","ASHLAND AVE","2221",,,,,,,"2","REPORTED, NOT EVIDENT","2","0","0","0","2","1","0","9","2","5","41.73020471","-87.663046692","POINT (-87.663046692127 41.730204709887)"
"87684a964052bb9ee9745a8ac10b5deec0cdb35a1734e9f50126cfaae62fac74f61c1d4b9174c7813559cd50db1e60a1fe3b6596c348586495491a90b1598398",,"2024-05-06T09:43:00.000","30","NO CONTROLS","NO CONTROLS","CLEAR","DAYLIGHT","OTHER OBJECT","DIVIDED - W/MEDIAN (NOT RAISED)",,"STRAIGHT AND LEVEL","DRY","NO DEFECTS","ON SCENE","INJURY AND / OR TOW DUE TO CRASH",,,,"OVER $1,500","2024-05-06T09:44:00.000","DISTRACTION - OTHER ELECTRONIC DEVICE (NAVIGATION DEVICE, DVD PLAYER, ETC.)","DISTRACTION - FROM INSIDE VEHICLE","1801","W","DIVERSEY PKWY","1931",,,,,,,"1","NO INDICATION OF INJURY","0","0","0","0","0","1","0","9","2","5","41.932233724","-87.673298246","POINT (-87.673298245579 41.932233723957)"
"98fc1b2abd70dc7d0c848fcf88e051fa5de0be81cb9c58a972e890eba2fb61705bf9daab241a5e2e50f2c00530d630137079306d26981aef2844de535ff782a5",,"2024-05-06T09:38:00.000","30","STOP SIGN/FLASHER","FUNCTIONING PROPERLY","CLEAR","DAYLIGHT","ANGLE","FOUR WAY",,"STRAIGHT AND LEVEL","DRY","NO DEFECTS","ON SCENE","INJURY AND / OR TOW DUE TO CRASH","Y",,,"OVER $1,500","2024-05-06T09:38:00.000","DISREGARDING STOP SIGN","FAILING TO REDUCE SPEED TO AVOID CRASH","2600","E","92ND ST","423","N","Y",,,,,"2","NO INDICATION OF INJURY","0","0","0","0","0","3","0","9","2","5","41.72823852","-87.56080726","POINT (-87.560807259879 41.728238520353)"
"2d064b3a2ab104acbb9d75c9056721ee3d8b16b868df8b2cd616c3d053d343f9475e996520b5cdc55f098152ce89efcb622c970662311a4020e65f17d3d1e9ca",,"2024-05-06T09:37:00.000","30","NO CONTROLS","NO CONTROLS","CLEAR","DAYLIGHT","SIDESWIPE SAME DIRECTION","ONE-WAY",,"STRAIGHT AND LEVEL","UNKNOWN","UNKNOWN","NOT ON SCENE (DESK REPORT)","NO INJURY / DRIVE AWAY",,,,"OVER $1,500","2024-05-06T10:15:00.000","UNABLE TO DETERMINE","UNABLE TO DETERMINE","1","W","TERMINAL ST","1651",,,,,,,"2","NO INDICATION OF INJURY","0","0","0","0","0","2","0","9","2","5",,,
"0223b9f1bd0e0a6be83f4ba639e347236fd9c0031d201f8c790dc63982b2effd2cbfa36feccd26f7cba8e8ce171e93509fb1e72e55e2a5a70a85cbf6a644f7a9",,"2024-05-06T09:30:00.000","30","NO CONTROLS","NO CONTROLS","CLEAR","DAYLIGHT","TURNING","NOT DIVIDED",,"STRAIGHT AND LEVEL","DRY","NO DEFECTS","ON SCENE","NO INJURY / DRIVE AWAY",,,,"OVER $1,500","2024-05-06T09:43:00.000","FAILING TO YIELD RIGHT-OF-WAY","IMPROPER TURNING/NO SIGNAL","5613","W","IRVING PARK RD","1633",,,,,,,"2","NO INDICATION OF INJURY","0","0","0","0","0","3","0","9","2","5","41.953065003","-87.767531934","POINT (-87.767531934114 41.95306500331)"
"8b1d0db242126bd8a0b81d5ed06498c6d9ea52caa11779f07e0c2c8cfe0f51efd587dae3d6978a5a4a8c5afb08ea7628aede1f9b987e5a43d43824c63bff95d6",,"2024-05-06T09:30:00.000","30","NO CONTROLS","NO CONTROLS","CLEAR","DAYLIGHT","SIDESWIPE SAME DIRECTION","NOT DIVIDED",,"STRAIGHT AND LEVEL","DRY","NO DEFECTS","NOT ON SCENE (DESK REPORT)","NO INJURY / DRIVE AWAY",,,,"OVER $1,500","2024-05-06T10:18:00.000","UNABLE TO DETERMINE","UNABLE TO DETERMINE","332","E","79TH ST","623",,,,,,,"2","NO INDICATION OF INJURY","0","0","0","0","0","2","0","9","2","5","41.751196814","-87.616708231","POINT (-87.616708230582 41.751196813977)"
"f11bde3ffc343dd759096843bed342947591302294c4bb1720853d43dfb6b92488ca7366a8106aa00bae6feaa935c9810fab4d05a23f56ac2acfa179fd880552",,"2024-05-06T09:16:00.000","30","TRAFFIC SIGNAL","FUNCTIONING PROPERLY","CLEAR","DAYLIGHT","TURNING","NOT DIVIDED",,"STRAIGHT AND LEVEL","DRY","UNKNOWN","NOT ON SCENE (DESK REPORT)","NO INJURY / DRIVE AWAY","Y",,,"OVER $1,500","2024-05-06T09:35:00.000","FOLLOWING TOO CLOSELY","NOT APPLICABLE","3200","W","HARRISON ST","1134",,,,,,,"2","NO INDICATION OF INJURY","0","0","0","0","0","4","0","9","2","5","41.873796325","-87.706040331","POINT (-87.70604033058 41.87379632479)"
"1686dbb125c93f47bed8560bf18404bca82ce16cc31d5d6a5a5a4102854ba6471db7f3e72f5b7d2c8bcfc8a8324322b59634028d0fe6b52c0c592da9709d3e1d",,"2024-05-06T09:15:00.000","10","STOP SIGN/FLASHER","FUNCTIONING PROPERLY","CLEAR","DAYLIGHT","PEDESTRIAN","RAMP",,"STRAIGHT AND LEVEL","DRY","NO DEFECTS","ON SCENE","INJURY AND / OR TOW DUE TO CRASH",,,,"$500 OR LESS","2024-05-06T09:21:00.000","FAILING TO YIELD RIGHT-OF-WAY","DISREGARDING STOP SIGN","799","W","MONROE ST","1232",,,,,,,"2","NONINCAPACITATING INJURY","1","0","0","1","0","2","0","9","2","5","41.880383077","-87.647271739","POINT (-87.647271738595 41.880383077125)"
"0f4e33cafcbc3a35d9f4d40beb65e5396e69d9c10d7b13713f5ef278dcb9007f9008d272294477e67a5d6c172f49dcde63e3d2b4a9c2e5c3f74611c54ee00266",,"2024-05-06T09:10:00.000","35","NO CONTROLS","NO CONTROLS","CLEAR","DAYLIGHT","REAR END","NOT DIVIDED",,"STRAIGHT AND LEVEL","DRY","NO DEFECTS","ON SCENE","NO INJURY / DRIVE AWAY",,,,"OVER $1,500","2024-05-06T09:15:00.000","NOT APPLICABLE","NOT APPLICABLE","3044","W","PETERSON AVE","2413",,,,,,,"2","NO INDICATION OF INJURY","0","0","0","0","0","2","0","9","2","5","41.990514087","-87.706034843","POINT (-87.706034842527 41.990514087122)"
"54ec54acc55b3f2b011f04193240f918dfcdd158dd55842d6f67b86707f85a2a45b3df060cd5c6f9f80cdc47af694c99400cddf3586f87f1d96036f35aef7783","Y","2024-05-06T09:00:00.000","30","NO CONTROLS","NO CONTROLS","UNKNOWN","UNKNOWN","PARKED MOTOR VEHICLE","OTHER",,"STRAIGHT AND LEVEL","UNKNOWN","NO DEFECTS","ON SCENE","NO INJURY / DRIVE AWAY",,,"Y","OVER $1,500","2024-05-07T06:05:00.000","NOT APPLICABLE","NOT APPLICABLE","1546","N","LOTUS AVE","2532",,,,,,,"2","NO INDICATION OF INJURY","0","0","0","0","0","1","0","9","2","5","41.908988514","-87.762307165","POINT (-87.762307164662 41.90898851361)"
"6c768ff4f74ab1ad7af2df31d39c2a36c1e6686996e0497809f207c79160524a9be8d9eb81713e48963db38437b97ab94bbcfae66a32d6af9481b80886e263e3",,"2024-05-06T09:00:00.000","45","NO CONTROLS","NO CONTROLS","CLEAR","DAYLIGHT","REAR END","DIVIDED - W/MEDIAN BARRIER",,"STRAIGHT AND LEVEL","DRY","NO DEFECTS","ON SCENE","INJURY AND / OR TOW DUE TO CRASH",,,"Y","$501 - $1,500","2024-05-06T09:10:00.000","FOLLOWING TOO CLOSELY","FAILING TO YIELD RIGHT-OF-WAY","5400","N","LAKE SHORE DR NB","2023",,,,,,,"3","REPORTED, NOT EVIDENT","1","0","0","0","1","2","0","9","2","5","41.980089218","-87.652406125","POINT (-87.652406124734 41.980089217666)"
"10b256f70b0eb5eb4b54d72e77362a0c465718cba1860d74c2b1fba5a1003c966a81ac305fefc1052a03af0975b371f39206315655773508a7d2d84f32497f8a",,"2024-05-06T08:51:00.000","25","NO CONTROLS","NO CONTROLS","CLEAR","DAYLIGHT","TURNING","NOT DIVIDED",,"STRAIGHT AND LEVEL","DRY","NO DEFECTS","ON SCENE","INJURY AND / OR TOW DUE TO CRASH",,,,"OVER $1,500","2024-05-06T09:00:00.000","IMPROPER TURNING/NO SIGNAL","FAILING TO YIELD RIGHT-OF-WAY","5421","N","NEENAH AVE","1613",,,,,,,"2","NONINCAPACITATING INJURY","3","0","0","2","1","0","0","8","2","5","41.979901128","-87.790067407","POINT (-87.790067406737 41.979901128211)"
"94e6502b30e9a8528e61316c5f388244ef24f9222ce3e10cf2701ca0f95dada1fda50385ed8628cebbd63b33d2b12183974fa0dd4ed48b86ee471ac468aae294",,"2024-05-06T08:50:00.000","30","NO CONTROLS","NO CONTROLS","CLEAR","DAYLIGHT","TURNING","NOT DIVIDED",,"STRAIGHT AND LEVEL","DRY","NO DEFECTS","NOT ON SCENE (DESK REPORT)","NO INJURY / DRIVE AWAY",,,,"OVER $1,500","2024-05-06T09:18:00.000","IMPROPER TURNING/NO SIGNAL","UNABLE TO DETERMINE","5202","S","WABASH AVE","225",,,,,,,"2","NO INDICATION OF INJURY","0","0","0","0","0","3","0","8","2","5","41.799776328","-87.624365253","POINT (-87.62436525315 41.799776328163)"
"6b0c33c9b13f0f346935e4c4765608cefe12e773a7a620e15a5de237987e279d113e337231d43e392cca8b5cc8a1b3d4a5326f201c0a346a7e8506f338064b80",,"2024-05-06T08:49:00.000","15","NO CONTROLS","NO CONTROLS","CLEAR","DAYLIGHT","PARKED MOTOR VEHICLE","ALLEY",,"STRAIGHT AND LEVEL","DRY","NO DEFECTS","ON SCENE","NO INJURY / DRIVE AWAY",,,,"OVER $1,500","2024-05-06T09:01:00.000","VISION OBSCURED (SIGNS, TREE LIMBS, BUILDINGS, ETC.)","NOT APPLICABLE","7506","N","RIDGE BLVD","2411",,,,,,,"2","NO INDICATION OF INJURY","0","0","0","0","0","1","0","8","2","5","42.018023705","-87.684617463","POINT (-87.684617462961 42.018023705186)"
"0efd327fed1186572e6daf69e01e6d2913a645243521708995a745ad19b1344aba5e376b8a460fdf2c83c4b99616d7e4d48676039ad5606a619f3f879f6c1593",,"2024-05-06T08:30:00.000","30","STOP SIGN/FLASHER","FUNCTIONING PROPERLY","CLEAR","DAYLIGHT","ANGLE","FOUR WAY",,"STRAIGHT AND LEVEL","DRY","NO DEFECTS","NOT ON SCENE (DESK REPORT)","NO INJURY / DRIVE AWAY","Y",,,"OVER $1,500","2024-05-06T08:50:00.000","UNABLE TO DETERMINE","NOT APPLICABLE","1158","W","14TH PL","1232",,,,,,,"2","NO INDICATION OF INJURY","0","0","0","0","0","2","0","8","2","5","41.862569297","-87.656379273","POINT (-87.656379272861 41.862569296978)"
"4a7a14cec10d6a990a69ad0723116e46bb987900d4ea384d6d9caa732e470adeb3d7b184552f12d8810b42e166931b38ffa79edaadbb949e4d17f015077dd585",,"2024-05-06T08:30:00.000","10","NO CONTROLS","NO CONTROLS","CLEAR","DAYLIGHT","REAR TO FRONT","PARKING LOT",,"STRAIGHT AND LEVEL","DRY","NO DEFECTS","ON SCENE","NO INJURY / DRIVE AWAY",,,"Y","$500 OR LESS","2024-05-06T08:55:00.000","UNABLE TO DETERMINE","UNABLE TO DETERMINE","9108","S","COMMERCIAL AVE","423",,,,,,,"2","NO INDICATION OF INJURY","0","0","0","0","0","2","0","8","2","5","41.729755723","-87.551395871","POINT (-87.551395870757 41.729755723216)"
"76806590f2ab7603dc53b49ab7d38dbcf8d056aed7c72086c7a2d88d0516dd0922702689e69dbb6445ff6db67632353c3a9fcf7961a560e64eb2c71b8d1b35e7",,"2024-05-06T08:25:00.000","30","NO CONTROLS","NO CONTROLS","CLEAR","DAYLIGHT","TURNING","FOUR WAY",,"STRAIGHT AND LEVEL","DRY","NO DEFECTS","ON SCENE","INJURY AND / OR TOW DUE TO CRASH","Y",,,"OVER $1,500","2024-05-06T10:15:00.000","NOT APPLICABLE","NOT APPLICABLE","821","N","CICERO AVE","1111",,,,,,,"2","REPORTED, NOT EVIDENT","2","0","0","0","2","1","0","8","2","5","41.89576355","-87.745680049","POINT (-87.745680049187 41.895763550063)"
"c03ed42ea9fec9ff889159761f4392d08162e02b20277dbe95c996db5796a918dd9706a00b2e7613d97371a4e63e2601edc30685a8571b5c6f30ba9e5c80e98a",,"2024-05-06T08:12:00.000","35","NO CONTROLS","NO CONTROLS","CLEAR","DAYLIGHT","ANGLE","DIVIDED - W/MEDIAN (NOT RAISED)",,"STRAIGHT AND LEVEL","DRY","NO DEFECTS","ON SCENE","INJURY AND / OR TOW DUE TO CRASH",,,,"OVER $1,500","2024-05-07T08:14:00.000","FAILING TO YIELD RIGHT-OF-WAY","NOT APPLICABLE","753","N","CICERO AVE","1111",,,,,,,"2","NO INDICATION OF INJURY","0","0","0","0","0","2","0","8","2","5","41.894761647","-87.745652942","POINT (-87.745652941983 41.894761646682)"
"82cedea821f17da0e61864f0ff71b8ef98340b3bce4a1cd5625bc53d3a6c1d680ee04bff3179585c76d0811a0d30c29e3f4a4ae4707070dd96a048ac95c6e63b","Y","2024-05-06T08:11:00.000","30","STOP SIGN/FLASHER","FUNCTIONING PROPERLY","CLEAR","DAYLIGHT","TURNING","FOUR WAY",,"STRAIGHT AND LEVEL","DRY","NO DEFECTS","NOT ON SCENE (DESK REPORT)","NO INJURY / DRIVE AWAY","Y",,,"$500 OR LESS","2024-05-06T08:55:00.000","UNABLE TO DETERMINE","UNABLE TO DETERMINE","10831","S","RACINE AVE","2234",,,,,,,"2","NO INDICATION OF INJURY","0","0","0","0","0","2","0","8","2","5","41.696540332","-87.652097493","POINT (-87.652097492876 41.696540331888)"
"776ca4059ccb61193d16715034dabf5c0c39a7104dd03d2789275c383836646c7716e43ee43399f49210dccf30b198590dca763e2551b541bf838d33a6aec28b",,"2024-05-06T08:10:00.000","30","NO CONTROLS","NO CONTROLS","CLEAR","DAYLIGHT","SIDESWIPE SAME DIRECTION","NOT DIVIDED",,"STRAIGHT AND LEVEL","DRY","NO DEFECTS","NOT ON SCENE (DESK REPORT)","NO INJURY / DRIVE AWAY",,,"Y","OVER $1,500","2024-05-06T08:40:00.000","IMPROPER LANE USAGE","NOT APPLICABLE","7600","S","GREENWOOD AVE","624",,,,,,,"2","NO INDICATION OF INJURY","0","0","0","0","0","3","0","8","2","5","41.756814928","-87.597515902","POINT (-87.597515901867 41.75681492836)"
"63e666a989c804dbd5602ac24948b2c19ce709be31c4e8145d1beeb7c91137e507aa43d08371cba2ff23952a55dbd778f16b56cc51bef030ed124e09cf8a05e3",,"2024-05-06T08:08:00.000","30","UNKNOWN","UNKNOWN","UNKNOWN","DAYLIGHT","REAR END","NOT DIVIDED",,"STRAIGHT AND LEVEL","UNKNOWN","UNKNOWN","NOT ON SCENE (DESK REPORT)","NO INJURY / DRIVE AWAY",,,,"$501 - $1,500","2024-05-06T08:19:00.000","UNABLE TO DETERMINE","NOT APPLICABLE","6901","S","WESTERN AVE","832",,,,,,,"2","NO INDICATION OF INJURY","0","0","0","0","0","4","0","8","2","5","41.768243972","-87.683193801","POINT (-87.683193800933 41.768243971967)"
"ed990e4ecae2ddb89e450ad82f086c0a7c1fc8425bca6c0d92d6c4dceb485e7dd1d3d1c7f8261cfb61709958858edf696524ab7550408d362370e63105da7c1e",,"2024-05-06T08:05:00.000","15","UNKNOWN","UNKNOWN","UNKNOWN","DAYLIGHT","SIDESWIPE SAME DIRECTION","ONE-WAY",,"STRAIGHT AND LEVEL","DRY","UNKNOWN","NOT ON SCENE (DESK REPORT)","NO INJURY / DRIVE AWAY",,,"Y","OVER $1,500","2024-05-06T11:10:00.000","NOT APPLICABLE","NOT APPLICABLE","5700","S","CICERO AVE","813",,,,,,,"2","NO INDICATION OF INJURY","0","0","0","0","0","3","0","8","2","5","41.789329323","-87.741645644","POINT (-87.741645644196 41.789329323265)"
"517b6df3360382533aa417907cc18253290513b5a2f86312a248c85b9106b91eee588aca9570ad615f5b1bb8d1989c17c2e04967f32d612e457c32565505944e",,"2024-05-06T08:00:00.000","30","TRAFFIC SIGNAL","FUNCTIONING PROPERLY","CLEAR","DAYLIGHT","TURNING","FOUR WAY",,"STRAIGHT AND LEVEL","DRY","NO DEFECTS","ON SCENE","INJURY AND / OR TOW DUE TO CRASH","Y",,,"OVER $1,500","2024-05-06T08:01:00.000","FAILING TO YIELD RIGHT-OF-WAY","FAILING TO REDUCE SPEED TO AVOID CRASH","4900","W","NORTH AVE","2533",,,,,,,"2","NO INDICATION OF INJURY","0","0","0","0","0","2","0","8","2","5","41.909694175","-87.749295653","POINT (-87.749295652768 41.909694174654)"
"6a7666e3a30291da4e7ab88152b05ac5a93650cce3c53208ab7d9b346f7ff1dde3697a34618d546523701aaf5067b8511549a16f1c18864e2d082b4b5953a176",,"2024-05-06T08:00:00.000","30","NO CONTROLS","NO CONTROLS","CLEAR","DAYLIGHT","SIDESWIPE SAME DIRECTION","NOT DIVIDED",,"STRAIGHT AND LEVEL","DRY","NO DEFECTS","NOT ON SCENE (DESK REPORT)","NO INJURY / DRIVE AWAY",,,,"OVER $1,500","2024-05-06T09:00:00.000","UNABLE TO DETERMINE","UNABLE TO DETERMINE","8224","S","DR MARTIN LUTHER KING JR DR","631",,,,,,,"2","NO INDICATION OF INJURY","0","0","0","0","0","2","0","8","2","5","41.744863922","-87.614946683","POINT (-87.614946682989 41.74486392172)"
"7c87a471ee12f31c9ddd07874802217bc4d37fd226bd54392bb4965a4a04a851ebeca0f1bc6e6ab4545822e991294d2e122079199a7cd0e0eb926e120b94e6ba",,"2024-05-06T08:00:00.000","30","NO CONTROLS","NO CONTROLS","CLEAR","DAYLIGHT","PARKED MOTOR VEHICLE","ONE-WAY",,"STRAIGHT AND LEVEL","DRY","NO DEFECTS","NOT ON SCENE (DESK REPORT)","NO INJURY / DRIVE AWAY",,,"Y","OVER $1,500","2024-05-06T19:20:00.000","OPERATING VEHICLE IN ERRATIC, RECKLESS, CARELESS, NEGLIGENT OR AGGRESSIVE MANNER","NOT APPLICABLE","6549","S","EBERHART AVE","321",,,,,,,"2","NO INDICATION OF INJURY","0","0","0","0","0","1","0","8","2","5","41.775205467","-87.612956716","POINT (-87.612956716051 41.775205467404)"
"d1ee1cc385170a8c25bd9ddb1fa1cedaeb2fa2b77a38facc95f81b009104f5d60c231d91df26799acc5b3b5b99d1f72da8a4b794367f729ad6714e4764db836a",,"2024-05-06T08:00:00.000","30","NO CONTROLS","NO CONTROLS","CLEAR","DAYLIGHT","SIDESWIPE SAME DIRECTION","DIVIDED - W/MEDIAN (NOT RAISED)",,"STRAIGHT AND LEVEL","DRY","NO DEFECTS","NOT ON SCENE (DESK REPORT)","NO INJURY / DRIVE AWAY",,,,"$501 - $1,500","2024-05-06T09:40:00.000","IMPROPER OVERTAKING/PASSING","NOT APPLICABLE","730","N","PULASKI RD","1111",,,,,,,"2","NO INDICATION OF INJURY","0","0","0","0","0","2","0","8","2","5","41.894448278","-87.726203048","POINT (-87.726203047904 41.894448278337)"
"e3a7d9d7362c4b3951f7e97afba364d9189388abb99aea5402b417c9e5e0dc0e033fb966bd72e057efc774620ac05fdc5383ad281ca57abc8ae85b6a7a9e1ca7",,"2024-05-06T08:00:00.000","30","TRAFFIC SIGNAL","FUNCTIONING PROPERLY","CLEAR","DAYLIGHT","TURNING","NOT DIVIDED",,"STRAIGHT AND LEVEL","DRY","NO DEFECTS","ON SCENE","NO INJURY / DRIVE AWAY",,,"Y","OVER $1,500","2024-05-06T08:20:00.000","IMPROPER TURNING/NO SIGNAL","FAILING TO YIELD RIGHT-OF-WAY","334","W","CHICAGO AVE","1823",,,,,,,"2","NO INDICATION OF INJURY","0","0","0","0","0","2","0","8","2","5","41.896662415","-87.63710138","POINT (-87.63710138046 41.896662415212)"