"crash_record_id","crash_date_est_i","crash_date","posted_speed_limit","traffic_control_device","device_condition","weather_condition","lighting_condition","first_crash_type","trafficway_type","lane_cnt","alignment","roadway_surface_cond","road_defect","report_type","crash_type","intersection_related_i","private_property_i","hit_and_run_i","damage","date_police_notified","prim_contributory_cause","sec_contributory_cause","street_no","street_direction","street_name","beat_of_occurrence","photos_taken_i","statements_taken_i","dooring_i","work_zone_i","work_zone_type","workers_present_i","num_units","most_severe_injury","injuries_total","injuries_fatal","injuries_incapacitating","injuries_non_incapacitating","injuries_reported_not_evident","injuries_no_indication","injuries_unknown","crash_hour","crash_day_of_week","crash_month","latitude","longitude","location"
"1a50314fec477d6398e91199e334a0b605624805274dcb1cd275e868c70a0635fe26895fdee480d401f527087e1b5ea648fe7a6dbd97080a8dd3f14e29f16086",,"2024-05-06T07:53:00.000","30","NO CONTROLS","NO CONTROLS","CLEAR","DAYLIGHT","SIDESWIPE SAME DIRECTION","FOUR WAY",,"STRAIGHT AND LEVEL","DRY","NO DEFECTS","ON SCENE","NO INJURY / DRIVE AWAY",,,,"OVER $1,500","2024-05-06T07:54:00.000","FAILING TO YIELD RIGHT-OF-WAY","NOT APPLICABLE","5200","S","ASHLAND AVE","932",,,,,,,"2","NO INDICATION OF INJURY","0","0","0","0","0","2","0","7","2","5","41.799400788","-87.664877943","POINT (-87.664877942847 41.799400787702)"
"0dcf730412fb28617ac3c1299ad8c36f59af062ac2f4ac2140e0e5029cabddcf500c079e6bc745ecc6e68b231c986df1f42981230a3e63b33eec385f2bbe1cec",,"2024-05-06T07:50:00.000","30","STOP SIGN/FLASHER","NO CONTROLS","CLEAR","DAYLIGHT","TURNING","DIVIDED - W/MEDIAN (NOT RAISED)",,"STRAIGHT AND LEVEL","DRY","NO DEFECTS","NOT ON SCENE (DESK REPORT)","NO INJURY / DRIVE AWAY","Y",,,"OVER $1,500","2024-05-06T09:55:00.000","FAILING TO YIELD RIGHT-OF-WAY","NOT APPLICABLE","228","E","PERSHING RD","212",,,,,,,"2","NO INDICATION OF INJURY","0","0","0","0","0","2","0","7","2","5","41.823899277","-87.620458102","POINT (-87.620458102015 41.823899277405)"
"1480e97550db7edba4de657655045cf738805966537348cac21f22b8fbe41fdc406daba173e44a6ec4015253e3de21b7138a96721f349b15d1f899fb3ba6bf44",,"2024-05-06T07:50:00.000","35","NO CONTROLS","NO CONTROLS","CLEAR","DAYLIGHT","ANGLE","ONE-WAY",,"STRAIGHT AND LEVEL","DRY","NO DEFECTS","ON SCENE","INJURY AND / OR TOW DUE TO CRASH","Y","Y",,"OVER $1,500","2024-05-06T08:00:00.000","UNABLE TO DETERMINE","DRIVING SKILLS/KNOWLEDGE/EXPERIENCE","2548","W","57TH ST","824",,,,,,,"2","NONINCAPACITATING INJURY","2","0","0","2","0","3","0","7","2","5","41.79025189","-87.688338674","POINT (-87.68833867419 41.790251890171)"
"8f3236a04b6f46a265c45ab61cdc680c3301fb7ecfb9b7a1050240e6e9be7941bca57a8ead95eb90bc05bbe870310e335a27c9d06cb4df0549f28430e58de3f3",,"2024-05-06T07:50:00.000","30","UNKNOWN","UNKNOWN","UNKNOWN","UNKNOWN","SIDESWIPE SAME DIRECTION","NOT DIVIDED",,"STRAIGHT AND LEVEL","UNKNOWN","UNKNOWN","NOT ON SCENE (DESK REPORT)","NO INJURY / DRIVE AWAY",,,,"$500 OR LESS","2024-05-06T14:24:00.000","UNABLE TO DETERMINE","UNABLE TO DETERMINE","1642","W","COLUMBIA AVE","2432",,,,,,,"2","NO INDICATION OF INJURY","0","0","0","0","0","2","0","7","2","5","42.004509129","-87.672289926","POINT (-87.672289926018 42.004509129211)"
"ce345dd0c1959866392a2a27680af7d6cd8d16f28be3de8638e657dccae83fcae4fe12cfb383437a730161ea2d74a7122c4ff4cf83251e0b7179149a7673fd89",,"2024-05-06T07:35:00.000","30","STOP SIGN/FLASHER","FUNCTIONING PROPERLY","CLEAR","DAYLIGHT","REAR END","DIVIDED - W/MEDIAN (NOT RAISED)",,"STRAIGHT AND LEVEL","DRY","NO DEFECTS","ON SCENE","NO INJURY / DRIVE AWAY","Y",,,"$501 - $1,500","2024-05-06T07:37:00.000","IMPROPER BACKING","DRIVING SKILLS/KNOWLEDGE/EXPERIENCE","3550","S","RICHMOND ST","911",,,,,,,"2","NO INDICATION OF INJURY","0","0","0","0","0","2","0","7","2","5","41.82964002","-87.698256719","POINT (-87.698256718879 41.829640019835)"
"6e0ed30fcd5752b7a6deadd3ba6838239287583d405dd6d27a2b1e5275388ba64048cec43b2d962d19754cc4b642cad997a8ed327aefaf151c3ebbfa70ba4e76",,"2024-05-06T07:30:00.000","30","NO CONTROLS","NO CONTROLS","CLEAR","DAYLIGHT","REAR END","NOT DIVIDED",,"STRAIGHT AND LEVEL","DRY","NO DEFECTS","NOT ON SCENE (DESK REPORT)","NO INJURY / DRIVE AWAY",,,,"OVER $1,500","2024-05-06T08:00:00.000","UNABLE TO DETERMINE","NOT APPLICABLE","4141","N","MARINE DR","1915",,,,,,,"2","NO INDICATION OF INJURY","0","0","0","0","0","2","0","7","2","5","41.95687032","-87.645835843","POINT (-87.64583584295 41.956870320402)"
"2f97f4fcf495b90c59ef2e29e20495b392cec48efd0348576f12d33e2d3fbf80f7535ab3ae913088902df12b3ee556a7fb6fe36a26c6c9bc1b1c97695de74b08",,"2024-05-06T07:28:00.000","30","TRAFFIC SIGNAL","FUNCTIONING PROPERLY","CLEAR","DAYLIGHT","REAR END","FOUR WAY",,"STRAIGHT AND LEVEL","DRY","NO DEFECTS","ON SCENE","NO INJURY / DRIVE AWAY","Y",,"Y","OVER $1,500","2024-05-06T07:34:00.000","FOLLOWING TOO CLOSELY","FAILING TO REDUCE SPEED TO AVOID CRASH","11101","S","WESTERN AVE","2212",,,,,,,"2","NO INDICATION OF INJURY","0","0","0","0","0","2","0","7","2","5","41.691732174","-87.681007298","POINT (-87.681007297709 41.691732173935)"
"a64b3ac2f2a3ed0c32bf87930ddc55bf141bc828ca8ff81c04d63e55f0138666df23ac70c42e97fba5bfcbbcedb8ef33cacf33932a570843d53d4d14885a1f81",,"2024-05-06T07:25:00.000","30","NO CONTROLS","NO CONTROLS","CLEAR","DAYLIGHT","SIDESWIPE SAME DIRECTION","DIVIDED - W/MEDIAN BARRIER",,"STRAIGHT AND LEVEL","DRY","NO DEFECTS","NOT ON SCENE (DESK REPORT)","NO INJURY / DRIVE AWAY","Y",,,"OVER $1,500","2024-05-06T08:00:00.000","DISREGARDING ROAD MARKINGS","FAILING TO YIELD RIGHT-OF-WAY","528","W","NORTH AVE","1813",,,,,,,"2","NO INDICATION OF INJURY","0","0","0","0","0","5","0","7","2","5","41.911172339","-87.642167156","POINT (-87.642167155619 41.911172339484)"
"c3a3f4f4cb5eb2d9a1067476653a7d02bc8d197425d902634a78914e26bc43cbceaf27db60174199114fae38bbdbbdf848fe00b9c65bb1f08f2c3f7050085384",,"2024-05-06T07:16:00.000","35","STOP SIGN/FLASHER","FUNCTIONING PROPERLY","CLEAR","DAYLIGHT","SIDESWIPE SAME DIRECTION","DIVIDED - W/MEDIAN (NOT RAISED)",,"STRAIGHT AND LEVEL","DRY","NO DEFECTS","ON SCENE","NO INJURY / DRIVE AWAY",,,"Y","OVER $1,500","2024-05-06T07:16:00.000","IMPROPER OVERTAKING/PASSING","UNABLE TO DETERMINE","8558","S","PULASKI RD","834",,,,,,,"2","NO INDICATION OF INJURY","0","0","0","0","0","9","0","7","2","5","41.736728472","-87.721643661","POINT (-87.721643660608 41.736728471688)"
"d4cf3bf97224565bab642f5a4343cedf6cee092cef5f9daed9e4c3b13add36096a04d18a52d20fb2b5c928f80b89acb3504d660cda88ab8392527f9150f317f9",,"2024-05-06T07:15:00.000","30","NO CONTROLS","NO CONTROLS","CLEAR","DAYLIGHT","SIDESWIPE SAME DIRECTION","NOT DIVIDED",,"STRAIGHT AND LEVEL","DRY","NO DEFECTS","NOT ON SCENE (DESK REPORT)","NO INJURY / DRIVE AWAY",,,,"$501 - $1,500","2024-05-06T17:07:00.000","IMPROPER OVERTAKING/PASSING","NOT APPLICABLE","7001","S","CICERO AVE","833",,,,,,,"2","NO INDICATION OF INJURY","0","0","0","0","0","2","0","7","2","5","41.765872917","-87.741787502","POINT (-87.741787501557 41.765872917377)"
"1a1ed8324fc9731cab7adb9cdb7faa17cb724fef30bd5fbcf8fb30eaaa597e2252a87408d39242998372682b08cee9c1f057a57618bef5cf8f26e45e8ace3caa",,"2024-05-06T07:10:00.000","25","NO CONTROLS","NO CONTROLS","CLEAR","DAYLIGHT","REAR END","DIVIDED - W/MEDIAN BARRIER",,"STRAIGHT AND LEVEL","DRY","UNKNOWN","NOT ON SCENE (DESK REPORT)","NO INJURY / DRIVE AWAY",,,,"OVER $1,500","2024-05-06T07:40:00.000","UNABLE TO DETERMINE","UNABLE TO DETERMINE","6100","N","CLARK ST","2433",,,,,,,"2","NO INDICATION OF INJURY","0","0","0","0","0","2","0","7","2","5","41.992916802","-87.670245864","POINT (-87.670245864354 41.992916802489)"
"7b0c1c3a96fde8b49c763eeb061cb62e3a66de5e5a8fbc995e363db19543249bcc1e1197a16b9d9aa395425a089258b522363863abb6c7afa70313791a7e7f88","Y","2024-05-06T07:00:00.000","25","NO CONTROLS","NO CONTROLS","UNKNOWN","UNKNOWN","PARKED MOTOR VEHICLE","ONE-WAY",,"STRAIGHT AND LEVEL","UNKNOWN","UNKNOWN","ON SCENE","NO INJURY / DRIVE AWAY",,,"Y","OVER $1,500","2024-05-06T08:13:00.000","DRIVING SKILLS/KNOWLEDGE/EXPERIENCE","UNABLE TO DETERMINE","3048","S","HARDING AVE","1031",,,,,,,"3","NO INDICATION OF INJURY","0","0","0","0","0","1","0","7","2","5","41.83727858","-87.723286246","POINT (-87.723286246227 41.837278579729)"
"99125e7765ef25a941a78df08700f9f9dfed973046a6738700cd0cc549f8321b0f55ad218b76e336fc4666aa2e755b0322730c5570485ef0f2d99143df3668b3",,"2024-05-06T06:52:00.000","25","NO CONTROLS","NO CONTROLS","CLEAR","DAYLIGHT","TURNING","NOT DIVIDED",,"STRAIGHT AND LEVEL","DRY","NO DEFECTS","ON SCENE","INJURY AND / OR TOW DUE TO CRASH",,,,"OVER $1,500","2024-05-06T06:52:00.000","UNABLE TO DETERMINE","NOT APPLICABLE","6220","S","KENWOOD AVE","314",,,,,,,"2","REPORTED, NOT EVIDENT","3","0","0","0","3","1","0","6","2","5","41.781714647","-87.593230634","POINT (-87.593230634444 41.781714647189)"
"30b6c94c2aa0b887994b05f992b9c6786a0c6b7e5e2cb1a6a56c80c55637f67d6a43e351f36ecc4b01c7f209768e780729d8bb17d891412345d1967611e5af33",,"2024-05-06T06:50:00.000","30","STOP SIGN/FLASHER","OTHER","CLEAR","DAYLIGHT","PARKED MOTOR VEHICLE","ONE-WAY",,"STRAIGHT AND LEVEL","DRY","NO DEFECTS","NOT ON SCENE (DESK REPORT)","NO INJURY / DRIVE AWAY",,,"Y","$501 - $1,500","2024-05-07T15:45:00.000","UNABLE TO DETERMINE","UNABLE TO DETERMINE","7215","S","RHODES AVE","323",,,,,,,"2","NO INDICATION OF INJURY","0","0","0","0","0","1","0","6","2","5","41.763462882","-87.611433712","POINT (-87.611433712142 41.763462881523)"
"059b080739aa01d6abd463bfa7b5f7d8a7cebc31197555ae90aa307087f5b6e3705ca311a91579391e8b2c131401a1e037f4c29103816213c70987744b1ef08f",,"2024-05-06T06:47:00.000","35","TRAFFIC SIGNAL","UNKNOWN","CLEAR","DAYLIGHT","REAR END","FOUR WAY",,"STRAIGHT AND LEVEL","DRY","UNKNOWN","ON SCENE","NO INJURY / DRIVE AWAY","Y",,,"$500 OR LESS","2024-05-06T06:51:00.000","UNABLE TO DETERMINE","NOT APPLICABLE","2403","W","PETERSON AVE","2011",,,,,,,"2","NO INDICATION OF INJURY","0","0","0","0","0","2","0","6","2","5","41.990388481","-87.689814413","POINT (-87.68981441287 41.990388481187)"
"ced53e534dfd887475f2f5c0bc032201ffa7d77a6eeeb58318e38b040874ff140bd96cb54a2bbd6570854468bd4fc66eaf47e229dd3c794ca0441f2c7ccbff98",,"2024-05-06T06:30:00.000","30","TRAFFIC SIGNAL","FUNCTIONING PROPERLY","CLEAR","DAYLIGHT","TURNING","NOT DIVIDED",,"STRAIGHT AND LEVEL","DRY","NO DEFECTS","ON SCENE","NO INJURY / DRIVE AWAY","Y",,,"OVER $1,500","2024-05-06T06:35:00.000","DISREGARDING TRAFFIC SIGNALS","DISREGARDING TRAFFIC SIGNALS","3958","N","MILWAUKEE AVE","1731",,,,,,,"2","NO INDICATION OF INJURY","0","0","0","0","0","2","0","6","2","5","41.952680429","-87.746366023","POINT (-87.746366023316 41.952680428872)"
"f5eff77183cd0304745d77bd87f468b2de84c6435652514426c7f6046b894b1845fb5ce4a0d4bd9737df75e67afe0dd98dbf5487bed290fa9f4046f61d7c927d",,"2024-05-06T06:30:00.000","30","TRAFFIC SIGNAL","UNKNOWN","CLEAR","DAYLIGHT","SIDESWIPE SAME DIRECTION","DIVIDED - W/MEDIAN BARRIER",,"STRAIGHT AND LEVEL","UNKNOWN","UNKNOWN","NOT ON SCENE (DESK REPORT)","NO INJURY / DRIVE AWAY",,,"Y","OVER $1,500","2024-05-06T08:00:00.000","UNABLE TO DETERMINE","UNABLE TO DETERMINE","5639","N","CUMBERLAND AVE","1614",,,,,,,"2","NO INDICATION OF INJURY","0","0","0","0","0","2","0","6","2","5","41.981809621","-87.83643426","POINT (-87.836434259821 41.981809621386)"
"1bbdd01a7eed9ee8a3a3a4c12ca52e58339f9534b25fe343e5e58b844aa51bd39d6524ae0ab6eb9b51cb03e0e0fb14d02e998a8ddfdf65e607b50e42f4b070ea",,"2024-05-06T06:25:00.000","25","NO CONTROLS","UNKNOWN","CLEAR","DAWN","PEDESTRIAN","ONE-WAY",,"STRAIGHT AND LEVEL","DRY","NO DEFECTS","ON SCENE","INJURY AND / OR TOW DUE TO CRASH",,,"Y","$500 OR LESS","2024-05-06T06:27:00.000","UNABLE TO DETERMINE","NOT APPLICABLE","4840","S","HERMITAGE AVE","931",,,,,,,"2","REPORTED, NOT EVIDENT","1","0","0","0","1","1","0","6","2","5","41.805526723","-87.668681956","POINT (-87.668681955646 41.805526722545)"
"db534ccc3edc8fe2ce5ccce96250daa5458a350406ab1eb8a78bff7659a170b27830b3402637162b5d9c714b74f988496bee925d773cb991b375ab8103d75cda",,"2024-05-06T06:05:00.000","10","NO CONTROLS","NO CONTROLS","UNKNOWN","UNKNOWN","PARKED MOTOR VEHICLE","PARKING LOT",,"STRAIGHT AND LEVEL","UNKNOWN","UNKNOWN","NOT ON SCENE (DESK REPORT)","NO INJURY / DRIVE AWAY",,"Y","N","OVER $1,500","2024-05-06T15:30:00.000","UNABLE TO DETERMINE","NOT APPLICABLE","1225","W","CHASE AVE","2423",,,,,,,"2","NO INDICATION OF INJURY","0","0","0","0","0","1","0","6","2","5","42.013848871","-87.663134968","POINT (-87.663134968184 42.013848870538)"
"cb951fc7b4856f3c140cdf976cf494d9ea20dfb5d0681a13a5466754eb84c7470e8c06978388b4d00443abd71afd4c22d99200f09ce8df553ea7ac55617620f7",,"2024-05-06T05:55:00.000","30","TRAFFIC SIGNAL","FUNCTIONING PROPERLY","CLEAR","DAYLIGHT","TURNING","DIVIDED - W/MEDIAN (NOT RAISED)",,"STRAIGHT AND LEVEL","DRY","NO DEFECTS","NOT ON SCENE (DESK REPORT)","INJURY AND / OR TOW DUE TO CRASH","Y",,,"$501 - $1,500","2024-05-06T06:55:00.000","UNABLE TO DETERMINE","NOT APPLICABLE","1958","W","59TH ST","715",,,,,,,"2","NO INDICATION OF INJURY","0","0","0","0","0","3","0","5","2","5","41.786737443","-87.674039784","POINT (-87.674039783769 41.786737443357)"
"2f1ddc7d9dcdc102579b81249b2723eb56910d05e1a60ae25acc73168bfc678713558412a12a02ad719e7931df0544e7bd8afc26effa7bf5912fbc76909140e3",,"2024-05-06T05:40:00.000","30","STOP SIGN/FLASHER","NO CONTROLS","CLEAR","DAWN","ANGLE","NOT DIVIDED",,"STRAIGHT AND LEVEL","DRY","NO DEFECTS","ON SCENE","INJURY AND / OR TOW DUE TO CRASH",,,"Y","OVER $1,500","2024-05-06T05:40:00.000","UNABLE TO DETERMINE","NOT APPLICABLE","7654","S","MORGAN ST","612",,,,,,,"2","REPORTED, NOT EVIDENT","1","0","0","0","1","1","0","5","2","5","41.754412211","-87.64913983","POINT (-87.64913982989 41.754412211486)"
"cf59a60b889806f4ced94e175c4d93022c99954a3bf1de86a8dd7a8c0c0b5a9ff8f80e0206d47e0c6bc61252133893487ab27995f9554acd7c8275c70669df0c",,"2024-05-06T05:17:00.000","30","NO CONTROLS","NO CONTROLS","CLEAR","DARKNESS, LIGHTED ROAD","PARKED MOTOR VEHICLE","FOUR WAY",,"STRAIGHT AND LEVEL","DRY","NO DEFECTS","ON SCENE","INJURY AND / OR TOW DUE TO CRASH","Y",,,"OVER $1,500","2024-05-06T05:20:00.000","UNABLE TO DETERMINE","UNABLE TO DETERMINE","3839","W","GRAND AVE","2535",,,,,,,"3","REPORTED, NOT EVIDENT","1","0","0","0","1","1","0","5","2","5","41.90461575","-87.722839902","POINT (-87.722839901584 41.904615749576)"
"9454c6a9b38669bcc44da5f7da942063dff256f7f0bbeb3cfab9a81a1257bf82e11cd0c8c27abb81f8d1922be3783125e1a43d92f1810496678b0a57d646c705",,"2024-05-06T04:45:00.000","30","TRAFFIC SIGNAL","FUNCTIONING PROPERLY","CLEAR","DARKNESS, LIGHTED ROAD","TURNING","FOUR WAY",,"STRAIGHT AND LEVEL","DRY","NO DEFECTS","NOT ON SCENE (DESK REPORT)","NO INJURY / DRIVE AWAY","Y",,"Y","OVER $1,500","2024-05-06T05:15:00.000","UNABLE TO DETERMINE","UNABLE TO DETERMINE","3700","S","KEDZIE AVE","911",,,,,,,"2","NO INDICATION OF INJURY","0","0","0","0","0","2","0","4","2","5","41.826221605","-87.704650314","POINT (-87.704650314326 41.82622160482)"
"08f6d1b80e93f032548ce1202bf1df810d500e743f2755bebba3975c07e8a05e6a62ad5b0eb788e2a2f783e0eae5139d904a635ec13244a79636f8b9bd28f055","Y","2024-05-06T04:20:00.000","30","TRAFFIC SIGNAL","FUNCTIONING PROPERLY","CLEAR","DARKNESS, LIGHTED ROAD","TURNING","FOUR WAY",,"STRAIGHT AND LEVEL","DRY","NO DEFECTS","ON SCENE","INJURY AND / OR TOW DUE TO CRASH",,,,"OVER $1,500","2024-05-06T04:20:00.000","FAILING TO YIELD RIGHT-OF-WAY","NOT APPLICABLE","7201","W","DEVON AVE","1611",,,,,,,"2","NO INDICATION OF INJURY","0","0","0","0","0","2","0","4","2","5","41.997659853","-87.806842899","POINT (-87.806842898974 41.997659853376)"
"4d968e990bc3c8b8f738e448d99786decab84cb9d9bb9aeb28354feeee6ab2971569ad7162a6b68f544f62d084ed94417f8a42d6bbb6fc51e4a4c915650e0acb",,"2024-05-06T04:20:00.000","30","TRAFFIC SIGNAL","FUNCTIONING PROPERLY","CLEAR","DARKNESS, LIGHTED ROAD","ANGLE","FOUR WAY",,"STRAIGHT AND LEVEL","DRY","NO DEFECTS","ON SCENE","INJURY AND / OR TOW DUE TO CRASH","Y",,,"OVER $1,500","2024-05-06T04:21:00.000","UNABLE TO DETERMINE","FAILING TO YIELD RIGHT-OF-WAY","800","S","CENTRAL PARK AVE","1133",,,,,,,"2","NO INDICATION OF INJURY","0","0","0","0","0","2","0","4","2","5","41.870791976","-87.715704365","POINT (-87.71570436515 41.870791976149)"
"c009d996631b5f0419ec8787632de52af1b41d585b0b549ffd6aae3b95f56e6c6e919d64e8c1110a35313120b647c17c11d8bd2e91c1024c1d3c544ced1923e6",,"2024-05-06T04:20:00.000","30","NO CONTROLS","NO CONTROLS","CLEAR","DAYLIGHT","ANGLE","ALLEY",,"STRAIGHT AND LEVEL","DRY","NO DEFECTS","ON SCENE","NO INJURY / DRIVE AWAY","Y",,,"OVER $1,500","2024-05-06T04:26:00.000","FAILING TO YIELD RIGHT-OF-WAY","NOT APPLICABLE","4809","N","LAWNDALE AVE","1712",,,,,,,"2","NO INDICATION OF INJURY","0","0","0","0","0","2","0","4","2","5","41.96864123","-87.720559274","POINT (-87.720559274392 41.968641229907)"
"93239cf6a09fa638f14d56f17f3092a4e36f0eb297ef4eada0a8ac8a592a0f7d09707c5fe3c4a39a45c78133e6135f18dcdb653d3c9a12984bffa73d4c9fdf76",,"2024-05-06T03:57:00.000","30","NO CONTROLS","NO CONTROLS","CLEAR","DARKNESS, LIGHTED ROAD","SIDESWIPE SAME DIRECTION","RAMP",,"STRAIGHT AND LEVEL","DRY","UNKNOWN","ON SCENE","INJURY AND / OR TOW DUE TO CRASH",,,,"OVER $1,500","2024-05-06T03:57:00.000","FAILING TO YIELD RIGHT-OF-WAY","IMPROPER LANE USAGE","335","W","ONTARIO ST","1831",,,,,,,"3","NONINCAPACITATING INJURY","4","0","0","1","3","1","0","3","2","5","41.893037196","-87.637004223","POINT (-87.637004223232 41.893037195577)"
"60b044f561bdea08276de5e8bbef47b5b646a61200335f3069f87a4c41aaa5e10130315f3841a1855d5f2cc3465b0f4af083e82659416cb9e5b1d12797241ace",,"2024-05-06T03:35:00.000","35","TRAFFIC SIGNAL","UNKNOWN","CLEAR","DARKNESS, LIGHTED ROAD","TURNING","FOUR WAY",,"STRAIGHT AND LEVEL","DRY","UNKNOWN","ON SCENE","INJURY AND / OR TOW DUE TO CRASH","Y",,"Y","OVER $1,500","2024-05-06T03:38:00.000","DISREGARDING TRAFFIC SIGNALS","UNABLE TO DETERMINE","5500","S","WENTWORTH AVE","225",,,,,,,"2","NONINCAPACITATING INJURY","1","0","0","1","0","1","0","3","2","5",,,
"ff97a33c2a56513014d8639b9c8a9273fb7ca0429216c41b6d9d3254689b83ec628a125b5aa1bace149c3cf49b78dc2d7f6901663629cf12005054898b6b11be",,"2024-05-06T03:30:00.000","30","TRAFFIC SIGNAL","FUNCTIONING PROPERLY","CLEAR","DARKNESS, LIGHTED ROAD","FIXED OBJECT","DIVIDED - W/MEDIAN BARRIER",,"STRAIGHT AND LEVEL","DRY","NO DEFECTS","ON SCENE","INJURY AND / OR TOW DUE TO CRASH",,,"N","OVER $1,500","2024-05-06T04:07:00.000","DRIVING ON WRONG SIDE/WRONG WAY","NOT APPLICABLE","198","W","WACKER DR","122",,,,,,,"1","NO INDICATION OF INJURY","0","0","0","0","0","2","0","3","2","5","41.887041742","-87.633890937","POINT (-87.633890937092 41.887041742144)"
"2e1dd33472afe9820213794b33701c74983afbd7c09848a7e013c15cb892868f7a8ecf4f015b60130c89171f0fa81a5b82c0ddcd17335ae2bc87d42e983c480f","Y","2024-05-06T03:16:00.000","20","STOP SIGN/FLASHER","FUNCTIONING PROPERLY","CLEAR","DARKNESS, LIGHTED ROAD","FIXED OBJECT","NOT DIVIDED",,"STRAIGHT AND LEVEL","DRY","NO DEFECTS","ON SCENE","INJURY AND / OR TOW DUE TO CRASH","N",,,"OVER $1,500","2024-05-06T03:16:00.000","PHYSICAL CONDITION OF DRIVER","NOT APPLICABLE","3157","S","MAY ST","913",,,,,,,"1","INCAPACITATING INJURY","2","0","1","1","0","0","0","3","2","5","41.83622894","-87.654607467","POINT (-87.654607466638 41.836228939541)"
"435d8a5c77cf7863c83a8eb9f67504e2967b7587dbbe11a4f4b194ea287fe698d150da674c69fb6def9e0b5ebcfd97baec27106ce4eb196014170b51c4ec9c54",,"2024-05-06T03:07:00.000","30","TRAFFIC SIGNAL","FUNCTIONING PROPERLY","CLEAR","DARKNESS, LIGHTED ROAD","ANGLE","NOT DIVIDED",,"STRAIGHT AND LEVEL","DRY","NO DEFECTS","ON SCENE","INJURY AND / OR TOW DUE TO CRASH","Y",,,"OVER $1,500","2024-05-06T03:15:00.000","DISREGARDING TRAFFIC SIGNALS","DISREGARDING TRAFFIC SIGNALS","3200","W","111TH ST","2211",,,,,,,"2","NO INDICATION OF INJURY","0","0","0","0","0","3","0","3","2","5","41.691676914","-87.700891901","POINT (-87.700891900592 41.691676913525)"
"2aa8619d934647fc48f8afb67f167a77e6263407a13d2f190fe219068c08d636d509dd6baaff2950c34af0f4ac5dbe077e443a6691c1bda4ccb30776550aba2e",,"2024-05-06T03:05:00.000","30","NO CONTROLS","NO CONTROLS","CLEAR","DARKNESS, LIGHTED ROAD","PARKED MOTOR VEHICLE","ONE-WAY",,"STRAIGHT AND LEVEL","DRY","NO DEFECTS","ON SCENE","INJURY AND / OR TOW DUE TO CRASH",,,,"OVER $1,500","2024-05-06T03:36:00.000","UNABLE TO DETERMINE","NOT APPLICABLE","3152","N","RIDGEWAY AVE","2523",,,,,,,"2","NO INDICATION OF INJURY","0","0","0","0","0","1","0","3","2","5","41.938638994","-87.720825985","POINT (-87.720825984755 41.938638993777)"
"38485e0407f33528fc2ebedd74b533d85a9ac29fa7091ab6222d8e38f3cdb2874105a7f8582bef70c4523c65b7cb3001fb37ceccd8424787d5e6e19466050726",,"2024-05-06T02:52:00.000","30","TRAFFIC SIGNAL","FUNCTIONING PROPERLY","CLEAR","DARKNESS, LIGHTED ROAD","ANGLE","DIVIDED - W/MEDIAN (NOT RAISED)",,"STRAIGHT AND LEVEL","DRY","NO DEFECTS",,"INJURY AND / OR TOW DUE TO CRASH","Y",,"N","OVER $1,500","2024-05-06T02:55:00.000","DISREGARDING TRAFFIC SIGNALS","FAILING TO YIELD RIGHT-OF-WAY","600","N","ORLEANS ST","1831",,,,,,,"2","NONINCAPACITATING INJURY","2","0","0","2","0","1","0","2","2","5","41.892410666","-87.63720268","POINT (-87.637202679986 41.892410665824)"
"156df5734d63f5f11dc67ad70ef442227d51ae359aaab6f5b3e5554710acebb8b639242a8224bf414458ef48f2b9aa0ff3e3c4a8b8d0567e3d5eed8f56530868",,"2024-05-06T02:25:00.000","30","STOP SIGN/FLASHER","FUNCTIONING PROPERLY","CLEAR","DARKNESS, LIGHTED ROAD","FIXED OBJECT","NOT DIVIDED",,"STRAIGHT AND LEVEL","DRY","NO DEFECTS","ON SCENE","INJURY AND / OR TOW DUE TO CRASH",,"Y","Y","OVER $1,500","2024-05-06T02:25:00.000","UNABLE TO DETERMINE","NOT APPLICABLE","2304","S","HOYNE AVE","1034",,,,,,,"1","NO INDICATION OF INJURY","0","0","0","0","0","1","0","2","2","5","41.850151682","-87.678387648","POINT (-87.678387647892 41.850151682195)"
"9f43b878177c5931e05c6f67e869ebb8c1a811da644ce802ebd8cedd3d81e51f9dce6f9f018c3d7efb877101ab20ccd38c4fec468f6e9c59da626830ed964956",,"2024-05-06T02:20:00.000","30","NO CONTROLS","NOT FUNCTIONING","CLEAR","DARKNESS","PARKED MOTOR VEHICLE","DIVIDED - W/MEDIAN (NOT RAISED)",,"STRAIGHT AND LEVEL","WET","NO DEFECTS","ON SCENE","INJURY AND / OR TOW DUE TO CRASH",,,"Y","OVER $1,500","2024-05-06T02:20:00.000","UNABLE TO DETERMINE","UNABLE TO DETERMINE","5414","W","DIVERSEY AVE","2514",,,,,,,"4","NO INDICATION OF INJURY","0","0","0","0","0","1","0","2","2","5","41.931439439","-87.761949782","POINT (-87.761949782443 41.931439438749)"