"crash_record_id","crash_date_est_i","crash_date","posted_speed_limit","traffic_control_device","device_condition","weather_condition","lighting_condition","first_crash_type","trafficway_type","lane_cnt","alignment","roadway_surface_cond","road_defect","report_type","crash_type","intersection_related_i","private_property_i","hit_and_run_i","damage","date_police_notified","prim_contributory_cause","sec_contributory_cause","street_no","street_direction","street_name","beat_of_occurrence","photos_taken_i","statements_taken_i","dooring_i","work_zone_i","work_zone_type","workers_present_i","num_units","most_severe_injury","injuries_total","injuries_fatal","injuries_incapacitating","injuries_non_incapacitating","injuries_reported_not_evident","injuries_no_indication","injuries_unknown","crash_hour","crash_day_of_week","crash_month","latitude","longitude","location"
"75a5da27bdb196553afcb464c1adc8e8434a08a7b29e21394098087d43194ad90204ef937abc44746f238499ffb4b54fb4224664708fde61fac76769247020e4",,"2024-05-06T01:40:00.000","30","RAILROAD CROSSING GATE","FUNCTIONING PROPERLY","CLEAR","DARKNESS, LIGHTED ROAD","REAR END","DIVIDED - W/MEDIAN (NOT RAISED)",,"STRAIGHT AND LEVEL","DRY","NO DEFECTS","NOT ON SCENE (DESK REPORT)","NO INJURY / DRIVE AWAY",,,,"$501 - $1,500","2024-05-06T02:39:00.000","DRIVING SKILLS/KNOWLEDGE/EXPERIENCE","NOT APPLICABLE","525","E","130TH ST","533",,,,,,,"2","NO INDICATION OF INJURY","0","0","0","0","0","3","0","1","2","5","41.659024722","-87.609091398","POINT (-87.609091397733 41.659024721797)"
"648cf4659ca0ffcbdd569eeb3ecc6f6f6060ddfad46f2113709e94ecd9b5ac58be56f32a7b511d9e0a13637c9e9f12ec02c2d07da271f0cb5477644f0904aa48","Y","2024-05-06T01:10:00.000","20","UNKNOWN","UNKNOWN","CLEAR","UNKNOWN","OTHER OBJECT","UNKNOWN",,"STRAIGHT AND LEVEL","UNKNOWN","UNKNOWN","ON SCENE","NO INJURY / DRIVE AWAY",,,,"OVER $1,500","2024-05-06T01:31:00.000","UNABLE TO DETERMINE","UNABLE TO DETERMINE","11058","S","PERRY AVE","513",,"N",,,,,"2","NO INDICATION OF INJURY","0","0","0","0","0","1","0","1","2","5","41.692588928","-87.625985118","POINT (-87.625985118168 41.692588927957)"
"aa7117a3b4fef7fe7bbf6f4a06ab14204e22f3e350f04a7ea11134cb4c01c5369aafe00d4f80fa878955c6a6ae70fdd19db6b4e269b9e80ae73ad83560098b14",,"2024-05-06T01:10:00.000","35","TRAFFIC SIGNAL","FUNCTIONING PROPERLY","CLEAR","DARKNESS, LIGHTED ROAD","ANGLE","FOUR WAY",,"STRAIGHT AND LEVEL","DRY","NO DEFECTS","ON SCENE","INJURY AND / OR TOW DUE TO CRASH","Y",,"Y","OVER $1,500","2024-05-06T01:10:00.000","DISREGARDING TRAFFIC SIGNALS","OPERATING VEHICLE IN ERRATIC, RECKLESS, CARELESS, NEGLIGENT OR AGGRESSIVE MANNER","301","E","LOWER WACKER DR","114",,,,,,,"2","NO INDICATION OF INJURY","0","0","0","0","0","2","0","1","2","5","41.887672221","-87.62057394","POINT (-87.620573939863 41.887672220686)"
"f9aa16967b2e3949e4760df41ac9071e773f81695f114263cfd613783b86e510ed69109f7ac3526817467ce3a61f4fd98fdffacfd13a6f511edccef1907b3bc2",,"2024-05-06T01:10:00.000","30","NO CONTROLS","NO CONTROLS","CLEAR","DARKNESS, LIGHTED ROAD","PARKED MOTOR VEHICLE","ONE-WAY",,"STRAIGHT AND LEVEL","DRY","NO DEFECTS","ON SCENE","NO INJURY / DRIVE AWAY",,,"Y","OVER $1,500","2024-05-06T01:34:00.000","UNABLE TO DETERMINE","NOT APPLICABLE","5616","W","PATTERSON AVE","1633",,,,,,,"3","NO INDICATION OF INJURY","0","0","0","0","0","1","0","1","2","5","41.946892126","-87.767517234","POINT (-87.767517233656 41.946892126273)"
"1d216a97b07fb3373e3d7cc56f21730113877c8c0d0407891e6dbfb32978d588d268e1b1b90fe2922982c0457d49fadf0f08645cec0412fef43515be521e70a5",,"2024-05-06T01:00:00.000","15","NO CONTROLS","NO CONTROLS","CLEAR","DARKNESS, LIGHTED ROAD","PARKED MOTOR VEHICLE","PARKING LOT",,"STRAIGHT AND LEVEL","DRY","NO DEFECTS","ON SCENE","NO INJURY / DRIVE AWAY",,"Y",,"$501 - $1,500","2024-05-06T07:50:00.000","IMPROPER BACKING","UNABLE TO DETERMINE","1801","S","WABASH AVE","131",,,,,,,"2","NO INDICATION OF INJURY","0","0","0","0","0","1","0","1","2","5","41.857792921","-87.625462369","POINT (-87.625462368835 41.857792921043)"
"3d677b8f409577bfe74770595e02f76d2ecbac6f1a2fd8af8a39bbe019c1c3b4e76d301d75bed7031fa8da1c1f068101a4cf28ac5e9537aed291a8669847f97a","N","2024-05-06T01:00:00.000","30","NO CONTROLS","NO CONTROLS","CLEAR","DARKNESS","REAR END","NOT DIVIDED",,"STRAIGHT AND LEVEL","DRY","UNKNOWN","NOT ON SCENE (DESK REPORT)","INJURY AND / OR TOW DUE TO CRASH",,,"Y","OVER $1,500","2024-05-06T13:03:00.000","UNABLE TO DETERMINE","NOT APPLICABLE","5100","S","DR MARTIN LUTHER KING JR DR","231",,,,,,,"2","NONINCAPACITATING INJURY","1","0","0","1","0","1","0","1","2","5","41.802023154","-87.616271839","POINT (-87.616271839461 41.8020231541)"
"636f77dfe39bfbf5f8062d139eefa5bcc9d64cf9bab4a6e566a36275079958f39f69a9ef05b438fcec0df8115e2d80d6eeeda576c084be4a111daa1ee4830ce8",,"2024-05-06T00:45:00.000","30","NO CONTROLS","NO CONTROLS","CLEAR","DARKNESS, LIGHTED ROAD","REAR END","DIVIDED - W/MEDIAN (NOT RAISED)",,"STRAIGHT AND LEVEL","DRY","NO DEFECTS","NOT ON SCENE (DESK REPORT)","NO INJURY / DRIVE AWAY",,,,"OVER $1,500","2024-05-06T02:15:00.000","UNABLE TO DETERMINE","UNABLE TO DETERMINE","69","E","75TH ST","623",,,,,,,"2","NO INDICATION OF INJURY","0","0","0","0","0","3","0","0","2","5","41.758174093","-87.621994448","POINT (-87.621994447534 41.758174093331)"
"f7d0615d3028f5488f5a027e192afac2213064fa42dc2caa8b47b273540e79201925b7c47a110714075a4fde9e2749a6ba05e678cc796ade523bd9a692c5d082",,"2024-05-06T00:40:00.000","30","NO CONTROLS","NO CONTROLS","CLEAR","DARKNESS, LIGHTED ROAD","PARKED MOTOR VEHICLE","NOT DIVIDED",,"STRAIGHT AND LEVEL","DRY","NO DEFECTS","ON SCENE","INJURY AND / OR TOW DUE TO CRASH",,,"Y","$501 - $1,500","2024-05-06T00:49:00.000","UNABLE TO DETERMINE","UNABLE TO DETERMINE","6352","S","NORMAL BLVD","722",,,,,,,"3","NO INDICATION OF INJURY","0","0","0","0","0","1","0","0","2","5","41.778264372","-87.637634118","POINT (-87.637634118093 41.778264372308)"
"b10b313427a24914dd895e6af7aea8f9bc991ed48ee306c905bfc24c3dd337aef220635506f6ca54f161ed4882377eb5bf013d8b9c5eeb02dbe59436f4b88435",,"2024-05-06T00:17:00.000","30","NO CONTROLS","NO CONTROLS","CLEAR","DARKNESS, LIGHTED ROAD","PARKED MOTOR VEHICLE","NOT DIVIDED",,"STRAIGHT AND LEVEL","DRY","NO DEFECTS","ON SCENE","NO INJURY / DRIVE AWAY",,,"Y","OVER $1,500","2024-05-06T00:20:00.000","FAILING TO REDUCE SPEED TO AVOID CRASH","PHYSICAL CONDITION OF DRIVER","228","W","KINZIE ST","1831",,,,,,,"2","NO INDICATION OF INJURY","0","0","0","0","0","1","0","0","2","5","41.889260539","-87.635265449","POINT (-87.635265449317 41.889260538659)"
"0b9333b3069c119b2b6e9db1004976cf74ac48b42e1b363dfb2eb794af1f3350289ae6b24dd7c6676fcdaf0e5915eb51512f1d6a16283bdbeaec3a2420755f38",,"2024-05-06T00:05:00.000","40","NO CONTROLS","NO CONTROLS","CLEAR","DARKNESS, LIGHTED ROAD","SIDESWIPE SAME DIRECTION","DIVIDED - W/MEDIAN BARRIER",,"STRAIGHT AND LEVEL","DRY","NO DEFECTS","NOT ON SCENE (DESK REPORT)","NO INJURY / DRIVE AWAY",,,"Y","OVER $1,500","2024-05-06T13:01:00.000","UNABLE TO DETERMINE","UNABLE TO DETERMINE","500","N","LAKE SHORE DR SB","1834",,,,,,,"2","NO INDICATION OF INJURY","0","0","0","0","0","2","0","0","2","5","41.891147072","-87.614375057","POINT (-87.61437505723 41.89114707171)"
"b5ad19c13c078a0cf8581d76c9586f11fcb5d2dd952ab5bd5f49e1b2ef8f3187781a0aa65ffbf8696cdb379c4df19107d3bac85d9e1f44bdca46d7cdc1b5d786",,"2024-05-06T00:01:00.000","15","NO CONTROLS","NO CONTROLS","CLEAR","DARKNESS, LIGHTED ROAD","SIDESWIPE SAME DIRECTION","ONE-WAY",,"STRAIGHT AND LEVEL","DRY","NO DEFECTS","ON SCENE","NO INJURY / DRIVE AWAY",,,,"OVER $1,500","2024-05-06T00:12:00.000","UNABLE TO DETERMINE","UNABLE TO DETERMINE","5757","S","CICERO AVE","813",,,,,,,"2","NO INDICATION OF INJURY","0","0","0","0","0","3","0","0","2","5","41.787835631","-87.74127656","POINT (-87.741276559557 41.787835631155)"
"0a2d5ad605bc33f8934dee3f4e3ff85ddbece17b2b27887874248a2619240a97cbc03a3b759ed5a60c5aea337cbe1b5a6f8739c199ae83c3d673776712548caf",,"2024-05-05T23:51:00.000","30","NO CONTROLS","NO CONTROLS","CLEAR","DARKNESS, LIGHTED ROAD","FIXED OBJECT","NOT DIVIDED",,"STRAIGHT AND LEVEL","DRY","NO DEFECTS","ON SCENE","NO INJURY / DRIVE AWAY",,,,"OVER $1,500","2024-05-05T23:54:00.000","UNABLE TO DETERMINE","NOT APPLICABLE","2725","S","KEDZIE AVE","1033",,,,,,,"2","NO INDICATION OF INJURY","0","0","0","0","0","3","0","23","1","5","41.841930202","-87.704815057","POINT (-87.704815057437 41.841930201934)"
"eb0f671768412e23995f63847928de40e55926f0cf7be2cb7d2d9956ebbc8fb5b540a1c7bd87e04a9478515ff5a535d2c7016198c1591b7ddad34df4f0e24308",,"2024-05-05T23:50:00.000","30","TRAFFIC SIGNAL","UNKNOWN","CLEAR","DARKNESS, LIGHTED ROAD","ANGLE","FOUR WAY",,"STRAIGHT AND LEVEL","DRY","NO DEFECTS","ON SCENE","INJURY AND / OR TOW DUE TO CRASH","Y",,,"OVER $1,500","2024-05-05T23:51:00.000","FAILING TO YIELD RIGHT-OF-WAY","NOT APPLICABLE","7100","S","JEFFERY BLVD","333",,,,,,,"2","NONINCAPACITATING INJURY","1","0","0","1","0","3","0","23","1","5","41.76602778","-87.576443123","POINT (-87.576443122779 41.766027779516)"
"15c4f64e58c70b8b5ced0a38d5a1ad408888ebb11069c996fbc9ab6faf4d049655e86669994a4c2eafc48cba97cb44a6ecd84beb0fd4a89e27b918ac18a420a7",,"2024-05-05T23:48:00.000","30","TRAFFIC SIGNAL","FUNCTIONING PROPERLY","CLEAR","DARKNESS, LIGHTED ROAD","TURNING","NOT DIVIDED",,"STRAIGHT AND LEVEL","DRY","NO DEFECTS","ON SCENE","INJURY AND / OR TOW DUE TO CRASH",,,,"OVER $1,500","2024-05-06T00:16:00.000","FAILING TO YIELD RIGHT-OF-WAY","NOT APPLICABLE","1759","W","79TH ST","611",,,,,,,"2","NONINCAPACITATING INJURY","1","0","0","1","0","2","0","23","1","5","41.750183308","-87.668228852","POINT (-87.668228851557 41.750183307577)"
"25e3de371129135bdd1daf1be7638903b109a398d78d919f1d6f1cde6e59746f3da576578fce64df9ca7589134ca61e315440053f1070554557eb02a4252fb3f",,"2024-05-05T23:45:00.000","30","UNKNOWN","UNKNOWN","UNKNOWN","UNKNOWN","REAR END","UNKNOWN",,"STRAIGHT AND LEVEL","UNKNOWN","UNKNOWN","NOT ON SCENE (DESK REPORT)","NO INJURY / DRIVE AWAY",,,"Y","OVER $1,500","2024-05-06T10:05:00.000","UNABLE TO DETERMINE","NOT APPLICABLE","109","E","75TH ST","623",,,,,,,"2","NO INDICATION OF INJURY","0","0","0","0","0","2","0","23","1","5","41.758190199","-87.621110747","POINT (-87.621110747375 41.758190198695)"
"224255e488e6c3b0b017ab204619965e4ea96d0883c7863125d008e0666b56911092bb400d134d26f2244c6c20e4405552449b7196389cd33e557b59ffd9e038",,"2024-05-05T23:41:00.000","30","TRAFFIC SIGNAL","FUNCTIONING PROPERLY","CLEAR","DARKNESS, LIGHTED ROAD","ANGLE","FOUR WAY",,"STRAIGHT AND LEVEL","DRY","NO DEFECTS","ON SCENE","INJURY AND / OR TOW DUE TO CRASH","Y",,"Y","OVER $1,500","2024-05-05T23:56:00.000","DISREGARDING TRAFFIC SIGNALS","NOT APPLICABLE","4000","W","NORTH AVE","2534",,,,,,,"2","REPORTED, NOT EVIDENT","1","0","0","0","1","1","0","23","1","5","41.909995582","-87.726394693","POINT (-87.726394693215 41.909995581605)"
"3398d2e3165ce59c45efb433ccb10245ab4a9bf5d0b9e6f752ec510e16eacde27e6347e70e48f82d59b5452041733a1821c43672d0422667b2f253a6f2ac89ae",,"2024-05-05T23:40:00.000","30","TRAFFIC SIGNAL","FUNCTIONING PROPERLY","CLEAR","DARKNESS","ANGLE","FOUR WAY",,"STRAIGHT AND LEVEL","DRY","NO DEFECTS","ON SCENE","INJURY AND / OR TOW DUE TO CRASH","Y",,"Y","OVER $1,500","2024-05-05T23:40:00.000","DISREGARDING TRAFFIC SIGNALS","NOT APPLICABLE","3900","S","WESTERN AVE","921",,,,,,,"2","NONINCAPACITATING INJURY","1","0","0","1","0","3","0","23","1","5","41.822954294","-87.685012986","POINT (-87.685012986006 41.822954294114)"
"70c5b7755d073886f1bf43c820e499efa1719c496cccf3ee024a70870a23d78788ba23539e2a59428e38f4a1ef4b77620efaecf721570d69468a43ad97582034",,"2024-05-05T23:30:00.000","25","NO CONTROLS","NO CONTROLS","CLEAR","DARKNESS, LIGHTED ROAD","PARKED MOTOR VEHICLE","ONE-WAY",,"STRAIGHT AND LEVEL","DRY","NO DEFECTS","ON SCENE","INJURY AND / OR TOW DUE TO CRASH",,,"Y","OVER $1,500","2024-05-06T00:16:00.000","UNABLE TO DETERMINE","UNABLE TO DETERMINE","165","N","LEAMINGTON AVE","1532",,,,,,,"6","NO INDICATION OF INJURY","0","0","0","0","0","1","0","23","1","5","41.883617146","-87.753816722","POINT (-87.753816721509 41.883617146464)"
"6024219230249ba4daf07c807ae391a79b0defb26399306fb64f0e31111580d2019426110950acd8889a5a2c99b4ba8f1973561bb4824f90d420e527b9854958",,"2024-05-05T23:25:00.000","30","NO CONTROLS","NO CONTROLS","CLEAR","DARKNESS, LIGHTED ROAD","PARKED MOTOR VEHICLE","NOT DIVIDED",,"STRAIGHT AND LEVEL","DRY","NO DEFECTS","ON SCENE","INJURY AND / OR TOW DUE TO CRASH",,,,"OVER $1,500","2024-05-05T23:50:00.000","UNABLE TO DETERMINE","NOT APPLICABLE","5934","W","NORTH AVE","2531",,,,,,,"2","NO INDICATION OF INJURY","0","0","0","0","0","1","0","23","1","5","41.909382027","-87.774085732","POINT (-87.774085731585 41.909382026912)"
"86c8568bf72a1e2eee7a22c3bbe9a2c3151534388b7f9520d3fd7230d1e3f844bca76f1e3e5ba66b2b48e18ac807dfb255c2b8a44869ddb8c896165a93fe3f5a",,"2024-05-05T23:25:00.000","30","TRAFFIC SIGNAL","UNKNOWN","CLEAR","DARKNESS, LIGHTED ROAD","REAR END","FOUR WAY",,"STRAIGHT AND LEVEL","DRY","WORN SURFACE","NOT ON SCENE (DESK REPORT)","NO INJURY / DRIVE AWAY",,,,"OVER $1,500","2024-05-06T00:50:00.000","DISREGARDING TRAFFIC SIGNALS","FAILING TO REDUCE SPEED TO AVOID CRASH","1801","S","WABASH AVE","131",,,,,,,"2","NO INDICATION OF INJURY","0","0","0","0","0","2","0","23","1","5","41.857792921","-87.625462369","POINT (-87.625462368835 41.857792921043)"
"f4434f6749fb4444c7bcdf4c97bbfa0dca8e7eb914836fec1247236871de96c45ed587bc3d1dc9653e4673ddcdf44e02048e27c91023c5c7a097c2b716732fe5",,"2024-05-05T23:12:00.000","40","NO CONTROLS","NO CONTROLS","CLEAR","DARKNESS, LIGHTED ROAD","SIDESWIPE SAME DIRECTION","DIVIDED - W/MEDIAN BARRIER",,"STRAIGHT AND LEVEL","DRY","NO DEFECTS","ON SCENE","INJURY AND / OR TOW DUE TO CRASH",,,,"OVER $1,500","2024-05-05T23:12:00.000","IMPROPER OVERTAKING/PASSING","NOT APPLICABLE","3700","S","LAKE SHORE DR NB","212",,,,,,,"2","NO INDICATION OF INJURY","0","0","0","0","0","2","0","23","1","5","41.82919512","-87.604692689","POINT (-87.604692689273 41.829195120306)"
"b157fa7dd5c2bec78b46190041afcaaa47b1933ba8ecf160e21214f35bab1cbc3b2013077ee0024dca231208dfff3d792ad818780ea27499eae8af50b0d00056","Y","2024-05-05T23:00:00.000","30","NO CONTROLS","NO CONTROLS","UNKNOWN","UNKNOWN","PARKED MOTOR VEHICLE","NOT DIVIDED",,"STRAIGHT AND LEVEL","UNKNOWN","NO DEFECTS","ON SCENE","NO INJURY / DRIVE AWAY",,,"Y","OVER $1,500","2024-05-06T18:23:00.000","UNABLE TO DETERMINE","NOT APPLICABLE","5626","S","LOOMIS BLVD","713",,,,,,,"2","NO INDICATION OF INJURY","0","0","0","0","0","1","0","23","1","5","41.791448743","-87.659809303","POINT (-87.659809302646 41.791448743336)"
"0011b6e15a9799a37819acc3e7e87d01b46683425027cf48d8f8af218e5c4e3f6b4d4203a4fddb98a7bc39b366b85d0a11e052b140b1d1bee3fab18c09cdbf6a",,"2024-05-05T22:54:00.000","10","NO CONTROLS","NO CONTROLS","UNKNOWN","DARKNESS","PARKED MOTOR VEHICLE","PARKING LOT",,"STRAIGHT AND LEVEL","DRY","NO DEFECTS","ON SCENE","NO INJURY / DRIVE AWAY",,,"Y","$501 - $1,500","2024-05-05T23:22:00.000","FAILING TO REDUCE SPEED TO AVOID CRASH","FAILING TO REDUCE SPEED TO AVOID CRASH","6540","W","BELMONT AVE","1632",,,,,,,"2","NO INDICATION OF INJURY","0","0","0","0","0","2","0","22","1","5","41.938362382","-87.790006288","POINT (-87.790006288159 41.938362381507)"
"f5f4bfdca6927ce86403fee5a0dc3356339d91b419488a35e2330da2c739ed83279f0b2e74a720cd430c104db2aed986c7eda96df4eca18d32d639b46076392d",,"2024-05-05T22:46:00.000","30","TRAFFIC SIGNAL","FUNCTIONING PROPERLY","CLEAR","DUSK","TURNING","FOUR WAY",,"STRAIGHT AND LEVEL","DRY","NO DEFECTS","ON SCENE","INJURY AND / OR TOW DUE TO CRASH",,,,"OVER $1,500","2024-05-05T22:46:00.000","DRIVING SKILLS/KNOWLEDGE/EXPERIENCE","PHYSICAL CONDITION OF DRIVER","3223","W","ADDISON ST","1733",,,,,,,"2","NONINCAPACITATING INJURY","3","0","0","3","0","0","0","22","1","5","41.946513722","-87.708790321","POINT (-87.708790321347 41.946513722061)"
"96db5044321a7c2b285826ed68c1114308cb5c79f4c74deeacdd66559229912946145e090d0cd54ebb93a819a802a71d305030748188e913da1c57ff60b575a5",,"2024-05-05T22:43:00.000","30","STOP SIGN/FLASHER","NO CONTROLS","CLEAR","DARKNESS, LIGHTED ROAD","PARKED MOTOR VEHICLE","FOUR WAY",,"STRAIGHT AND LEVEL","DRY","NO DEFECTS","ON SCENE","INJURY AND / OR TOW DUE TO CRASH","N",,,"OVER $1,500","2024-05-05T22:44:00.000","IMPROPER TURNING/NO SIGNAL","DRIVING SKILLS/KNOWLEDGE/EXPERIENCE","4701","W","83RD ST","834",,,,,,,"3","REPORTED, NOT EVIDENT","1","0","0","0","1","1","0","22","1","5","41.741882023","-87.738508967","POINT (-87.738508966588 41.741882023379)"
"174a7ca90215e2aedc36d6ade72b8025608a8c4bc8b8f05d11ec8e39b6176c62d2c2409dbc013d03dd96f5b28ef6bfbed61fd3cd418af2e078234c0485863ad0",,"2024-05-05T22:40:00.000","30","TRAFFIC SIGNAL","UNKNOWN","CLEAR","DARKNESS, LIGHTED ROAD","REAR END","FOUR WAY",,"STRAIGHT AND LEVEL","DRY","NO DEFECTS","NOT ON SCENE (DESK REPORT)","INJURY AND / OR TOW DUE TO CRASH","Y",,"Y","OVER $1,500","2024-05-05T23:05:00.000","UNABLE TO DETERMINE","UNABLE TO DETERMINE","301","S","HAMLIN BLVD","1133",,,,,,,"3","INCAPACITATING INJURY","3","0","1","2","0","3","0","22","1","5","41.877164288","-87.720464263","POINT (-87.720464262986 41.877164288333)"
"0c3516ae4b4036386913492e8b6530f2b443c381bf9cd0775d0a48a8c0c214f82d9c554939c6fed2ac0f8287ccaa1aab33a1d7a17791a4d024684daa6f58d0c4",,"2024-05-05T22:38:00.000","30","TRAFFIC SIGNAL","FUNCTIONING PROPERLY","CLEAR","DARKNESS, LIGHTED ROAD","TURNING","NOT DIVIDED",,"STRAIGHT AND LEVEL","DRY","NO DEFECTS","ON SCENE","INJURY AND / OR TOW DUE TO CRASH","Y",,,"OVER $1,500","2024-05-05T22:56:00.000","UNDER THE INFLUENCE OF ALCOHOL/DRUGS (USE WHEN ARREST IS EFFECTED)","IMPROPER TURNING/NO SIGNAL","3459","S","DR MARTIN LUTHER KING JR DR","211",,,,,,,"2","NO INDICATION OF INJURY","0","0","0","0","0","2","0","22","1","5","41.831602034","-87.616826828","POINT (-87.616826828456 41.831602034461)"
"ba9f2e1511ea8bc9ad4c9459a2a22541d85543b8a34a5dbf127ca7368a3a5fefe387275f9cac4f6414c7b94ba012ec03fea8b1d163bd7d403926b37b054c8171",,"2024-05-05T22:33:00.000","15","NO CONTROLS","NO CONTROLS","CLEAR","DARKNESS, LIGHTED ROAD","SIDESWIPE SAME DIRECTION","OTHER",,"STRAIGHT AND LEVEL","DRY","NO DEFECTS","ON SCENE","NO INJURY / DRIVE AWAY",,,"Y","OVER $1,500","2024-05-05T22:58:00.000","UNABLE TO DETERMINE","UNABLE TO DETERMINE","926","W","RANDOLPH ST","1224",,,,,,,"2","NO INDICATION OF INJURY","0","0","0","0","0","5","0","22","1","5","41.884457978","-87.650884228","POINT (-87.650884228443 41.884457978176)"
"7c28163de23b6ab40b5f7d7b03b8871c916a6e3dcaf8ec06eae0013f0c94478aa33eb79b58293d03542b1c788c685530af33f6b9152b7ec60f7d4dcd3ab6d40f",,"2024-05-05T22:20:00.000","30","UNKNOWN","UNKNOWN","CLEAR","DARKNESS, LIGHTED ROAD","TURNING","ONE-WAY",,"STRAIGHT AND LEVEL","DRY","NO DEFECTS","NOT ON SCENE (DESK REPORT)","NO INJURY / DRIVE AWAY",,,"Y","OVER $1,500","2024-05-05T22:20:00.000","IMPROPER TURNING/NO SIGNAL","NOT APPLICABLE","6217","S","MAY ST","712",,,,,,,"2","NO INDICATION OF INJURY","0","0","0","0","0","2","0","22","1","5","41.780905492","-87.653173863","POINT (-87.65317386321 41.780905491571)"
"203735befe9cb7ccaaa0c1874f08d8223bb1241c90ca8fb0b955edc32bb143ed4f7c328d6cf950cf2fa5ee48fe0feef3ab05c88ddc2ceda4cd84d55e02e67f80","N","2024-05-05T22:12:00.000","35","TRAFFIC SIGNAL","FUNCTIONING PROPERLY","CLEAR","DARKNESS, LIGHTED ROAD","TURNING","CENTER TURN LANE",,"STRAIGHT AND LEVEL","DRY","UNKNOWN","ON SCENE","NO INJURY / DRIVE AWAY","Y",,,"OVER $1,500","2024-05-05T22:13:00.000","FAILING TO REDUCE SPEED TO AVOID CRASH","FAILING TO REDUCE SPEED TO AVOID CRASH","4801","W","IRVING PARK RD","1634",,,,,,,"2","NO INDICATION OF INJURY","0","0","0","0","0","5","0","22","1","5","41.953304984","-87.747426866","POINT (-87.747426865695 41.953304984321)"
"2d4a1d35b820ebc75d679aca98877a833509e542db3c9903c0eb15e66a152b7cbb806faaf606238bcedb5c761163b64ab66c4af89efe3788672c704f53d70d87",,"2024-05-05T22:11:00.000","30","NO CONTROLS","NO CONTROLS","CLEAR","DARKNESS, LIGHTED ROAD","PARKED MOTOR VEHICLE","DIVIDED - W/MEDIAN (NOT RAISED)",,"STRAIGHT AND LEVEL","DRY","NO DEFECTS","ON SCENE","INJURY AND / OR TOW DUE TO CRASH",,,,"OVER $1,500","2024-05-05T22:22:00.000","DISTRACTION - FROM INSIDE VEHICLE","NOT APPLICABLE","3644","N","LARAMIE AVE","1634",,,,,,,"2","NONINCAPACITATING INJURY","1","0","0","1","0","0","0","22","1","5","41.947370628","-87.757110047","POINT (-87.757110046987 41.947370628401)"
"668ac0420a8094c822469f6b7557833215828d5d9c5bf6ce0c9cfe5940dd75d3c51006ba9afe079a17450ad3ee95fc096f51fc8d55207bdf2033e3f777bf1de8",,"2024-05-05T22:00:00.000","30","TRAFFIC SIGNAL","FUNCTIONING PROPERLY","CLEAR","DARKNESS, LIGHTED ROAD","REAR END","NOT DIVIDED",,"STRAIGHT AND LEVEL","DRY","NO DEFECTS","NOT ON SCENE (DESK REPORT)","INJURY AND / OR TOW DUE TO CRASH",,,,"OVER $1,500","2024-05-06T00:05:00.000","UNABLE TO DETERMINE","UNABLE TO DETERMINE","740","E","47TH ST","221",,,,,,,"2","REPORTED, NOT EVIDENT","1","0","0","0","1","1","0","22","1","5","41.809628698","-87.607369738","POINT (-87.607369737858 41.809628697878)"
"90a30e84f74454f7da25c9d52ef999530c2cd3ba71ad8afad657237a81a7f0f9d47e35297eec93781605603b7ca9371b9a82da24749ef450c9bc0c373dadf441",,"2024-05-05T22:00:00.000","15","NO CONTROLS","NO CONTROLS","CLEAR","DARKNESS, LIGHTED ROAD","PARKED MOTOR VEHICLE","PARKING LOT",,"STRAIGHT AND LEVEL","DRY","UNKNOWN","NOT ON SCENE (DESK REPORT)","NO INJURY / DRIVE AWAY",,"Y",,"$500 OR LESS","2024-05-07T11:05:00.000","UNABLE TO DETERMINE","UNABLE TO DETERMINE","900","N","MICHIGAN AVE","1833",,,,,,,"2","NO INDICATION OF INJURY","0","0","0","0","0","1","0","22","1","5","41.899248597","-87.624274978","POINT (-87.624274978205 41.899248597036)"
"c47e1735e35d27f9a50e82edd58a6258577bb7ddb3627cbe836a1b2388a976b1f71349cd926af695d6fcbf02fb3005d5c1e6c99b1f896e7cc25011156e20fa04",,"2024-05-05T21:50:00.000","30","TRAFFIC SIGNAL","FUNCTIONING PROPERLY","CLEAR","DARKNESS, LIGHTED ROAD","REAR END","NOT DIVIDED",,"STRAIGHT AND LEVEL","DRY","NO DEFECTS","NOT ON SCENE (DESK REPORT)","NO INJURY / DRIVE AWAY",,,,"OVER $1,500","2024-05-05T22:10:00.000","UNABLE TO DETERMINE","NOT APPLICABLE","10650","S","WESTERN AVE","2211",,,,,,,"2","NO INDICATION OF INJURY","0","0","0","0","0","2","0","21","1","5","41.699394616","-87.681544611","POINT (-87.681544610956 41.69939461629)"