"crash_record_id","crash_date_est_i","crash_date","posted_speed_limit","traffic_control_device","device_condition","weather_condition","lighting_condition","first_crash_type","trafficway_type","lane_cnt","alignment","roadway_surface_cond","road_defect","report_type","crash_type","intersection_related_i","private_property_i","hit_and_run_i","damage","date_police_notified","prim_contributory_cause","sec_contributory_cause","street_no","street_direction","street_name","beat_of_occurrence","photos_taken_i","statements_taken_i","dooring_i","work_zone_i","work_zone_type","workers_present_i","num_units","most_severe_injury","injuries_total","injuries_fatal","injuries_incapacitating","injuries_non_incapacitating","injuries_reported_not_evident","injuries_no_indication","injuries_unknown","crash_hour","crash_day_of_week","crash_month","latitude","longitude","location"
"1e8755f35d361049753486f7d641aa7ebaa494c6e6251f86f44d77338f35eda7f01a0bc91066e58754aa6165ec6c9601f015c73b17439a2a530f88da68674d16",,"2024-05-05T21:37:00.000","30","NO CONTROLS","NO CONTROLS","UNKNOWN","UNKNOWN","PARKED MOTOR VEHICLE","NOT DIVIDED",,"STRAIGHT AND LEVEL","UNKNOWN","UNKNOWN","NOT ON SCENE (DESK REPORT)","NO INJURY / DRIVE AWAY",,,"Y","OVER $1,500","2024-05-06T20:00:00.000","DRIVING SKILLS/KNOWLEDGE/EXPERIENCE","IMPROPER LANE USAGE","3256","E","136TH ST","433",,,,,,,"2","NO INDICATION OF INJURY","0","0","0","0","0","1","0","21","1","5","41.648309625","-87.543660222","POINT (-87.543660221529 41.648309624961)"
"5c8d84fb8f3679345372a15b47e4edce25905f085eb61ddb7df5b5e2e2b27d22cbc15db2004c2b863939da2f7493998f1441ab80925789efa4c2534ea8d9b404",,"2024-05-05T21:35:00.000","30","NO CONTROLS","NO CONTROLS","CLEAR","DARKNESS, LIGHTED ROAD","PARKED MOTOR VEHICLE","NOT DIVIDED",,"STRAIGHT AND LEVEL","DRY","NO DEFECTS","ON SCENE","INJURY AND / OR TOW DUE TO CRASH",,,,"OVER $1,500","2024-05-05T21:35:00.000","PHYSICAL CONDITION OF DRIVER","OPERATING VEHICLE IN ERRATIC, RECKLESS, CARELESS, NEGLIGENT OR AGGRESSIVE MANNER","6126","S","MORGAN ST","712",,,,,,,"3","NO INDICATION OF INJURY","0","0","0","0","0","1","0","21","1","5","41.782486162","-87.649861059","POINT (-87.649861059493 41.782486161819)"
"421775d4921e35e8f1d3584b4e3955d9896dedc88be0607b9f9fc233075ce0b10ed7a0c59ef0cb0409b69ace0e4ea0955826a8d9a8eaf6cb9c92d662d7323ba9",,"2024-05-05T21:33:00.000","30","STOP SIGN/FLASHER","FUNCTIONING PROPERLY","CLEAR","DARKNESS, LIGHTED ROAD","ANGLE","FOUR WAY",,"STRAIGHT AND LEVEL","DRY","NO DEFECTS","ON SCENE","INJURY AND / OR TOW DUE TO CRASH","Y",,,"OVER $1,500","2024-05-05T21:39:00.000","DISREGARDING STOP SIGN","FAILING TO REDUCE SPEED TO AVOID CRASH","3400","N","OAK PARK AVE","1632",,,,,,,"2","REPORTED, NOT EVIDENT","1","0","0","0","1","3","0","21","1","5","41.941901419","-87.79599","POINT (-87.795989999621 41.941901418645)"
"5bd5ff0618b8213731aaba98f60d364417da638768e5e41fd449926c080ffdb15abf683fb5208d38937edbc27ba8df7e187fd573b3474a814be257814d7b8d38","Y","2024-05-05T21:30:00.000","30","NO CONTROLS","NO CONTROLS","CLEAR","DARKNESS, LIGHTED ROAD","TURNING","NOT DIVIDED",,"STRAIGHT AND LEVEL","DRY","NO DEFECTS","NOT ON SCENE (DESK REPORT)","NO INJURY / DRIVE AWAY",,,,"OVER $1,500","2024-05-05T22:10:00.000","IMPROPER TURNING/NO SIGNAL","NOT APPLICABLE","5615","N","CLARK ST","2013",,,,,,,"2","NO INDICATION OF INJURY","0","0","0","0","0","3","0","21","1","5","41.983987288","-87.668715711","POINT (-87.66871571065 41.983987288115)"
"05e40bbad8c11bd81620ad21f0811458c421664fa8bb645fc393b7832addbed289bc15338429c1cfca68324a779e508865ce9668cbc7cf5111e853fcc040b098",,"2024-05-05T21:28:00.000","30","TRAFFIC SIGNAL","FUNCTIONING PROPERLY","CLEAR","DARKNESS, LIGHTED ROAD","REAR END","DIVIDED - W/MEDIAN BARRIER",,"STRAIGHT AND LEVEL","DRY","NO DEFECTS","NOT ON SCENE (DESK REPORT)","INJURY AND / OR TOW DUE TO CRASH","Y",,,"OVER $1,500","2024-05-07T13:55:00.000","NOT APPLICABLE","NOT APPLICABLE","7900","S","STONY ISLAND AVE","411",,,,,,,"2","REPORTED, NOT EVIDENT","1","0","0","0","1","1","0","21","1","5","41.751460603","-87.585971993","POINT (-87.585971992965 41.751460603167)"
"4191a17d02fe7b445d2518044c6a397602285405d4bbbeb5d7da9fef369916099ce0259dbb3a2fc2a5ca4e5185c3589ceac6eca85f837f5c6cb47ef375f56624",,"2024-05-05T21:15:00.000","30","NO CONTROLS","NO CONTROLS","CLEAR","DARKNESS, LIGHTED ROAD","SIDESWIPE SAME DIRECTION","DIVIDED - W/MEDIAN BARRIER",,"STRAIGHT AND LEVEL","DRY","NO DEFECTS","NOT ON SCENE (DESK REPORT)","NO INJURY / DRIVE AWAY",,,,"OVER $1,500","2024-05-05T21:55:00.000","IMPROPER LANE USAGE","UNABLE TO DETERMINE","7400","S","STONY ISLAND AVE","324",,,,,,,"2","NO INDICATION OF INJURY","0","0","0","0","0","3","0","21","1","5","41.76054115","-87.586330278","POINT (-87.58633027841 41.760541150061)"
"96ec8eb19476119d8287c137eed547c966aaf7e878b218f0e4b9a2fc1715e1e08348da0740dc726f0df42a7ffa4bdc581a3714716a6854ca132c45e5dd3116a4",,"2024-05-05T21:10:00.000","30","NO CONTROLS","NO CONTROLS","UNKNOWN","DARKNESS, LIGHTED ROAD","SIDESWIPE SAME DIRECTION","DIVIDED - W/MEDIAN (NOT RAISED)",,"STRAIGHT AND LEVEL","UNKNOWN","UNKNOWN","NOT ON SCENE (DESK REPORT)","NO INJURY / DRIVE AWAY",,,,"OVER $1,500","2024-05-05T21:30:00.000","DRIVING SKILLS/KNOWLEDGE/EXPERIENCE","UNABLE TO DETERMINE","808","S","MICHIGAN AVE","123",,,,,,,"2","NO INDICATION OF INJURY","0","0","0","0","0","2","0","21","1","5","41.871717548","-87.624312777","POINT (-87.624312776897 41.87171754808)"
"4aaa75d4d0ce90d6335e63ba49b49b380cccab3f5412efa99f3e1b1c7f7ce456606a2312da898b8043c2cd86fd49cc88f2d9ad4cecbcb6adddd141c1e09f226f",,"2024-05-05T21:00:00.000","5","NO CONTROLS","NO CONTROLS","CLEAR","DARKNESS","PARKED MOTOR VEHICLE","PARKING LOT",,"STRAIGHT AND LEVEL","DRY","NO DEFECTS","ON SCENE","NO INJURY / DRIVE AWAY",,,,"$500 OR LESS","2024-05-05T21:14:00.000","NOT APPLICABLE","NOT APPLICABLE","4724","S","VINCENNES AVE","223",,,,,,,"2","NO INDICATION OF INJURY","0","0","0","0","0","1","0","21","1","5","41.808656459","-87.614002514","POINT (-87.614002514393 41.80865645913)"
"dffb8331b47935c40f695cd489eeaf468d3b1289ba45d1b2822515cae074eb336a6bc442efffe38e44a4b3557bb8534223e1151250350fdf2ce6f5321071d426","Y","2024-05-05T21:00:00.000","30","NO CONTROLS","NO CONTROLS","CLEAR","DARKNESS, LIGHTED ROAD","REAR END","NOT DIVIDED",,"STRAIGHT AND LEVEL","DRY","NO DEFECTS","NOT ON SCENE (DESK REPORT)","NO INJURY / DRIVE AWAY",,,"Y","OVER $1,500","2024-05-05T23:40:00.000","FOLLOWING TOO CLOSELY","NOT APPLICABLE","6350","N","BROADWAY","2433",,,,,,,"2","NO INDICATION OF INJURY","0","0","0","0","0","2","0","21","1","5","41.997864291","-87.660658276","POINT (-87.660658276141 41.997864290687)"
"92966ed1fd9e9d62477b656bedf9760e19181f23cccd3342ab08cb271a8143315fda008a2eff75f6eae289d6b5414aeb8972af20d8b9c00e2edf29d4ab9f8977",,"2024-05-05T20:56:00.000","30","STOP SIGN/FLASHER","UNKNOWN","CLEAR","DARKNESS, LIGHTED ROAD","REAR END","NOT DIVIDED",,"STRAIGHT AND LEVEL","DRY","WORN SURFACE","NOT ON SCENE (DESK REPORT)","NO INJURY / DRIVE AWAY",,,"Y","OVER $1,500","2024-05-05T20:56:00.000","DISREGARDING STOP SIGN","FAILING TO REDUCE SPEED TO AVOID CRASH","962","W","18TH ST","1235",,,,,,,"2","NO INDICATION OF INJURY","0","0","0","0","0","3","0","20","1","5","41.858140372","-87.651013345","POINT (-87.651013345115 41.858140372204)"
"02df7abac4d00c78ae254016ed354d2f62a9fa2d13014b929ee564b4a30307a18470fd3c086a663929e0619867220c3e60d497756964a64b05afdecbc4d1a891",,"2024-05-05T20:50:00.000","30","TRAFFIC SIGNAL","FUNCTIONING PROPERLY","CLEAR","DARKNESS, LIGHTED ROAD","REAR END","DIVIDED - W/MEDIAN (NOT RAISED)",,"STRAIGHT AND LEVEL","DRY","NO DEFECTS","NOT ON SCENE (DESK REPORT)","NO INJURY / DRIVE AWAY",,,"Y","$501 - $1,500","2024-05-05T21:45:00.000","UNABLE TO DETERMINE","NOT APPLICABLE","5500","S","KOSTNER AVE","813",,,,,,,"2","NO INDICATION OF INJURY","0","0","0","0","0","2","0","20","1","5","41.793022165","-87.73310677","POINT (-87.733106769964 41.793022164526)"
"565ee64992a66d6ddfb1477934137631667094ff2191f05f58db96e06628537688f39a8044e200ba6fe4b772901b608fbf33440be6e0a87629a7fba658f7bdaf","Y","2024-05-05T20:50:00.000","35","TRAFFIC SIGNAL","FUNCTIONING PROPERLY","CLEAR","DARKNESS","REAR END","NOT DIVIDED",,"STRAIGHT AND LEVEL","DRY","UNKNOWN","NOT ON SCENE (DESK REPORT)","NO INJURY / DRIVE AWAY",,,"Y","OVER $1,500","2024-05-06T21:22:00.000","NOT APPLICABLE","NOT APPLICABLE","208","S","CICERO AVE","1533",,,,,,,"2","NO INDICATION OF INJURY","0","0","0","0","0","2","0","20","1","5","41.878315355","-87.745345924","POINT (-87.745345923597 41.878315354538)"
"6ba52ee5060fdaf3b49bd566626620c2336a9a8d1e97f63d6a8e75f56dfc9637119eab03eac540d6e9556e1b96b2f2c6ab8641170546d0f3d393868e9a7652db",,"2024-05-05T20:50:00.000","30","TRAFFIC SIGNAL","FUNCTIONING PROPERLY","CLEAR","DARKNESS, LIGHTED ROAD","TURNING","NOT DIVIDED",,"STRAIGHT AND LEVEL","DRY","NO DEFECTS","ON SCENE","INJURY AND / OR TOW DUE TO CRASH",,,,"OVER $1,500","2024-05-05T20:55:00.000","FAILING TO REDUCE SPEED TO AVOID CRASH","NOT APPLICABLE","5100","S","PULASKI RD","815",,,,,,,"2","NO INDICATION OF INJURY","0","0","0","0","0","2","0","20","1","5","41.800527702","-87.723519275","POINT (-87.723519274799 41.80052770213)"
"0a96deb4c301772159085bd1f25f8ed07db4e1188fad29f8d0fac52c3c27b2cc8bada1f529956b3f24b0b2f8ccd6f357fe1bef56a620abdf876c650d62969be0",,"2024-05-05T20:36:00.000","30","TRAFFIC SIGNAL","FUNCTIONING PROPERLY","CLEAR","DARKNESS, LIGHTED ROAD","ANGLE","DIVIDED - W/MEDIAN (NOT RAISED)",,"STRAIGHT AND LEVEL","DRY","UNKNOWN","ON SCENE","INJURY AND / OR TOW DUE TO CRASH","Y",,,"OVER $1,500","2024-05-05T20:41:00.000","UNDER THE INFLUENCE OF ALCOHOL/DRUGS (USE WHEN ARREST IS EFFECTED)","DISREGARDING TRAFFIC SIGNALS","2800","W","CERMAK RD","1023",,,,,,,"4","NO INDICATION OF INJURY","0","0","0","0","0","9","0","20","1","5","41.852010055","-87.695630018","POINT (-87.695630018093 41.852010054572)"
"48a7029173eb5b70bb52c227b213461da4d399e342702d0acdc3f75db639cf3249c9f5f7b69a96b077f69ce0dba85e83c49564d451590600dfaa9bd6bf73f468",,"2024-05-05T20:30:00.000","35","TRAFFIC SIGNAL","FUNCTIONING PROPERLY","CLEAR","DARKNESS, LIGHTED ROAD","TURNING","FOUR WAY",,"STRAIGHT AND LEVEL","DRY","UNKNOWN","ON SCENE","INJURY AND / OR TOW DUE TO CRASH","Y",,,"OVER $1,500","2024-05-05T20:32:00.000","UNABLE TO DETERMINE","NOT APPLICABLE","173","N","BESSIE COLEMAN DR","1654",,,,,,,"2","NONINCAPACITATING INJURY","5","0","0","5","0","1","0","20","1","5",,,
"785988e2021f35b3f3c5ef06fbc98b96821b4e81d957d868e16f0848aeaea4a4c85007d8027196db5a6cf161fd4e9c5f2fee5510f6ead5c7afc3e9c17858e22f",,"2024-05-05T20:30:00.000","30","NO CONTROLS","NO CONTROLS","CLEAR","DARKNESS, LIGHTED ROAD","REAR END","DIVIDED - W/MEDIAN (NOT RAISED)",,"STRAIGHT AND LEVEL","DRY","NO DEFECTS","NOT ON SCENE (DESK REPORT)","NO INJURY / DRIVE AWAY",,,,"$501 - $1,500","2024-05-05T20:55:00.000","FAILING TO REDUCE SPEED TO AVOID CRASH","NOT APPLICABLE","116","W","HUBBARD ST","1831",,,,,,,"2","NO INDICATION OF INJURY","0","0","0","0","0","2","0","20","1","5","41.890121376","-87.631860167","POINT (-87.631860167469 41.890121376006)"
"927ae0992d7187a95991dc8786961ba698366b0214487ec6e63bed392486ecb848f4699c113bbc48dd87279ed31d74b78e5f73702556f3b967b424680eee362d",,"2024-05-05T20:30:00.000","30","STOP SIGN/FLASHER","FUNCTIONING PROPERLY","CLEAR","UNKNOWN","FIXED OBJECT","T-INTERSECTION",,"STRAIGHT AND LEVEL","DRY","NO DEFECTS","NOT ON SCENE (DESK REPORT)","INJURY AND / OR TOW DUE TO CRASH",,,,"$501 - $1,500","2024-05-05T21:00:00.000","DISTRACTION - FROM INSIDE VEHICLE","NOT APPLICABLE","6825","S","ANTHONY AVE","322",,,,,,,"1","NO INDICATION OF INJURY","0","0","0","0","0","1","0","20","1","5","41.770257362","-87.614550563","POINT (-87.614550563011 41.770257362446)"
"cf1c49e67430753c141d445df9c0c3d5f5a8596d8f094285d3b2e66cad8b161bf07781dbcddd3a26216d0f22f65e5db65dd8d51b70a81b7e545e04252b0cc342",,"2024-05-05T20:30:00.000","15","NO CONTROLS","NO CONTROLS","CLEAR","DARKNESS, LIGHTED ROAD","REAR TO SIDE","PARKING LOT",,"STRAIGHT AND LEVEL","DRY","NO DEFECTS","NOT ON SCENE (DESK REPORT)","NO INJURY / DRIVE AWAY",,"Y",,"$501 - $1,500","2024-05-05T21:30:00.000","UNABLE TO DETERMINE","NOT APPLICABLE","501","N","KEDZIE AVE","1221",,,,,,,"2","NO INDICATION OF INJURY","0","0","0","0","0","4","0","20","1","5","41.89038911","-87.706253048","POINT (-87.706253047639 41.890389110396)"
"806f2579d4d00a7ebdf66d1704873f19c8428fd9c6b77952cee3d3ed6d31473b77f10816e5e12b87def9ac27df021bc16cf03104893dbc044d85577a6b01258d",,"2024-05-05T20:20:00.000","30","NO CONTROLS","NO CONTROLS","CLEAR","DARKNESS, LIGHTED ROAD","REAR END","DIVIDED - W/MEDIAN (NOT RAISED)",,"STRAIGHT AND LEVEL","DRY","NO DEFECTS","ON SCENE","INJURY AND / OR TOW DUE TO CRASH",,,,"OVER $1,500","2024-05-05T20:20:00.000","UNABLE TO DETERMINE","NOT APPLICABLE","1500","E","130TH ST","434",,,,,,,"2","NO INDICATION OF INJURY","0","0","0","0","0","3","0","20","1","5","41.660503695","-87.588624315","POINT (-87.588624314753 41.660503695419)"
"53bfb276f0166d3f4fd5864cbab98878100a644f27374f46b39cfe6c7b735e346007ed1dab2d0c199a7c0e731bfcc5cbefc3f70d8b34d0ffad418599253f97bb",,"2024-05-05T20:15:00.000","15","NO CONTROLS","NO CONTROLS","CLEAR","DAYLIGHT","ANGLE","ALLEY",,"STRAIGHT AND LEVEL","DRY","NO DEFECTS","NOT ON SCENE (DESK REPORT)","NO INJURY / DRIVE AWAY",,,,"OVER $1,500","2024-05-05T21:15:00.000","FAILING TO YIELD RIGHT-OF-WAY","NOT APPLICABLE","1903","W","DIVISION ST","1212",,,,,,,"2","NO INDICATION OF INJURY","0","0","0","0","0","2","0","20","1","5","41.903118635","-87.674964779","POINT (-87.674964778858 41.903118635186)"
"b0b6cfdbb0fde185caeeeb75330695d7c5b39a03a5922c485623e89bb20595c5e35ffc9f368e279838756bcc0cd660224a850d875812778fa71af88a39722250",,"2024-05-05T20:04:00.000","30","TRAFFIC SIGNAL","FUNCTIONING PROPERLY","CLEAR","DUSK","TURNING","FOUR WAY",,"STRAIGHT AND LEVEL","DRY","UNKNOWN","ON SCENE","NO INJURY / DRIVE AWAY","Y",,,"OVER $1,500","2024-05-05T20:05:00.000","PHYSICAL CONDITION OF DRIVER","UNABLE TO DETERMINE","1999","E","79TH ST","414",,,,,,,"3","NO INDICATION OF INJURY","0","0","0","0","0","3","0","20","1","5","41.751495678","-87.576040694","POINT (-87.57604069412 41.751495678438)"
"bf2d1e0c08a579ef11bdda4d4a3cbf66e2d72609a99cbf08b1a16cc58c9e9fe4777bc8081ac5060968d0781720984b8f875f0878f220fe5a9138d2ab64e01b4b",,"2024-05-05T19:47:00.000","30","TRAFFIC SIGNAL","FUNCTIONING PROPERLY","CLEAR","DARKNESS","PEDALCYCLIST","NOT DIVIDED",,"STRAIGHT AND LEVEL","DRY","NO DEFECTS","NOT ON SCENE (DESK REPORT)","INJURY AND / OR TOW DUE TO CRASH",,,,"$500 OR LESS","2024-05-06T18:30:00.000","FAILING TO YIELD RIGHT-OF-WAY","NOT APPLICABLE","981","N","CALIFORNIA AVE","1211",,,,,,,"2","REPORTED, NOT EVIDENT","1","0","0","0","1","1","0","19","1","5","41.899224596","-87.696642375","POINT (-87.696642374961 41.899224596015)"
"ac17bf48cb7bb785cb152a8165fb6211662cc422882748d154101a451fe2d1ad234b1775c2533dd7a732db95ad57ef3d84fc2f26f594938db58a17c8739f143e",,"2024-05-05T19:40:00.000","30","TRAFFIC SIGNAL","FUNCTIONING PROPERLY","CLEAR","DAWN","TURNING","FOUR WAY",,"STRAIGHT AND LEVEL","DRY","NO DEFECTS","NOT ON SCENE (DESK REPORT)","NO INJURY / DRIVE AWAY","Y",,"Y","OVER $1,500","2024-05-05T20:30:00.000","FAILING TO YIELD RIGHT-OF-WAY","UNABLE TO DETERMINE","3799","W","HARRISON ST","1133",,,,,,,"2","NO INDICATION OF INJURY","0","0","0","0","0","3","0","19","1","5","41.873405849","-87.72033139","POINT (-87.720331389988 41.87340584874)"
"2b004db4c2a44757c791c5a309be96bf4e7ede3d7891a9e0351cc9f79c3df0b3e80e5b752204e3a2ff79f3453be929153c5df5e7c019da438a7e6ee82fa53fc4",,"2024-05-05T19:35:00.000","30","NO CONTROLS","NO CONTROLS","CLEAR","DAYLIGHT","PARKED MOTOR VEHICLE","NOT DIVIDED",,"STRAIGHT AND LEVEL","DRY","NO DEFECTS","NOT ON SCENE (DESK REPORT)","NO INJURY / DRIVE AWAY",,,"Y","$501 - $1,500","2024-05-08T19:01:00.000","IMPROPER BACKING","NOT APPLICABLE","3120","W","59TH ST","824",,,,,,,"2","NO INDICATION OF INJURY","0","0","0","0","0","1","0","19","1","5","41.786380451","-87.70188825","POINT (-87.701888250361 41.786380450598)"
"7a448261bcf6228e0faf283faf8ba786f42dd5e27f95e3779911d46523ab1ba00a25aefa1ce864906797cc183e3f691156edb3caac3f0fe6a05cbce2008817b5",,"2024-05-05T19:35:00.000","20","NO CONTROLS","NO CONTROLS","CLEAR","DAYLIGHT","PARKED MOTOR VEHICLE","NOT DIVIDED",,"STRAIGHT AND LEVEL","DRY","NO DEFECTS","ON SCENE","NO INJURY / DRIVE AWAY",,,"Y","OVER $1,500","2024-05-05T19:35:00.000","NOT APPLICABLE","NOT APPLICABLE","7654","S","STEWART AVE","621",,,,,,,"2","NO INDICATION OF INJURY","0","0","0","0","0","2","0","19","1","5","41.754632766","-87.634543497","POINT (-87.634543496665 41.754632766082)"
"0790ba72e6e435d31852ef5290d033dfba3ccc151f5e1d95ac054502fe176b99f59fa9174ed8c1d14d65a0f660f0af3088ec23f3a978a88550e666b2b061ae08",,"2024-05-05T19:31:00.000","30","STOP SIGN/FLASHER","FUNCTIONING PROPERLY","CLEAR","DUSK","SIDESWIPE SAME DIRECTION","NOT REPORTED",,"STRAIGHT AND LEVEL","DRY","NO DEFECTS","ON SCENE","INJURY AND / OR TOW DUE TO CRASH",,,"Y","OVER $1,500","2024-05-05T19:32:00.000","UNABLE TO DETERMINE","NOT APPLICABLE","2300","S","SACRAMENTO AVE","1033",,"N",,,,,"5","NO INDICATION OF INJURY","0","0","0","0","0","4","0","19","1","5","41.849923236","-87.700446168","POINT (-87.700446168249 41.849923235684)"
"90814320698ea2ecf9fad36abd59a97c21df9af2331123cdcf53a9078b1fd46c66149918432ccc9f84bb7606eba8497fde69ab525a7a29b60aa53641593e2129",,"2024-05-05T19:30:00.000","30","NO CONTROLS","NO CONTROLS","CLEAR","DUSK","REAR END","DIVIDED - W/MEDIAN (NOT RAISED)",,"STRAIGHT AND LEVEL","UNKNOWN","UNKNOWN","NOT ON SCENE (DESK REPORT)","NO INJURY / DRIVE AWAY",,,"Y","OVER $1,500","2024-05-05T20:10:00.000","UNABLE TO DETERMINE","UNABLE TO DETERMINE","5554","W","BELMONT AVE","1633",,,,,,,"2","NO INDICATION OF INJURY","0","0","0","0","0","2","0","19","1","5","41.938686855","-87.766281851","POINT (-87.766281851461 41.938686855119)"
"eef4eb552fb2f8919babf9d66ddb95bcb1cc95864655933b2d9fb31bfb9411e36c90aca469f889655969ad0dd84d493c212f5131e65b20e2d5c743eb8e66ec93",,"2024-05-05T19:30:00.000","10","NO CONTROLS","NO CONTROLS","CLEAR","DARKNESS, LIGHTED ROAD","PARKED MOTOR VEHICLE","ROUNDABOUT",,"STRAIGHT AND LEVEL","DRY","NO DEFECTS",,"NO INJURY / DRIVE AWAY",,,,"$500 OR LESS","2024-05-05T19:31:00.000","IMPROPER BACKING","NOT APPLICABLE","1515","N","CLYBOURN AVE","1822",,,,,,,"2","NO INDICATION OF INJURY","0","0","0","0","0","1","0","19","1","5","41.908996094","-87.646635308","POINT (-87.646635307603 41.908996093668)"
"f94ec3fa7836828ad006e0d964cd2ce687a1cbb8c041b438cb7b2b343aa7812119e949a5b3194f4ded41dcf0ade1efba3d96817bed87ee4338322b996126e455",,"2024-05-05T19:30:00.000","30","TRAFFIC SIGNAL","FUNCTIONING PROPERLY","CLEAR","DAYLIGHT","TURNING","FOUR WAY",,"STRAIGHT AND LEVEL","DRY","NO DEFECTS","NOT ON SCENE (DESK REPORT)","NO INJURY / DRIVE AWAY",,,,"$501 - $1,500","2024-05-05T21:00:00.000","UNABLE TO DETERMINE","NOT APPLICABLE","701","S","CICERO AVE","1131",,,,,,,"2","NO INDICATION OF INJURY","0","0","0","0","0","2","0","19","1","5","41.87205936","-87.744785624","POINT (-87.744785624327 41.872059359507)"
"8c4e20ee4f40e372050a562e6a6032399bebc47a61730698f98b43c9b508407e934c68613e47f30900232a7c68dd2440ded6b4e5d4ddc1e0624a1de563d44016",,"2024-05-05T19:08:00.000","30","TRAFFIC SIGNAL","FUNCTIONING PROPERLY","CLEAR","DAYLIGHT","TURNING","T-INTERSECTION",,"STRAIGHT AND LEVEL","DRY","NO DEFECTS","NOT ON SCENE (DESK REPORT)","NO INJURY / DRIVE AWAY","Y",,,"OVER $1,500","2024-05-06T09:30:00.000","FAILING TO YIELD RIGHT-OF-WAY","FAILING TO REDUCE SPEED TO AVOID CRASH","1999","E","95TH ST","431",,,,,,,"2","NO INDICATION OF INJURY","0","0","0","0","0","2","0","19","1","5","41.72235866","-87.575414254","POINT (-87.575414253599 41.722358660246)"
"8dabd93cc8b3ef852f0157e8bf456bced373c10904c84e3b1a22855b0e5efd10386d41f3d49c2eeb99c7b693860d42d8f2e754bcc609be9643c5a9c46537334b",,"2024-05-05T19:01:00.000","30","TRAFFIC SIGNAL","FUNCTIONING PROPERLY","CLEAR","DARKNESS, LIGHTED ROAD","SIDESWIPE SAME DIRECTION","DIVIDED - W/MEDIAN (NOT RAISED)",,"STRAIGHT AND LEVEL","DRY","UNKNOWN","ON SCENE","NO INJURY / DRIVE AWAY",,,"Y","OVER $1,500","2024-05-05T19:01:00.000","UNABLE TO DETERMINE","IMPROPER OVERTAKING/PASSING","7831","S","STONY ISLAND AVE","411",,,,,,,"3","NO INDICATION OF INJURY","0","0","0","0","0","5","0","19","1","5","41.752361465","-87.585336563","POINT (-87.585336562763 41.752361464886)"
"3cb0e91e3a8f0786866f7f57e715df5313519ae331d407551006125e8abdf20539a961986dfadd4adecaab43287f8b3b65b844031da9f1578d4ca64c9976b44c",,"2024-05-05T19:00:00.000","25","NO CONTROLS","NO CONTROLS","UNKNOWN","DARKNESS","PARKED MOTOR VEHICLE","NOT DIVIDED",,"STRAIGHT AND LEVEL","DRY","NO DEFECTS","ON SCENE","INJURY AND / OR TOW DUE TO CRASH",,,"Y","OVER $1,500","2024-05-06T10:00:00.000","UNABLE TO DETERMINE","UNABLE TO DETERMINE","7557","S","STEWART AVE","623",,,,,,,"3","NO INDICATION OF INJURY","0","0","0","0","0","1","0","19","1","5","41.756403717","-87.634296221","POINT (-87.634296220533 41.756403716747)"
"48089d76e49b897fb9cf06b1dd7291e08fca062e73aaf813f828aa4251d2d7b98021339a3df0c0c92d4eaf31ef45f457eb30f8b1a1a72d00d8d90a3f1f0f1d64",,"2024-05-05T19:00:00.000","10","NO CONTROLS","NO CONTROLS","CLEAR","DAYLIGHT","SIDESWIPE OPPOSITE DIRECTION","PARKING LOT",,"STRAIGHT AND LEVEL","DRY","NO DEFECTS","NOT ON SCENE (DESK REPORT)","NO INJURY / DRIVE AWAY",,,"Y","$501 - $1,500","2024-05-05T21:50:00.000","DRIVING SKILLS/KNOWLEDGE/EXPERIENCE","NOT APPLICABLE","1123","E","101ST ST","511","N",,,,,,"2","NO INDICATION OF INJURY","0","0","0","0","0","3","0","19","1","5","41.710817905","-87.596847218","POINT (-87.5968472184 41.710817905002)"
"6ffaa3e195b9d6a59d364eab83d8634818111343115ce5a6bcd87b7cdef67a91fd6cf84eba5c4f96b18e85c4b2e14bf3c45b6631c5f664e4204ef34d2893cfd2",,"2024-05-05T19:00:00.000","20","NO CONTROLS","NO CONTROLS","CLEAR","DAYLIGHT","PARKED MOTOR VEHICLE","DIVIDED - W/MEDIAN (NOT RAISED)",,"STRAIGHT AND LEVEL","DRY","UNKNOWN","NOT ON SCENE (DESK REPORT)","NO INJURY / DRIVE AWAY",,,"Y","$501 - $1,500","2024-05-05T19:11:00.000","UNABLE TO DETERMINE","UNABLE TO DETERMINE","5400","N","VIRGINIA AVE","2011",,,,,,,"2","NO INDICATION OF INJURY","0","0","0","0","0","1","0","19","1","5","41.979462235","-87.704104536","POINT (-87.704104535952 41.979462235286)"