"crash_record_id","crash_date_est_i","crash_date","posted_speed_limit","traffic_control_device","device_condition","weather_condition","lighting_condition","first_crash_type","trafficway_type","lane_cnt","alignment","roadway_surface_cond","road_defect","report_type","crash_type","intersection_related_i","private_property_i","hit_and_run_i","damage","date_police_notified","prim_contributory_cause","sec_contributory_cause","street_no","street_direction","street_name","beat_of_occurrence","photos_taken_i","statements_taken_i","dooring_i","work_zone_i","work_zone_type","workers_present_i","num_units","most_severe_injury","injuries_total","injuries_fatal","injuries_incapacitating","injuries_non_incapacitating","injuries_reported_not_evident","injuries_no_indication","injuries_unknown","crash_hour","crash_day_of_week","crash_month","latitude","longitude","location"
"abd06b5edd26256adb1d80846d70a0ae4827509445bed0d0c6ed277501a4cc1e841e46494255e62ea78b7c7a301fb89b53cd11d2390f4dba967ae2889e4c84d5",,"2024-05-05T19:00:00.000","30","TRAFFIC SIGNAL","FUNCTIONING PROPERLY","CLEAR","DUSK","TURNING","DIVIDED - W/MEDIAN (NOT RAISED)",,"STRAIGHT AND LEVEL","DRY","NO DEFECTS","NOT ON SCENE (DESK REPORT)","NO INJURY / DRIVE AWAY",,,"Y","OVER $1,500","2024-05-05T21:30:00.000","FAILING TO YIELD RIGHT-OF-WAY","NOT APPLICABLE","7500","S","STATE ST","623",,,,,,,"2","NO INDICATION OF INJURY","0","0","0","0","0","2","0","19","1","5","41.758092176","-87.624902228","POINT (-87.624902228247 41.758092176383)"
"d1622334ff27ba7d0f020342f5932fd46be6e8e92636692e742133e4fcb740fcd75b6e3ab07c681e78339138ff6bf5a0cd415d3b8021bc298d7a571b3a6aa494",,"2024-05-05T19:00:00.000","30","NO CONTROLS","NO CONTROLS","CLEAR","DUSK","TURNING","NOT DIVIDED",,"STRAIGHT AND LEVEL","DRY","NO DEFECTS","NOT ON SCENE (DESK REPORT)","NO INJURY / DRIVE AWAY",,,,"OVER $1,500","2024-05-07T01:00:00.000","FAILING TO YIELD RIGHT-OF-WAY","FAILING TO YIELD RIGHT-OF-WAY","2417","W","44TH ST","922",,,,,,,"2","NO INDICATION OF INJURY","0","0","0","0","0","2","0","19","1","5","41.813762802","-87.685403541","POINT (-87.685403540547 41.81376280193)"
"e31d1c7e8f789f7751aa6a3689bc60c6f93768cbb313fe0e721d98ca3cbddf1efbcb6ac1091f28810c41ddb40361c9fe5395d0278d38d2417c00b2ebac25ec1f",,"2024-05-05T19:00:00.000","30","TRAFFIC SIGNAL","FUNCTIONING PROPERLY","CLEAR","DAYLIGHT","REAR END","UNKNOWN INTERSECTION TYPE",,"STRAIGHT AND LEVEL","DRY","NO DEFECTS","NOT ON SCENE (DESK REPORT)","NO INJURY / DRIVE AWAY",,,,"OVER $1,500","2024-05-05T19:30:00.000","UNABLE TO DETERMINE","UNABLE TO DETERMINE","2419","S","DR MARTIN LUTHER KING JR DR","132",,"N",,,,,"2","NO INDICATION OF INJURY","0","0","0","0","0","2","0","19","1","5","41.848848352","-87.617565314","POINT (-87.617565313845 41.84884835211)"
"f04cdda21e2584bd1773df93cdaa03fe0e26f1ac9f4184093ae2ae40526a0036dbfd69c130e2e096d3b035dc8d8ddb2c890ca891d9a8a026a13a6b40f6ef8f11",,"2024-05-05T18:53:00.000","10","NO CONTROLS","NO CONTROLS","CLEAR","DAYLIGHT","REAR TO SIDE","PARKING LOT",,"STRAIGHT AND LEVEL","UNKNOWN","UNKNOWN","ON SCENE","NO INJURY / DRIVE AWAY",,,,"OVER $1,500","2024-05-05T18:55:00.000","IMPROPER BACKING","FAILING TO YIELD RIGHT-OF-WAY","7902","S","EXCHANGE AVE","422",,,,,,,"2","NO INDICATION OF INJURY","0","0","0","0","0","2","0","18","1","5","41.751761553","-87.553043194","POINT (-87.553043194069 41.751761552693)"
"c3ca5c550c83064150f753603ff500ca097f12e6cb0c4c6dbd279d52bd2e764a191bc491728cb88b8dbc51e5925866736185ea1dca3383dcbe77009a289036d8",,"2024-05-05T18:40:00.000","30","NO CONTROLS","NO CONTROLS","CLEAR","DAYLIGHT","FIXED OBJECT","NOT DIVIDED",,"STRAIGHT AND LEVEL","DRY","NO DEFECTS","NOT ON SCENE (DESK REPORT)","INJURY AND / OR TOW DUE TO CRASH",,,,"OVER $1,500","2024-05-05T19:53:00.000","EQUIPMENT - VEHICLE CONDITION","DRIVING SKILLS/KNOWLEDGE/EXPERIENCE","7600","S","COTTAGE GROVE AVE","624",,,,,,,"1","NO INDICATION OF INJURY","0","0","0","0","0","1","0","18","1","5","41.756663578","-87.605487366","POINT (-87.605487366182 41.756663577514)"
"14a8bd0b61b0ba59a89e44aad5161dea53459eac4083bcf6be6c37d0b01d183313ec4114420408d0447631c9e796a944efe975a3b6f440d094d06e8e595e008d",,"2024-05-05T18:38:00.000","30","NO CONTROLS","NO CONTROLS","CLEAR","DAYLIGHT","PEDESTRIAN","NOT DIVIDED",,"STRAIGHT AND LEVEL","DRY","NO DEFECTS","ON SCENE","INJURY AND / OR TOW DUE TO CRASH",,,,"$501 - $1,500","2024-05-05T18:44:00.000","VISION OBSCURED (SIGNS, TREE LIMBS, BUILDINGS, ETC.)","NOT APPLICABLE","10599","S","PULASKI RD","2211",,,,,,,"2","NONINCAPACITATING INJURY","1","0","0","1","0","1","0","18","1","5","41.700446598","-87.720545149","POINT (-87.72054514866 41.700446598488)"
"d5c07ae4e586be8830ac83db46da83398f8d02ab30e7dc8711f13eeb1a5ffac65413b6229f03d55fb95e032cfe52e8aef0ab8cb6ffd5890e2dafa2c8926fab5b",,"2024-05-05T18:33:00.000","30","NO CONTROLS","NO CONTROLS","CLEAR","DAYLIGHT","REAR END","DIVIDED - W/MEDIAN (NOT RAISED)",,"STRAIGHT AND LEVEL","DRY","NO DEFECTS","ON SCENE","INJURY AND / OR TOW DUE TO CRASH",,,,"OVER $1,500","2024-05-05T18:35:00.000","FOLLOWING TOO CLOSELY","NOT APPLICABLE","3047","W","DIVERSEY AVE","1411",,,,,,,"2","NO INDICATION OF INJURY","0","0","0","0","0","4","0","18","1","5","41.931934932","-87.704443534","POINT (-87.704443534419 41.931934931806)"
"53d29beb3970a0cf2f52684fe69e3eba5f61b8ce52093f733d58784d16f9a27d91f3e75dabf098cc4270d21877ec0ebdc53cc93611075ee8652e053fc2d85e7d",,"2024-05-05T18:30:00.000","30","STOP SIGN/FLASHER","FUNCTIONING PROPERLY","CLEAR","DAYLIGHT","TURNING","DIVIDED - W/MEDIAN (NOT RAISED)",,"STRAIGHT AND LEVEL","DRY","NO DEFECTS","NOT ON SCENE (DESK REPORT)","NO INJURY / DRIVE AWAY","Y",,,"$501 - $1,500","2024-05-05T19:09:00.000","DRIVING SKILLS/KNOWLEDGE/EXPERIENCE","NOT APPLICABLE","8659","S","VERNON AVE","632",,,,,,,"2","NO INDICATION OF INJURY","0","0","0","0","0","3","0","18","1","5","41.736620306","-87.612761868","POINT (-87.612761867604 41.736620306265)"
"ce0802b868efd3ae7f9a50bb7f9f8648e856a4be7cfe361fa9c6ea24cddfa2fb03154d5b8aba6a3ac3e627ac8dc60f1945e6280c62c5e025c0e2b2392a8c593c",,"2024-05-05T18:30:00.000","30","TRAFFIC SIGNAL","FUNCTIONING PROPERLY","CLEAR","DAYLIGHT","REAR END","DIVIDED - W/MEDIAN (NOT RAISED)",,"STRAIGHT AND LEVEL","DRY","NO DEFECTS","NOT ON SCENE (DESK REPORT)","NO INJURY / DRIVE AWAY","Y",,"Y","OVER $1,500","2024-05-05T20:45:00.000","UNABLE TO DETERMINE","UNABLE TO DETERMINE","4219","S","CICERO AVE","815",,,,,,,"2","NO INDICATION OF INJURY","0","0","0","0","0","4","0","18","1","5","41.816136912","-87.743228343","POINT (-87.743228342699 41.816136911695)"
"446d147954771f8f1f5f5b96523c13b448f617d43d9d125091a0aa531bc5f8d8d900a512bb15c200cfb2a80cc80d6b84fa93b68357d29b4fb255550b70794bea",,"2024-05-05T18:20:00.000","30","TRAFFIC SIGNAL","UNKNOWN","CLEAR","DAYLIGHT","REAR END","NOT DIVIDED",,"STRAIGHT AND LEVEL","UNKNOWN","UNKNOWN","NOT ON SCENE (DESK REPORT)","NO INJURY / DRIVE AWAY",,,,"$501 - $1,500","2024-05-05T18:50:00.000","UNABLE TO DETERMINE","UNABLE TO DETERMINE","824","W","BELMONT AVE","1924",,,,,,,"2","NO INDICATION OF INJURY","0","0","0","0","0","7","0","18","1","5","41.940076855","-87.650294868","POINT (-87.650294867996 41.940076854718)"
"6d9f52d98fb954b94b273e17840af4575582af15148e55f5cf5dcb459c00d6529a3296d6c7b68da0f6e7f316c84f25798c8049458327a7d73c64d2c1d9e6285d",,"2024-05-05T18:15:00.000","30","NO CONTROLS","NO CONTROLS","CLEAR","DAYLIGHT","SIDESWIPE SAME DIRECTION","NOT DIVIDED",,"STRAIGHT AND LEVEL","DRY","NO DEFECTS","ON SCENE","NO INJURY / DRIVE AWAY",,,,"OVER $1,500","2024-05-05T18:20:00.000","UNABLE TO DETERMINE","NOT APPLICABLE","7300","N","WESTERN AVE","2411",,,,,,,"2","NO INDICATION OF INJURY","0","0","0","0","0","2","0","18","1","5","42.014183983","-87.69037835","POINT (-87.69037834982 42.014183982852)"
"87ceca7c094333a4e720677739ea4d23a79450c0466c5e86bb7d68aaad243d85d313f8e7fe092049ed468927d306d367f8bddd3ddeff9709d45c226aff87c76a","N","2024-05-05T18:11:00.000","25","NO CONTROLS","NO CONTROLS","CLEAR","DUSK","FIXED OBJECT","NOT DIVIDED",,"STRAIGHT AND LEVEL","DRY","UNKNOWN","ON SCENE","INJURY AND / OR TOW DUE TO CRASH",,,,"OVER $1,500","2024-05-05T18:11:00.000","PHYSICAL CONDITION OF DRIVER","PHYSICAL CONDITION OF DRIVER","10837","S","WENTWORTH AVE","513",,,,,,,"1","NONINCAPACITATING INJURY","1","0","0","1","0","0","0","18","1","5","41.696217727","-87.627847444","POINT (-87.627847444095 41.696217727453)"
"f84b67f1c47f53ad3a3a4480cfbaab55f2aac03af9f26eac57fbc0366ce395ae989a488706599bf4251b10c1e56fe02ac9ad272b0ee227d715d832bf835d215e",,"2024-05-05T18:11:00.000","30","NO CONTROLS","NO CONTROLS","CLEAR","DAYLIGHT","PARKED MOTOR VEHICLE","ONE-WAY",,"STRAIGHT AND LEVEL","DRY","NO DEFECTS","ON SCENE","NO INJURY / DRIVE AWAY",,,,"$501 - $1,500","2024-05-05T18:11:00.000","EQUIPMENT - VEHICLE CONDITION","UNABLE TO DETERMINE","4900","W","BERTEAU AVE","1624",,,,,,,"2","NO INDICATION OF INJURY","0","0","0","0","0","1","0","18","1","5","41.957147003","-87.750190662","POINT (-87.750190661562 41.957147003266)"
"a947654200bd879138801ba58650917789a94ae99696f28fd4d46a723744b1dd876dd76d98eed8e74a5dedfb45f32cbb5b1660f98555345ea88e43eb1f36f650",,"2024-05-05T18:03:00.000","20","NO CONTROLS","NO CONTROLS","CLEAR","DAYLIGHT","SIDESWIPE OPPOSITE DIRECTION","NOT DIVIDED",,"STRAIGHT AND LEVEL","DRY","NO DEFECTS","ON SCENE","NO INJURY / DRIVE AWAY",,,,"$500 OR LESS","2024-05-05T18:07:00.000","DRIVING SKILLS/KNOWLEDGE/EXPERIENCE","UNABLE TO DETERMINE","437","W","DEMING PL","1935",,,,,,,"2","NO INDICATION OF INJURY","0","0","0","0","0","3","0","18","1","5","41.929163921","-87.640506418","POINT (-87.640506418253 41.929163920821)"
"ba4ec4c75920f4a3418cdbe3880d9ab9c101388ddbebf62d5942da25c4f02f3b839d12a07af9b05272ba76fc334b7be4d074505cfc3573672598f6008ee5c300",,"2024-05-05T18:00:00.000","30","NO CONTROLS","NO CONTROLS","CLEAR","DUSK","PARKED MOTOR VEHICLE","DIVIDED - W/MEDIAN (NOT RAISED)",,"STRAIGHT AND LEVEL","DRY","UNKNOWN","NOT ON SCENE (DESK REPORT)","NO INJURY / DRIVE AWAY",,,,"$501 - $1,500","2024-05-05T21:25:00.000","UNABLE TO DETERMINE","UNABLE TO DETERMINE","738","N","HOMAN AVE","1121",,,,,,,"2","NO INDICATION OF INJURY","0","0","0","0","0","1","0","18","1","5","41.894844304","-87.711562965","POINT (-87.711562965277 41.894844304159)"
"dcd92292d4575ed150807839abdd0a3992179738deecd2377a51a318e0cbe1020ea3d3a9d619e47eb21d3fdb141abe1517b2ae87d24ac71dff6e7b6bf53f2403",,"2024-05-05T18:00:00.000","15","NO CONTROLS","NO CONTROLS","CLEAR","DAYLIGHT","PARKED MOTOR VEHICLE","PARKING LOT",,"STRAIGHT AND LEVEL","DRY","NO DEFECTS","ON SCENE","NO INJURY / DRIVE AWAY",,,"Y","OVER $1,500","2024-05-05T18:03:00.000","DRIVING SKILLS/KNOWLEDGE/EXPERIENCE","UNABLE TO DETERMINE","10255","W","ZEMKE RD","1654",,,,,,,"2","NO INDICATION OF INJURY","0","0","0","0","0","1","0","18","1","5","41.994793386","-87.88270766","POINT (-87.882707659516 41.994793386112)"
"feab6f25e3cfdde1e29e13224e4896bea8a3f21de8642c23583fcae617549761ddd8df30ee5ced517b9447ba73c9f3627e9b138718a63c1f6c880274673fbc5d",,"2024-05-05T18:00:00.000","30","NO CONTROLS","NO CONTROLS","UNKNOWN","DAYLIGHT","PARKED MOTOR VEHICLE","NOT DIVIDED",,"STRAIGHT AND LEVEL","UNKNOWN","UNKNOWN","NOT ON SCENE (DESK REPORT)","NO INJURY / DRIVE AWAY",,,"Y","OVER $1,500","2024-05-07T14:50:00.000","UNABLE TO DETERMINE","UNABLE TO DETERMINE","5740","N","WESTERN AVE","2011",,,,,,,"2","NO INDICATION OF INJURY","0","0","0","0","0","1","0","18","1","5","41.986209366","-87.689676825","POINT (-87.689676825052 41.986209366372)"
"dd42524f9cc804028bd6579d2cadf630c96043447e944e00182d60072db278628905cccd5a856bbb9a29ef9fa0d5cd6cc49d12705a11d5efbc7e883938b2cd2e",,"2024-05-05T17:46:00.000","30","UNKNOWN","UNKNOWN","UNKNOWN","DAYLIGHT","TURNING","NOT DIVIDED",,"STRAIGHT AND LEVEL","UNKNOWN","UNKNOWN","NOT ON SCENE (DESK REPORT)","NO INJURY / DRIVE AWAY",,,,"OVER $1,500","2024-05-08T17:29:00.000","UNABLE TO DETERMINE","UNABLE TO DETERMINE","4800","N","WESTERN AVE","2031",,,,,,,"2","NO INDICATION OF INJURY","0","0","0","0","0","2","0","17","1","5","41.968640727","-87.689054241","POINT (-87.689054240837 41.968640727477)"
"2b22357f90086822a4a3feb98e706f0b15b473e0b9f3a4f36dc4b02571552868b4bdedfd9df7365c81eef0e827e383abbcb032439fae68f7d5ad09d69e49972c",,"2024-05-05T17:33:00.000","30","NO CONTROLS","NO CONTROLS","CLEAR","DAYLIGHT","PARKED MOTOR VEHICLE","NOT DIVIDED",,"STRAIGHT AND LEVEL","DRY","NO DEFECTS","ON SCENE","INJURY AND / OR TOW DUE TO CRASH",,,"Y","OVER $1,500","2024-05-05T17:40:00.000","UNABLE TO DETERMINE","UNABLE TO DETERMINE","3110","S","ABERDEEN ST","913",,,,,,,"2","NO INDICATION OF INJURY","0","0","0","0","0","1","0","17","1","5","41.837585408","-87.653720016","POINT (-87.65372001607 41.83758540778)"
"83cd5a015aa447f5854643972303db4766f9c3daa4d4a8b2276e2a35ef1334fc58bbc4110709cd3fece1bacd43fc7b3b032e5fac7047eb974ad28cd93514ed33",,"2024-05-05T17:31:00.000","30","TRAFFIC SIGNAL","FUNCTIONING PROPERLY","CLEAR","DAYLIGHT","REAR END","NOT DIVIDED",,"STRAIGHT AND LEVEL","DRY","NO DEFECTS","NOT ON SCENE (DESK REPORT)","INJURY AND / OR TOW DUE TO CRASH",,,,"OVER $1,500","2024-05-05T18:42:00.000","FOLLOWING TOO CLOSELY","UNABLE TO DETERMINE","3211","S","WOOD ST","912",,,,,,,"2","REPORTED, NOT EVIDENT","2","0","0","0","2","4","0","17","1","5","41.83553906","-87.670379266","POINT (-87.670379265611 41.835539060406)"
"5305af04aea951f862e091b789810eb57f025b93cb1845c921e8f970e0df2d8665ddae4579d86db597da64fe78db17ee9d44c627597f53ca020a91360fc9f474",,"2024-05-05T17:30:00.000","30","TRAFFIC SIGNAL","FUNCTIONING PROPERLY","CLEAR","DAYLIGHT","REAR END","FOUR WAY",,"STRAIGHT AND LEVEL","DRY","NO DEFECTS","NOT ON SCENE (DESK REPORT)","NO INJURY / DRIVE AWAY",,,,"OVER $1,500","2024-05-06T12:40:00.000","UNABLE TO DETERMINE","NOT APPLICABLE","2201","W","95TH ST","2213",,,,,,,"2","NO INDICATION OF INJURY","0","0","0","0","0","3","0","17","1","5","41.720899921","-87.677276748","POINT (-87.677276748015 41.720899921062)"
"5f0073eb126010fa504e9e55325e5391c6b4d5081bf93ba0f9b84742388fa168f287a921b15019fc91169c930287f475ef5d74b2363c2501052a3921676332ab",,"2024-05-05T17:30:00.000","30","TRAFFIC SIGNAL","FUNCTIONING PROPERLY","CLEAR","DUSK","REAR END","NOT DIVIDED",,"STRAIGHT AND LEVEL","DRY","NO DEFECTS","NOT ON SCENE (DESK REPORT)","NO INJURY / DRIVE AWAY",,,"Y","OVER $1,500","2024-05-06T17:45:00.000","UNABLE TO DETERMINE","NOT APPLICABLE","5250","W","MADISON ST","1522",,,,,,,"2","NO INDICATION OF INJURY","0","0","0","0","0","2","0","17","1","5","41.880456965","-87.757131308","POINT (-87.757131308132 41.880456965119)"
"a457783aac887e4ed853e11d3f67148c4252543d935484e48e7ab887df3eaa1023ec05ffd1e6d9c74ade051dbf7120b4330bf1f82e2d786712bccd15c567426c",,"2024-05-05T17:30:00.000","10","NO CONTROLS","NO CONTROLS","CLEAR","DAYLIGHT","PARKED MOTOR VEHICLE","NOT DIVIDED",,"STRAIGHT AND LEVEL","DRY","UNKNOWN","ON SCENE","NO INJURY / DRIVE AWAY",,,"Y","$500 OR LESS","2024-05-05T18:09:00.000","UNABLE TO DETERMINE","NOT APPLICABLE","4754","S","CAMPBELL AVE","922",,,,,,,"2","NO INDICATION OF INJURY","0","0","0","0","0","1","0","17","1","5","41.806767908","-87.686979112","POINT (-87.686979112111 41.806767908424)"
"c3ba290eabeba769628a18f5f52412cdb14345264b7cf908d5134e646df644125fda91be6bf412c0d7d22e8e0ecf81c39624b328f9fe8f45dd5b0c3e59403eb4",,"2024-05-05T17:30:00.000","30","STOP SIGN/FLASHER","FUNCTIONING PROPERLY","CLEAR","DAYLIGHT","SIDESWIPE SAME DIRECTION","NOT DIVIDED",,"STRAIGHT AND LEVEL","UNKNOWN","UNKNOWN","NOT ON SCENE (DESK REPORT)","NO INJURY / DRIVE AWAY","Y",,"Y","$501 - $1,500","2024-05-05T17:47:00.000","IMPROPER OVERTAKING/PASSING","UNABLE TO DETERMINE","601","W","ADDISON ST","1925",,,,,,,"2","NO INDICATION OF INJURY","0","0","0","0","0","2","0","17","1","5","41.94780002","-87.645574495","POINT (-87.645574495175 41.94780001989)"
"8ec698250a2cdc1aab45c6db9bf76c35c2b8427effc554deb253448616b2653221be572f68e838fc6d31a3c8afc5b6d93023956c1f75ea053c1725cf2979feed",,"2024-05-05T17:27:00.000","30","TRAFFIC SIGNAL","FUNCTIONING PROPERLY","CLEAR","DAYLIGHT","REAR END","NOT DIVIDED",,"STRAIGHT AND LEVEL","DRY","SHOULDER DEFECT","ON SCENE","INJURY AND / OR TOW DUE TO CRASH","Y",,"Y","$500 OR LESS","2024-05-05T17:57:00.000","UNABLE TO DETERMINE","NOT APPLICABLE","1199","E","47TH ST","222",,,,,,,"2","NO INDICATION OF INJURY","0","0","0","0","0","2","0","17","1","5","41.809530812","-87.596952489","POINT (-87.596952488838 41.80953081168)"
"4483a9558fba8ac40bf453133bfc52b57d0f4c910f38e2c0d4d22d041e52351b138f89edd967bfe2ac59b1b6c7187f498c0fc3470a84fb040eb403acc624a37b",,"2024-05-05T17:26:00.000","30","TRAFFIC SIGNAL","FUNCTIONING PROPERLY","CLEAR","DAYLIGHT","TURNING","FOUR WAY",,"STRAIGHT AND LEVEL","DRY","NO DEFECTS","ON SCENE","NO INJURY / DRIVE AWAY","Y",,,"$500 OR LESS","2024-05-05T17:29:00.000","IMPROPER TURNING/NO SIGNAL","DRIVING SKILLS/KNOWLEDGE/EXPERIENCE","1001","W","VAN BUREN ST","1232",,,,,,,"2","NO INDICATION OF INJURY","0","0","0","0","0","2","0","17","1","5","41.876490554","-87.651919319","POINT (-87.651919318526 41.876490554192)"
"c54b8e693408f12e69e1c627038d1eeafff517248751eddc544b57438d494d3dd5774d5889ed00de92e9224c4de7860e63d340d0933c7b5543d629fede4e7224",,"2024-05-05T17:25:00.000","30","STOP SIGN/FLASHER","FUNCTIONING PROPERLY","CLEAR","DAYLIGHT","TURNING","T-INTERSECTION",,"STRAIGHT AND LEVEL","DRY","NO DEFECTS","ON SCENE","NO INJURY / DRIVE AWAY",,,"Y","OVER $1,500","2024-05-05T17:31:00.000","FAILING TO YIELD RIGHT-OF-WAY","NOT APPLICABLE","3700","W","47TH ST","821",,,,,,,"2","NO INDICATION OF INJURY","0","0","0","0","0","2","0","17","1","5","41.808073054","-87.716296412","POINT (-87.716296412225 41.808073054096)"
"2c260cc7545eb86997936cf283c21dbbb8bae1289671c63b7f3e01cedb09eb301445f4986db6181815a503f1232b6a8d19cca3027b8c7505d13efaa688add1ba","Y","2024-05-05T17:20:00.000","30","UNKNOWN","UNKNOWN","CLEAR","DAYLIGHT","PEDALCYCLIST","NOT DIVIDED",,"STRAIGHT AND LEVEL","DRY","UNKNOWN","NOT ON SCENE (DESK REPORT)","NO INJURY / DRIVE AWAY",,,"Y","$501 - $1,500","2024-05-05T23:10:00.000","NOT APPLICABLE","NOT APPLICABLE","401","N","LA SALLE DR","1831",,,,,,,"2","NO INDICATION OF INJURY","0","0","0","0","0","2","0","17","1","5","41.889232658","-87.632380478","POINT (-87.632380477825 41.889232658083)"
"d01677cc363757cf422016f11386181bc4d5dd6654a9eeb334daa1e0586c90308bc198f68254a96e28fd2136973da58e54f22f1f180ae73465a4791d96e6fbee",,"2024-05-05T17:20:00.000","30","NO CONTROLS","NO CONTROLS","CLEAR","DAYLIGHT","SIDESWIPE SAME DIRECTION","DIVIDED - W/MEDIAN BARRIER",,"STRAIGHT AND LEVEL","DRY","UNKNOWN","ON SCENE","NO INJURY / DRIVE AWAY",,,"Y","OVER $1,500","2024-05-05T17:20:00.000","UNABLE TO DETERMINE","UNABLE TO DETERMINE","5311","S","ASHLAND AVE","934",,,,,,,"2","NO INDICATION OF INJURY","0","0","0","0","0","6","0","17","1","5","41.797301327","-87.664524634","POINT (-87.664524633939 41.797301326993)"
"ff5cd4466494a8c2918d9b1d223e6c830f31a5fac93290abd3f506050ed6925b69471b119efb26ed3e15d2cb902ea60feee7848f752f9c0a5a88db9c1bcf469c",,"2024-05-05T17:11:00.000","30","STOP SIGN/FLASHER","FUNCTIONING PROPERLY","CLEAR","DAYLIGHT","PARKED MOTOR VEHICLE","NOT DIVIDED",,"STRAIGHT AND LEVEL","DRY","NO DEFECTS","ON SCENE","NO INJURY / DRIVE AWAY",,,"Y","OVER $1,500","2024-05-05T17:13:00.000","UNABLE TO DETERMINE","UNABLE TO DETERMINE","4557","N","LOWELL AVE","1722",,,,,,,"2","NO INDICATION OF INJURY","0","0","0","0","0","1","0","17","1","5","41.964345646","-87.736963106","POINT (-87.736963105965 41.964345645991)"
"356d10716d68447abfdbbd3e5d6f568ab8c25e4ccae6b7362d741dbdab1c1c11993cfcf4674418e4a85b7b81e4e5f91333d197fdf421645fdde65ab7c16d7a94","Y","2024-05-05T17:09:00.000","30","NO CONTROLS","NO CONTROLS","CLEAR","DAYLIGHT","SIDESWIPE SAME DIRECTION","NOT DIVIDED",,"STRAIGHT AND LEVEL","DRY","NO DEFECTS","ON SCENE","INJURY AND / OR TOW DUE TO CRASH",,,,"OVER $1,500","2024-05-05T17:09:00.000","FAILING TO YIELD RIGHT-OF-WAY","FAILING TO YIELD RIGHT-OF-WAY","4150","W","WASHINGTON BLVD","1114",,,,,,,"2","REPORTED, NOT EVIDENT","4","0","0","0","4","1","0","17","1","5","41.882100567","-87.730189513","POINT (-87.730189513047 41.882100567254)"
"d601243d008c2b1d59ef9f1565b30d9668e84a533222c57c9f8953597486cb1bdbbac6fbc42b92459e6c87b33a9f93880dd8479ccfb5ba93bcbb5e87618bffe2",,"2024-05-05T17:05:00.000","30","NO CONTROLS","NO CONTROLS","CLEAR","DAYLIGHT","REAR TO FRONT","NOT DIVIDED",,"STRAIGHT AND LEVEL","DRY","NO DEFECTS","ON SCENE","INJURY AND / OR TOW DUE TO CRASH",,,,"$501 - $1,500","2024-05-05T17:05:00.000","UNABLE TO DETERMINE","NOT APPLICABLE","5103","W","CHICAGO AVE","1531",,,,,,,"2","NO INDICATION OF INJURY","0","0","0","0","0","3","0","17","1","5","41.894851614","-87.753306304","POINT (-87.753306303905 41.894851614117)"
"468c3bd74da31a39e55d8531e3f3f674e1024fccb58c04dac30215afe2893944f4e053292baad25e432ec42b47c995a1d17769f7db0e85e56109532c25b4d0bb",,"2024-05-05T17:00:00.000","25","NO CONTROLS","NO CONTROLS","CLEAR","DAYLIGHT","REAR TO FRONT","NOT DIVIDED",,"STRAIGHT AND LEVEL","DRY","NO DEFECTS","NOT ON SCENE (DESK REPORT)","NO INJURY / DRIVE AWAY",,,,"OVER $1,500","2024-05-05T18:00:00.000","UNABLE TO DETERMINE","UNABLE TO DETERMINE","1323","W","47TH ST","933",,,,,,,"2","NO INDICATION OF INJURY","0","0","0","0","0","2","0","17","1","5","41.808576602","-87.658765355","POINT (-87.658765355322 41.808576602378)"
"beb858130f386f2a05b309f6ea8cdfb827e25ad634179a314757c2454cea72fe3a840a3d1230aee1e2aab7f280d7fa534407fa28ef499190851c2f4d0450af56",,"2024-05-05T17:00:00.000","25","NO CONTROLS","NO CONTROLS","CLEAR","DAYLIGHT","PARKED MOTOR VEHICLE","ONE-WAY",,"STRAIGHT AND LEVEL","DRY","NO DEFECTS","NOT ON SCENE (DESK REPORT)","NO INJURY / DRIVE AWAY",,,,"OVER $1,500","2024-05-05T18:00:00.000","IMPROPER LANE USAGE","IMPROPER LANE USAGE","170","N","DEARBORN ST","111",,,,,,,"2","NO INDICATION OF INJURY","0","0","0","0","0","1","0","17","1","5","41.885142426","-87.629624335","POINT (-87.629624335144 41.88514242566)"