"crash_record_id","crash_date_est_i","crash_date","posted_speed_limit","traffic_control_device","device_condition","weather_condition","lighting_condition","first_crash_type","trafficway_type","lane_cnt","alignment","roadway_surface_cond","road_defect","report_type","crash_type","intersection_related_i","private_property_i","hit_and_run_i","damage","date_police_notified","prim_contributory_cause","sec_contributory_cause","street_no","street_direction","street_name","beat_of_occurrence","photos_taken_i","statements_taken_i","dooring_i","work_zone_i","work_zone_type","workers_present_i","num_units","most_severe_injury","injuries_total","injuries_fatal","injuries_incapacitating","injuries_non_incapacitating","injuries_reported_not_evident","injuries_no_indication","injuries_unknown","crash_hour","crash_day_of_week","crash_month","latitude","longitude","location"
"dee585a2b10ce813085aa37ca2d99b3ab6549b6bc053eaa4be480e70e602d6185ce9e89b9af2c6c7cd05acdfaf97db119d40181e332b3464e937ed55ac751140","Y","2024-05-05T17:00:00.000","10","NO CONTROLS","NO CONTROLS","CLEAR","DAYLIGHT","PARKED MOTOR VEHICLE","PARKING LOT",,"STRAIGHT AND LEVEL","DRY","NO DEFECTS","NOT ON SCENE (DESK REPORT)","NO INJURY / DRIVE AWAY",,,"Y","OVER $1,500","2024-05-08T10:30:00.000","UNABLE TO DETERMINE","NOT APPLICABLE","2599","S","ROCKWELL ST","1034",,,,,,,"2","NO INDICATION OF INJURY","0","0","0","0","0","1","0","17","1","5","41.844802923","-87.69019361","POINT (-87.690193610057 41.844802923159)"
"f3c017d67654cdac521b00718d3634db10dfc99d3b961973805d76f35d630156f43e317d9bb0788194ba6159a89ad75f53e2838c38155d56057236357a871746",,"2024-05-05T16:56:00.000","35","TRAFFIC SIGNAL","FUNCTIONING PROPERLY","CLEAR","DAYLIGHT","TURNING","DIVIDED - W/MEDIAN (NOT RAISED)",,"STRAIGHT AND LEVEL","DRY","NO DEFECTS","NOT ON SCENE (DESK REPORT)","NO INJURY / DRIVE AWAY","Y",,"Y","OVER $1,500","2024-05-05T19:00:00.000","IMPROPER TURNING/NO SIGNAL","UNABLE TO DETERMINE","9100","S","LAFAYETTE AVE","634",,,,,,,"2","NO INDICATION OF INJURY","0","0","0","0","0","2","0","16","1","5","41.728930723","-87.625382756","POINT (-87.625382756311 41.72893072336)"
"0ce0b6e7ba36e0e5d139096cbaf8d485c79134066a99b63a81c91e2b9e077f94a0e4438bd5a366e86f1842be84c530080266a1906a44130696b3480b91b35064",,"2024-05-05T16:55:00.000","30","NO CONTROLS","NO CONTROLS","CLEAR","DAYLIGHT","REAR TO FRONT","NOT DIVIDED",,"STRAIGHT AND LEVEL","DRY","NO DEFECTS","NOT ON SCENE (DESK REPORT)","NO INJURY / DRIVE AWAY",,,,"OVER $1,500","2024-05-05T18:09:00.000","UNABLE TO DETERMINE","NOT APPLICABLE","1321","W","47TH ST","933",,,,,,,"2","NO INDICATION OF INJURY","0","0","0","0","0","2","0","16","1","5","41.808578077","-87.658664808","POINT (-87.658664808318 41.808578077314)"
"5be862f732b47a337ced5469ef9b2927ace7be52a744b9b3a69e3a295ce8f9ccb1ae5300d67002483f8b92ccc441789875ebdaafa53be327a42e27ed3f9524ff",,"2024-05-05T16:50:00.000","10","NO CONTROLS","NO CONTROLS","CLEAR","DAYLIGHT","REAR TO SIDE","PARKING LOT",,"STRAIGHT AND LEVEL","DRY","NO DEFECTS","NOT ON SCENE (DESK REPORT)","INJURY AND / OR TOW DUE TO CRASH",,,,"OVER $1,500","2024-05-05T17:10:00.000","IMPROPER BACKING","NOT APPLICABLE","549","E","PERSHING RD","214",,,,,,,"2","NONINCAPACITATING INJURY","2","0","0","2","0","2","0","16","1","5","41.823773849","-87.613169375","POINT (-87.613169375133 41.823773849094)"
"e75a85420fb06e6be5c8f0d304e6670f1ee9f7fb7b6a4410a858ec57e6540a40b90a1c8cdf8a88adeab558bc5999ed1f16d075a9225b5bb37946e4fd6d8b000e",,"2024-05-05T16:44:00.000","30","NO CONTROLS","NO CONTROLS","CLEAR","DAYLIGHT","REAR END","DIVIDED - W/MEDIAN (NOT RAISED)",,"STRAIGHT AND LEVEL","DRY","NO DEFECTS","NOT ON SCENE (DESK REPORT)","NO INJURY / DRIVE AWAY",,,,"OVER $1,500","2024-05-05T17:43:00.000","UNABLE TO DETERMINE","UNABLE TO DETERMINE","3439","W","FOSTER AVE","1712",,,,,,,"2","NO INDICATION OF INJURY","0","0","0","0","0","3","0","16","1","5","41.975563578","-87.715145749","POINT (-87.715145749176 41.975563578061)"
"05a69c1f0c40a416a9bd64a20df8de372b41327dde9b4dd433ed70852662e41f1cb7dc6b44c24ec68eed4cba276318550983d1d0a6dff0e520a04656e8297880",,"2024-05-05T16:30:00.000","30","NO CONTROLS","NO CONTROLS","CLEAR","DAYLIGHT","ANGLE","PARKING LOT",,"STRAIGHT AND LEVEL","UNKNOWN","UNKNOWN","NOT ON SCENE (DESK REPORT)","NO INJURY / DRIVE AWAY",,"Y",,"$501 - $1,500","2024-05-05T17:10:00.000","UNABLE TO DETERMINE","NOT APPLICABLE","6009","N","BROADWAY","2433",,,,,,,"2","NO INDICATION OF INJURY","0","0","0","0","0","2","0","16","1","5","41.991181753","-87.660155083","POINT (-87.660155083224 41.991181753447)"
"9011cd9ac69328ca0f7a6ccf64fa06755b1f231610bf1159bcb2bbc5f7be45b0d9b6509c97772a1e7c74a0a1ffb94d4466ed9c15af7195e65c56afc4e6b2cdd3",,"2024-05-05T16:30:00.000","30","STOP SIGN/FLASHER","FUNCTIONING PROPERLY","CLEAR","DAYLIGHT","REAR END","NOT DIVIDED",,"STRAIGHT AND LEVEL","DRY","NO DEFECTS","NOT ON SCENE (DESK REPORT)","NO INJURY / DRIVE AWAY",,,,"$501 - $1,500","2024-05-05T17:05:00.000","FOLLOWING TOO CLOSELY","NOT APPLICABLE","1806","W","PRATT BLVD","2424",,,,,,,"2","NO INDICATION OF INJURY","0","0","0","0","0","3","0","16","1","5","42.005398582","-87.676033347","POINT (-87.676033347038 42.005398582384)"
"c219943055358ee34d1669fe618d015b8c346ab7d36a8a11aa98e1eb5a19a4ea4821ade9355752b1deecf45a7b6e9e6f15c537b2d0d7f867e71692bb89f36e24",,"2024-05-05T16:30:00.000","25","NO CONTROLS","NO CONTROLS","CLEAR","DAYLIGHT","SIDESWIPE SAME DIRECTION","NOT DIVIDED",,"STRAIGHT AND LEVEL","DRY","NO DEFECTS","NOT ON SCENE (DESK REPORT)","NO INJURY / DRIVE AWAY",,,,"OVER $1,500","2024-05-05T17:23:00.000","DRIVING SKILLS/KNOWLEDGE/EXPERIENCE","NOT APPLICABLE","11158","S","GREEN ST","2233",,,,,,,"2","NO INDICATION OF INJURY","0","0","0","0","0","2","0","16","1","5","41.690610703","-87.643687919","POINT (-87.643687919159 41.690610702859)"
"cbdac111db06439a58842c7560ba0c63e124e57eb56b2d45ae0d0bd8c626e70cefc18379ef13bd705f570c09ad9cc76d1c305d55a1c3850d9339b8f436467fee",,"2024-05-05T16:28:00.000","30","TRAFFIC SIGNAL","FUNCTIONING PROPERLY","CLEAR","DAYLIGHT","SIDESWIPE SAME DIRECTION","DIVIDED - W/MEDIAN BARRIER",,"STRAIGHT AND LEVEL","DRY","NO DEFECTS","ON SCENE","NO INJURY / DRIVE AWAY",,,,"$501 - $1,500","2024-05-05T17:14:00.000","UNABLE TO DETERMINE","DRIVING SKILLS/KNOWLEDGE/EXPERIENCE","7199","S","CICERO AVE","833",,,,,,,"2","NO INDICATION OF INJURY","0","0","0","0","0","2","0","16","1","5","41.762034845","-87.741681416","POINT (-87.741681416474 41.762034844788)"
"c65e3edab18e9352b23c2d8b7c599bf17113f95ff9f32ca9a314a1ce491cd65200890fe8108e5fd53df7bbc49c5e8e3b3214cc312d4850849e881188320d47d8",,"2024-05-05T16:26:00.000","20","STOP SIGN/FLASHER","FUNCTIONING PROPERLY","CLEAR","DAYLIGHT","TURNING","NOT DIVIDED",,"STRAIGHT AND LEVEL","DRY","NO DEFECTS","NOT ON SCENE (DESK REPORT)","NO INJURY / DRIVE AWAY",,,,"$501 - $1,500","2024-05-05T16:50:00.000","UNABLE TO DETERMINE","UNABLE TO DETERMINE","10900","S","DOTY AVE W","513",,,,,,,"2","NO INDICATION OF INJURY","0","0","0","0","0","2","0","16","1","5","41.696313684","-87.596632244","POINT (-87.596632243933 41.696313683973)"
"740d82e8a3cd44626e0232ceec5d85999c684f32a8ec0746ea39d4e092a007d146d041a66cbb086c2f4d8c7c4138ee5205d7d632bab857352b11c590001af0ac",,"2024-05-05T16:24:00.000","30","NO CONTROLS","NO CONTROLS","CLEAR","DAYLIGHT","SIDESWIPE SAME DIRECTION","DIVIDED - W/MEDIAN (NOT RAISED)",,"STRAIGHT AND LEVEL","DRY","NO DEFECTS","NOT ON SCENE (DESK REPORT)","NO INJURY / DRIVE AWAY",,,"Y","OVER $1,500","2024-05-05T18:40:00.000","IMPROPER OVERTAKING/PASSING","NOT APPLICABLE","1300","W","NORTH AVE","1433",,,,,,,"2","NO INDICATION OF INJURY","0","0","0","0","0","2","0","16","1","5","41.910850362","-87.66044504","POINT (-87.66044504039 41.910850361976)"
"ad8af857455749a2a8a1b422f31dd608b26698eb551523eb15e3ae25bc698ea663ac3b1cebeb9d08a0b6c61751016b8c34417ade3cd0afd6836f43b8b71bb263",,"2024-05-05T16:23:00.000","30","NO CONTROLS","NO CONTROLS","CLEAR","DAYLIGHT","REAR END","NOT DIVIDED",,"STRAIGHT AND LEVEL","DRY","NO DEFECTS","ON SCENE","NO INJURY / DRIVE AWAY",,,,"$500 OR LESS","2024-05-05T16:23:00.000","FAILING TO REDUCE SPEED TO AVOID CRASH","UNDER THE INFLUENCE OF ALCOHOL/DRUGS (USE WHEN ARREST IS EFFECTED)","5615","W","MONTROSE AVE","1624",,,,,,,"2","NO INDICATION OF INJURY","0","0","0","0","0","2","0","16","1","5","41.960366789","-87.767853526","POINT (-87.76785352561 41.960366789117)"
"5ade1b1961ef46a824141f9fbea1a83671a310da3134dc0ef9992bb2ebfa62c8ac7542f7b9e8fdecdfa455d13f45e81cdef6c322fcdb9c64795dd02602efe99e",,"2024-05-05T16:20:00.000","30","NO CONTROLS","NO CONTROLS","CLEAR","DAYLIGHT","ANGLE","ONE-WAY",,"STRAIGHT AND LEVEL","DRY","UNKNOWN","NOT ON SCENE (DESK REPORT)","NO INJURY / DRIVE AWAY",,,,"$501 - $1,500","2024-05-05T19:30:00.000","FAILING TO YIELD RIGHT-OF-WAY","UNABLE TO DETERMINE","2701","N","MARMORA AVE","2514",,,,,,,"2","NO INDICATION OF INJURY","0","0","0","0","0","2","0","16","1","5","41.929436775","-87.77332843","POINT (-87.773328430418 41.929436775434)"
"fab0eb1bd77711f7bc8a59b2e52be0ab531742d8d1bd0cd7b54e30e63875bf2779305af78e526e22eb7a18a97f26a2a7c6ebd1567368829fe2e6a3a1ccc942b9",,"2024-05-05T16:15:00.000","30","NO CONTROLS","NO CONTROLS","CLEAR","DAYLIGHT","FIXED OBJECT","PARKING LOT",,"STRAIGHT AND LEVEL","DRY","NO DEFECTS","NOT ON SCENE (DESK REPORT)","NO INJURY / DRIVE AWAY",,"Y",,"OVER $1,500","2024-05-05T18:14:00.000","UNABLE TO DETERMINE","NOT APPLICABLE","747","W","ADAMS ST","1232",,,,,,,"1","NO INDICATION OF INJURY","0","0","0","0","0","1","0","16","1","5","41.879124732","-87.646002271","POINT (-87.646002271441 41.879124731659)"
"5334a3229e72121f22a805d67c781fd785f3e85438eddd724b144874fb92a2e2c81c5484de05a68bcf9e7f8c3f6ee1ce2dd824dae48c1f64636773f315421bcc",,"2024-05-05T16:07:00.000","30","STOP SIGN/FLASHER","FUNCTIONING PROPERLY","CLEAR","DAYLIGHT","ANGLE","FOUR WAY",,"STRAIGHT AND LEVEL","DRY","UNKNOWN","ON SCENE","INJURY AND / OR TOW DUE TO CRASH","Y",,,"OVER $1,500","2024-05-05T16:31:00.000","UNABLE TO DETERMINE","UNABLE TO DETERMINE","5626","W","FULLERTON AVE","2515",,,,,,,"2","REPORTED, NOT EVIDENT","1","0","0","0","1","1","0","16","1","5","41.924073068","-87.767149075","POINT (-87.767149075065 41.924073067567)"
"5c2079b413bc357abc8632d4eb397d1fbee015252e4a98445f71c97a89dcb9ef52e5116d52052af88588a4d896d916ec2eee3fe2f560992ad3bdd3a79ba4c397","N","2024-05-05T16:00:00.000","30","NO CONTROLS","NO CONTROLS","CLEAR","DAYLIGHT","PARKED MOTOR VEHICLE","NOT DIVIDED",,"STRAIGHT AND LEVEL","DRY","NO DEFECTS","NOT ON SCENE (DESK REPORT)","NO INJURY / DRIVE AWAY",,,"Y","OVER $1,500","2024-05-07T10:45:00.000","IMPROPER LANE USAGE","UNABLE TO DETERMINE","5715","N","KILBOURN AVE","1711",,"Y",,,,,"2","NO INDICATION OF INJURY","0","0","0","0","0","1","0","16","1","5","41.985078144","-87.740686954","POINT (-87.740686953911 41.985078144098)"
"c924d028dfbaa6b1a02e232b74ff9ba70fb32dadf3f18c073a33163a9230436986e1e3390b23a58565c3a0ed7235a4073456e0f3ec7e6b07956e6697cec36a4f",,"2024-05-05T15:56:00.000","30","NO CONTROLS","NO CONTROLS","CLEAR","DAYLIGHT","PARKED MOTOR VEHICLE","ONE-WAY",,"STRAIGHT AND LEVEL","DRY","NO DEFECTS","ON SCENE","INJURY AND / OR TOW DUE TO CRASH",,,"Y","OVER $1,500","2024-05-05T15:56:00.000","UNABLE TO DETERMINE","UNABLE TO DETERMINE","6959","S","CRANDON AVE","331",,,,,,,"2",,,,,,,,,"15","1","5","41.768140491","-87.569681061","POINT (-87.569681060618 41.768140490993)"
"91225b3fc81a138619e073bb72314ed65547a5c64a2e89a1a9007ea87cc5525b600a73bba5dac4fa94f62addbf1aa3753822e2d60925ea835b7fab40f3c444aa",,"2024-05-05T15:50:00.000","30","NO CONTROLS","NO CONTROLS","CLEAR","DAYLIGHT","PARKED MOTOR VEHICLE","NOT DIVIDED",,"STRAIGHT AND LEVEL","DRY","NO DEFECTS","ON SCENE","NO INJURY / DRIVE AWAY",,,"Y","$500 OR LESS","2024-05-05T16:10:00.000","FOLLOWING TOO CLOSELY","NOT APPLICABLE","330","W","WEBSTER AVE","1814",,,,,,,"2","NO INDICATION OF INJURY","0","0","0","0","0","1","0","15","1","5","41.92208685","-87.63772276","POINT (-87.637722760056 41.922086849615)"
"b0fb87b9b1ebe586f7a56ae67794bac908b731679f7cb6ba71ae6800cf17f23fdf3e7f4f5821f1d8de465c7a6f939e62c047cc468e8f9fc7421a65a197d881f1",,"2024-05-05T15:50:00.000","30","NO CONTROLS","NO CONTROLS","CLEAR","DAYLIGHT","PARKED MOTOR VEHICLE","FOUR WAY",,"STRAIGHT AND LEVEL","DRY","NO DEFECTS","NOT ON SCENE (DESK REPORT)","NO INJURY / DRIVE AWAY",,,,"$501 - $1,500","2024-05-05T16:09:00.000","UNABLE TO DETERMINE","NOT APPLICABLE","1703","W","43RD ST","924",,,,,,,"2","NO INDICATION OF INJURY","0","0","0","0","0","2","0","15","1","5","41.815737933","-87.66774254","POINT (-87.667742539815 41.815737932894)"
"8fdd81da970bb072629776d5be51432da81176d5fae01deb9eadf5accbd62b7d1c55a087c73976502804cbde350a7c39aef4e7c4f72faa188a29f348a38e549c",,"2024-05-05T15:49:00.000","30","NO CONTROLS","NO CONTROLS","CLEAR","DAYLIGHT","PEDESTRIAN","NOT DIVIDED",,"STRAIGHT AND LEVEL","DRY","NO DEFECTS","ON SCENE","INJURY AND / OR TOW DUE TO CRASH",,,"Y","$500 OR LESS","2024-05-05T15:49:00.000","OPERATING VEHICLE IN ERRATIC, RECKLESS, CARELESS, NEGLIGENT OR AGGRESSIVE MANNER","OPERATING VEHICLE IN ERRATIC, RECKLESS, CARELESS, NEGLIGENT OR AGGRESSIVE MANNER","4729","N","CENTRAL AVE","1623",,,,,,,"2","NONINCAPACITATING INJURY","1","0","0","1","0","1","0","15","1","5","41.966797112","-87.767299481","POINT (-87.767299480627 41.966797112001)"
"7d803f6727a05e7b142c8d9096aa3cbb0fe60742b63764d65bfd585c95c39f12c9356f20fc160ca06ade92bd891568610c4d4ebdf66301931335dfcba45d0bcb",,"2024-05-05T15:45:00.000","30","TRAFFIC SIGNAL","FUNCTIONING PROPERLY","CLEAR","DAYLIGHT","ANGLE","FOUR WAY",,"STRAIGHT AND LEVEL","DRY","NO DEFECTS","NOT ON SCENE (DESK REPORT)","NO INJURY / DRIVE AWAY","Y",,"Y","OVER $1,500","2024-05-05T17:40:00.000","FAILING TO YIELD RIGHT-OF-WAY","UNABLE TO DETERMINE","4500","N","CENTRAL AVE","1622",,,,,,,"2","NO INDICATION OF INJURY","0","0","0","0","0","3","0","15","1","5","41.962396592","-87.767450513","POINT (-87.767450513017 41.962396591758)"
"836ac9847427561ecc2d30151523de44fe0550ca6b0dd4dd95ae91117f653d6d8a3a47177ccea8a3e435fdf7a1b96fff514a90f78272b9e74796dbe730b00d14",,"2024-05-05T15:45:00.000","30","NO CONTROLS","NO CONTROLS","CLEAR","DAYLIGHT","SIDESWIPE SAME DIRECTION","NOT DIVIDED",,"STRAIGHT AND LEVEL","DRY","NO DEFECTS","NOT ON SCENE (DESK REPORT)","NO INJURY / DRIVE AWAY",,,,"OVER $1,500","2024-05-05T18:00:00.000","UNABLE TO DETERMINE","UNABLE TO DETERMINE","918","W","35TH ST","913",,,,,,,"2","NO INDICATION OF INJURY","0","0","0","0","0","2","0","15","1","5","41.830816562","-87.649435339","POINT (-87.649435339254 41.830816561693)"
"b93920233fdcec85643edd8f217b8cda26610fd1b290327676da12a79d6aaa90b3fdf150c597e21f45e14919a24e7473fa487c9b7b4748559cb93f515d42756b",,"2024-05-05T15:45:00.000","45","NO CONTROLS","NO CONTROLS","CLEAR","DAYLIGHT","SIDESWIPE SAME DIRECTION","DIVIDED - W/MEDIAN BARRIER",,"CURVE, LEVEL","DRY","NO DEFECTS","ON SCENE","INJURY AND / OR TOW DUE TO CRASH",,,,"OVER $1,500","2024-05-05T16:00:00.000","DRIVING SKILLS/KNOWLEDGE/EXPERIENCE","DRIVING SKILLS/KNOWLEDGE/EXPERIENCE","6700","S","SOUTH SHORE DR","331",,,,,,,"3","NO INDICATION OF INJURY","0","0","0","0","0","5","0","15","1","5","41.773438566","-87.566899306","POINT (-87.566899305833 41.773438566009)"
"24aa3ba37210e98b7fb6451b8a3ec3ec0e3471351f0e21ae01f8ae772e3be0c70c65194830e93c32a9582484eaa00abaaf8647e0e7b5df61a08dfa587425c83b",,"2024-05-05T15:40:00.000","35","STOP SIGN/FLASHER","FUNCTIONING PROPERLY","CLEAR","DAYLIGHT","REAR END","DIVIDED - W/MEDIAN (NOT RAISED)",,"STRAIGHT AND LEVEL","DRY","NO DEFECTS","NOT ON SCENE (DESK REPORT)","NO INJURY / DRIVE AWAY","Y",,,"OVER $1,500","2024-05-05T16:10:00.000","FOLLOWING TOO CLOSELY","FOLLOWING TOO CLOSELY","7400","S","STEWART AVE","732",,,,,,,"2","NO INDICATION OF INJURY","0","0","0","0","0","2","0","15","1","5","41.75980675","-87.634674466","POINT (-87.634674465803 41.759806750239)"
"4899777f71b38587e3260988961607927f0ae30a1c3e77ea3609ecebeb0ad7168c5591f6819a2d0b15fa307c34ffc5b77242344607397c9f631f26f23dd5c409",,"2024-05-05T15:35:00.000","30","NO CONTROLS","NO CONTROLS","CLEAR","DAYLIGHT","SIDESWIPE SAME DIRECTION","NOT DIVIDED",,"STRAIGHT AND LEVEL","DRY","NO DEFECTS","NOT ON SCENE (DESK REPORT)","NO INJURY / DRIVE AWAY",,,,"OVER $1,500","2024-05-06T15:00:00.000","UNABLE TO DETERMINE","NOT APPLICABLE","113","N","MAY ST","1224",,,,,,,"2","NO INDICATION OF INJURY","0","0","0","0","0","2","0","15","1","5","41.883405829","-87.655431562","POINT (-87.655431561845 41.883405828778)"
"472c2a75a531767cf88f0361ae797276841a6e6e548bf8bd04bb820ace35ed1d4d5ce7d5fc1e8d6ade1648572a709ba15c638b3e4d1c3daf095fff7a398b2e58",,"2024-05-05T15:30:00.000","10","NO CONTROLS","NO CONTROLS","CLEAR","DAYLIGHT","REAR TO FRONT","PARKING LOT",,"STRAIGHT AND LEVEL","DRY","NO DEFECTS","NOT ON SCENE (DESK REPORT)","NO INJURY / DRIVE AWAY",,,"Y","OVER $1,500","2024-05-05T16:30:00.000","IMPROPER BACKING","UNABLE TO DETERMINE","3349","W","FOSTER AVE","1713",,,,,,,"2","NO INDICATION OF INJURY","0","0","0","0","0","2","0","15","1","5","41.975587849","-87.713099149","POINT (-87.71309914934 41.975587848808)"
"5e1802c56820bc3450933f02a035e249850d763e36d7930efe943f54c80858eca395c46736499ab69de28af535dc40a3b86db04889a272bb614235f9449a3f38",,"2024-05-05T15:30:00.000","30","UNKNOWN","UNKNOWN","CLEAR","DAYLIGHT","REAR END","NOT DIVIDED",,"STRAIGHT ON HILLCREST","DRY","UNKNOWN","ON SCENE","INJURY AND / OR TOW DUE TO CRASH",,,,"$501 - $1,500","2024-05-05T15:51:00.000","FOLLOWING TOO CLOSELY","NOT APPLICABLE","4630","S","WOOD ST","924",,,,,,,"2","REPORTED, NOT EVIDENT","2","0","0","0","2","1","0","15","1","5","41.809437601","-87.670002749","POINT (-87.670002749109 41.80943760145)"
"f77fe38ed11510f645a06f34f1b9a1357c62a05aba4a0f2751bec3affd41dbdd75471fe5a61da474cf533fbf9acec22eefa5d31aa5abc4f34e24aa59a9edf6d6",,"2024-05-05T15:30:00.000","15","TRAFFIC SIGNAL","FUNCTIONING PROPERLY","CLEAR","DAYLIGHT","TURNING","NOT DIVIDED",,"STRAIGHT AND LEVEL","DRY","NO DEFECTS","ON SCENE","NO INJURY / DRIVE AWAY","Y",,,"$501 - $1,500","2024-05-05T15:45:00.000","FAILING TO REDUCE SPEED TO AVOID CRASH","FAILING TO YIELD RIGHT-OF-WAY","839","W","87TH ST","2223",,,,,,,"2","NO INDICATION OF INJURY","0","0","0","0","0","2","0","15","1","5","41.735942014","-87.645154175","POINT (-87.645154174803 41.735942013966)"
"dedbb6de6585713f935d5b00acfbf5894959def674e3011feda6b8cac6e38e87d9230e37f39a984c6e08614a05b6787a44d61b3cb496cca54525706d402bb162",,"2024-05-05T15:22:00.000","35","TRAFFIC SIGNAL","FUNCTIONING PROPERLY","CLEAR","DAYLIGHT","TURNING","DIVIDED - W/MEDIAN (NOT RAISED)",,"STRAIGHT AND LEVEL","DRY","NO DEFECTS","ON SCENE","INJURY AND / OR TOW DUE TO CRASH",,,,"OVER $1,500","2024-05-05T17:31:00.000","FAILING TO YIELD RIGHT-OF-WAY","NOT APPLICABLE","3442","W","BELMONT AVE","1732",,,,,,,"2","NO INDICATION OF INJURY","0","0","0","0","0","2","0","15","1","5","41.939363482","-87.714258119","POINT (-87.714258118501 41.939363481834)"
"282e2cb20c182901718c9aab4a05c6bdb9d53c72ce70e65f7bbcdb3720fc428305799f5a8d77880ceafe4747d7d326b288b8260dfa9998e46b3815ed523b3115",,"2024-05-05T15:15:00.000","30","NO CONTROLS","NO CONTROLS","CLEAR","DAYLIGHT","REAR END","DIVIDED - W/MEDIAN (NOT RAISED)",,"STRAIGHT AND LEVEL","DRY","UNKNOWN","NOT ON SCENE (DESK REPORT)","NO INJURY / DRIVE AWAY",,,,"OVER $1,500","2024-05-05T16:05:00.000","UNABLE TO DETERMINE","NOT APPLICABLE","1232","N","PULASKI RD","2534",,,,,,,"3","NO INDICATION OF INJURY","0","0","0","0","0","3","0","15","1","5","41.903620833","-87.726475647","POINT (-87.726475647096 41.90362083266)"
"0167371572e79ca79f612642754dcab3fe4c9a17c0ab00f141bc8db7f18b74fda47f03c3669452ef09731028447a658e8e4e26aa7c7c3ebddb0e1966c813bb75",,"2024-05-05T15:03:00.000","35","TRAFFIC SIGNAL","FUNCTIONING PROPERLY","CLEAR","DAYLIGHT","ANGLE","FOUR WAY",,"STRAIGHT AND LEVEL","DRY","NO DEFECTS","ON SCENE","NO INJURY / DRIVE AWAY","Y",,,"OVER $1,500","2024-05-05T15:04:00.000","EQUIPMENT - VEHICLE CONDITION","DRIVING SKILLS/KNOWLEDGE/EXPERIENCE","10700","S","WENTWORTH AVE","513",,,,,,,"2","NO INDICATION OF INJURY","0","0","0","0","0","2","0","15","1","5","41.699766046","-87.628233027","POINT (-87.628233027248 41.69976604579)"
"45a007636f496e36bd0ad5544a8c2b8b13354a9969138b56e66354f234b047d8202e33f5efc3f76e4d2e05b7f5779510e488512262d5fb7c3dcd20d8ae038fe3",,"2024-05-05T15:03:00.000","30","STOP SIGN/FLASHER","OTHER","CLEAR","DAYLIGHT","SIDESWIPE SAME DIRECTION","DIVIDED - W/MEDIAN (NOT RAISED)",,"STRAIGHT AND LEVEL","DRY","NO DEFECTS","NOT ON SCENE (DESK REPORT)","NO INJURY / DRIVE AWAY",,,"Y","$501 - $1,500","2024-05-05T20:00:00.000","FAILING TO YIELD RIGHT-OF-WAY","UNABLE TO DETERMINE","455","W","79TH ST","621",,,,,,,"2","NO INDICATION OF INJURY","0","0","0","0","0","2","0","15","1","5","41.750639187","-87.636508303","POINT (-87.636508303061 41.750639186779)"
"d1993f3a8b8fce9e38274148c101ea0258d99a54d8c4336cd700a1d165bebfb4214de36ba8f1384df1601db0f58628d82daf5c382f5eca9f17d82e0b2b16ad3c","Y","2024-05-05T15:00:00.000","30","NO CONTROLS","NO CONTROLS","UNKNOWN","UNKNOWN","PARKED MOTOR VEHICLE","ONE-WAY",,"STRAIGHT AND LEVEL","DRY","NO DEFECTS","NOT ON SCENE (DESK REPORT)","NO INJURY / DRIVE AWAY",,,"Y","OVER $1,500","2024-05-06T11:45:00.000","FAILING TO YIELD RIGHT-OF-WAY","FOLLOWING TOO CLOSELY","3534","S","SANGAMON ST","915",,,,,,,"2","NO INDICATION OF INJURY","0","0","0","0","0","1","0","15","1","5","41.829720342","-87.649472416","POINT (-87.64947241614 41.829720342003)"
"d6d3dea65a04d01de7f59317886af08b8d427cf3fc97a9ce2a58367957b5691cf06fa476e8416206da536e39674c223865ea88a38eeb33280188e6810e4314b9",,"2024-05-05T15:00:00.000","30","STOP SIGN/FLASHER","NO CONTROLS","CLEAR","DAYLIGHT","PARKED MOTOR VEHICLE","NOT DIVIDED",,"STRAIGHT AND LEVEL","DRY","NO DEFECTS","ON SCENE","NO INJURY / DRIVE AWAY","Y",,,"$500 OR LESS","2024-05-05T15:08:00.000","UNABLE TO DETERMINE","NOT APPLICABLE","1255","W","BRYN MAWR AVE","2013",,,,,,,"2","NO INDICATION OF INJURY","0","0","0","0","0","1","0","15","1","5","41.983479559","-87.662269156","POINT (-87.662269155509 41.983479558894)"