"crash_record_id","crash_date_est_i","crash_date","posted_speed_limit","traffic_control_device","device_condition","weather_condition","lighting_condition","first_crash_type","trafficway_type","lane_cnt","alignment","roadway_surface_cond","road_defect","report_type","crash_type","intersection_related_i","private_property_i","hit_and_run_i","damage","date_police_notified","prim_contributory_cause","sec_contributory_cause","street_no","street_direction","street_name","beat_of_occurrence","photos_taken_i","statements_taken_i","dooring_i","work_zone_i","work_zone_type","workers_present_i","num_units","most_severe_injury","injuries_total","injuries_fatal","injuries_incapacitating","injuries_non_incapacitating","injuries_reported_not_evident","injuries_no_indication","injuries_unknown","crash_hour","crash_day_of_week","crash_month","latitude","longitude","location"
"df06627b54b02ea2f276728ac347288ecec7d487d7f3d3a7aed1f11182234331d3e79ee8dea9213628f0dd8b8fa9ba9ec19477e2481051c893013611a78a7e4d",,"2024-05-05T15:00:00.000","30","NO CONTROLS","NO CONTROLS","CLEAR","DAYLIGHT","REAR END","DIVIDED - W/MEDIAN (NOT RAISED)",,"STRAIGHT AND LEVEL","UNKNOWN","UNKNOWN","NOT ON SCENE (DESK REPORT)","NO INJURY / DRIVE AWAY",,,,"OVER $1,500","2024-05-05T15:25:00.000","UNABLE TO DETERMINE","NOT APPLICABLE","5401","W","FULLERTON AVE","2515",,,,,,,"2","NO INDICATION OF INJURY","0","0","0","0","0","2","0","15","1","5","41.923934038","-87.761126844","POINT (-87.761126843753 41.923934038216)"
"ac18665ff098ef6de0128c6cff494a440087487ecc6eaf08bc83da14040bb9c54a82c34c4d97375f66f9c106e5e85c7e950aecc4197b95d0eaf5a9dcfe03558c",,"2024-05-05T14:51:00.000","20","NO CONTROLS","NO CONTROLS","CLEAR","DARKNESS, LIGHTED ROAD","PARKED MOTOR VEHICLE","PARKING LOT",,"STRAIGHT AND LEVEL","DRY","NO DEFECTS","NOT ON SCENE (DESK REPORT)","NO INJURY / DRIVE AWAY",,,,"OVER $1,500","2024-05-05T16:50:00.000","UNABLE TO DETERMINE","UNABLE TO DETERMINE","301","E","LOWER RANDOLPH ST","114",,,,,,,"2","NO INDICATION OF INJURY","0","0","0","0","0","1","0","14","1","5","41.884310036","-87.620526068","POINT (-87.620526067528 41.884310035974)"
"4fe89cd6c2a0e49617aba4199bcabe4e596bdf82b6154bbd5f2d9c0a6b292d89f998de513d21d598f42ffae2ddb5f8688685c1294d6af4463a81f123794b164f",,"2024-05-05T14:50:00.000","30","NO CONTROLS","NO CONTROLS","CLEAR","DAYLIGHT","TURNING","NOT DIVIDED",,"STRAIGHT AND LEVEL","DRY","NO DEFECTS","ON SCENE","NO INJURY / DRIVE AWAY",,,,"$501 - $1,500","2024-05-05T15:00:00.000","FAILING TO YIELD RIGHT-OF-WAY","UNABLE TO DETERMINE","7655","W","IRVING PARK RD","1631",,,,,,,"2","NO INDICATION OF INJURY","0","0","0","0","0","3","0","14","1","5","41.952375161","-87.819293073","POINT (-87.81929307322 41.952375160811)"
"cf36073b5ff644011ac690b22b64930b1999eb61884898198488063d5bbb80bbd1d45dc587bd4be746f36b6f7188db37b0c7a4e745a1ec2a2317b53125a792f7",,"2024-05-05T14:49:00.000","30","STOP SIGN/FLASHER","FUNCTIONING PROPERLY","CLEAR","DAYLIGHT","PARKED MOTOR VEHICLE","FOUR WAY",,"STRAIGHT AND LEVEL","DRY","NO DEFECTS","ON SCENE","INJURY AND / OR TOW DUE TO CRASH","Y",,,"OVER $1,500","2024-05-05T14:49:00.000","FAILING TO REDUCE SPEED TO AVOID CRASH","PHYSICAL CONDITION OF DRIVER","1900","W","60TH ST","714",,,,,,,"2","INCAPACITATING INJURY","1","0","1","0","0","0","0","14","1","5","41.784946951","-87.671685498","POINT (-87.671685497986 41.784946950991)"
"0a6b5bd35ab4a58bdfeb87ff98bdc006507a446526f79bd37f36ee4df53b5c5989b255f159c33a77ff7470d66ef97b8c2188ab9185c5a9bcc9a138fdd400ca12",,"2024-05-05T14:46:00.000","30","NO CONTROLS","NO CONTROLS","CLEAR","DAYLIGHT","TURNING","DIVIDED - W/MEDIAN (NOT RAISED)",,"STRAIGHT AND LEVEL","UNKNOWN","UNKNOWN","NOT ON SCENE (DESK REPORT)","NO INJURY / DRIVE AWAY","N",,,"OVER $1,500","2024-05-05T15:45:00.000","UNABLE TO DETERMINE","UNABLE TO DETERMINE","5150","N","KEATING AVE","1712",,"Y",,,,,"2","NO INDICATION OF INJURY","0","0","0","0","0","3","0","14","1","5","41.97504466","-87.747113066","POINT (-87.747113065937 41.975044659768)"
"d19f8eafa0231a079849e6829b53917b211e27cc9395437ffb5b5d4697f4cf07766469ee0cafa92081a00daa932bc324ab87c4cac9ffc5b43e6df8040faccb38",,"2024-05-05T14:40:00.000","35","NO CONTROLS","NO CONTROLS","CLEAR","DAYLIGHT","REAR END","DIVIDED - W/MEDIAN (NOT RAISED)",,"STRAIGHT AND LEVEL","DRY","NO DEFECTS","ON SCENE","NO INJURY / DRIVE AWAY",,,,"$501 - $1,500","2024-05-05T14:57:00.000","UNABLE TO DETERMINE","NOT APPLICABLE","1825","S","ASHLAND AVE","1233",,"Y",,,,,"2","NO INDICATION OF INJURY","0","0","0","0","0","3","0","14","1","5","41.856994835","-87.665978233","POINT (-87.665978232652 41.85699483488)"
"1ebaf56a86d38f258244529e39d1ef7e58e7d1b0d6ee108caf4ee23a0eb2ed3808a4d721ed08767bb18b283bd4dbe0776d2bca01942f714852caed406e78e6b5",,"2024-05-05T14:35:00.000","30","NO CONTROLS","NO CONTROLS","CLEAR","DAYLIGHT","PARKED MOTOR VEHICLE","DIVIDED - W/MEDIAN BARRIER",,"STRAIGHT AND LEVEL","DRY","UNKNOWN","ON SCENE","NO INJURY / DRIVE AWAY",,,,"$501 - $1,500","2024-05-05T15:02:00.000","DRIVING SKILLS/KNOWLEDGE/EXPERIENCE","NOT APPLICABLE","5210","S","LAKE PARK AVE","234",,,,,,,"2","NO INDICATION OF INJURY","0","0","0","0","0","1","0","14","1","5","41.800667953","-87.587591623","POINT (-87.587591622982 41.800667953136)"
"06f11c613e2d7f83fbd26fb7e19e1b25a1e4c972b373a0030ae242c3389a82a055643daa821cf528581865e066590208210c58563badc03002719e7487f8f827",,"2024-05-05T14:30:00.000","30","NO CONTROLS","NO CONTROLS","UNKNOWN","UNKNOWN","REAR END","NOT DIVIDED",,"STRAIGHT AND LEVEL","UNKNOWN","UNKNOWN","NOT ON SCENE (DESK REPORT)","NO INJURY / DRIVE AWAY",,,,"$501 - $1,500","2024-05-05T15:35:00.000","FAILING TO REDUCE SPEED TO AVOID CRASH","UNABLE TO DETERMINE","3201","N","ASHLAND AVE","1922",,"Y",,,,,"2","NO INDICATION OF INJURY","0","0","0","0","0","3","0","14","1","5","41.939744616","-87.668516101","POINT (-87.668516101064 41.939744615735)"
"0a17ca8ecb31d535a844819eb7c93dc1825c020191f2e6d3512cbee1aafcb84cc1b83bee3e363142f7b68ae17efab49766caf0f5ec43d2ba5a2b1be0915f1597",,"2024-05-05T14:30:00.000","20","NO CONTROLS","NO CONTROLS","CLEAR","DAYLIGHT","REAR TO SIDE","FOUR WAY",,"STRAIGHT AND LEVEL","DRY","UNKNOWN","NOT ON SCENE (DESK REPORT)","NO INJURY / DRIVE AWAY","Y",,,"OVER $1,500","2024-05-05T14:45:00.000","UNABLE TO DETERMINE","NOT APPLICABLE","3932","W","CORTLAND ST","2535",,,,,,,"2","NO INDICATION OF INJURY","0","0","0","0","0","2","0","14","1","5","41.915465507","-87.725426497","POINT (-87.725426497003 41.915465506656)"
"42d41a4dd98d378e42535f5a16b3247d9f0d5668b82a48e6cf799218cd470192a3163b7394ee7985901e5fb2e74ded3dce02346cfeb54faf14fab1089725d476",,"2024-05-05T14:30:00.000","10","NO CONTROLS","NO CONTROLS","CLEAR","DAYLIGHT","REAR TO SIDE","PARKING LOT",,"STRAIGHT AND LEVEL","DRY","NO DEFECTS","NOT ON SCENE (DESK REPORT)","NO INJURY / DRIVE AWAY",,"Y",,"OVER $1,500","2024-05-05T14:45:00.000","UNABLE TO DETERMINE","UNABLE TO DETERMINE","6451","W","DIVERSEY AVE","2512",,,,,,,"2","NO INDICATION OF INJURY","0","0","0","0","0","4","0","14","1","5","41.930851315","-87.787755655","POINT (-87.787755654562 41.930851315188)"
"648e432696821541750118767217825586254f02604fd28d737ddffb652a794d6cecaca6281462924b2429c4c3c18e3fbd2fa4aab1a1554d15e518ccb36df90b",,"2024-05-05T14:30:00.000","30","NO CONTROLS","NO CONTROLS","CLEAR","DAYLIGHT","SIDESWIPE SAME DIRECTION","NOT DIVIDED",,"STRAIGHT AND LEVEL","UNKNOWN","UNKNOWN","NOT ON SCENE (DESK REPORT)","NO INJURY / DRIVE AWAY",,,"Y","$501 - $1,500","2024-05-05T18:00:00.000","UNABLE TO DETERMINE","UNABLE TO DETERMINE","2801","W","55TH ST","824",,,,,,,"2","NO INDICATION OF INJURY","0","0","0","0","0","4","0","14","1","5","41.793580011","-87.693855541","POINT (-87.693855541383 41.79358001142)"
"fbce3c926f914e7fe17862355c4c6c984cb31e695b793c1ea0c3c18364d05ddcb846deeb3850351eb25d8048e492698f17985a7b89e4539e740393f75a81fea1",,"2024-05-05T14:30:00.000","30","UNKNOWN","UNKNOWN","CLEAR","DAYLIGHT","PARKED MOTOR VEHICLE","NOT DIVIDED",,"STRAIGHT AND LEVEL","UNKNOWN","UNKNOWN","NOT ON SCENE (DESK REPORT)","NO INJURY / DRIVE AWAY",,,"Y","OVER $1,500","2024-05-05T17:20:00.000","UNABLE TO DETERMINE","NOT APPLICABLE","1519","W","TAYLOR ST","1231",,,,,,,"2","NO INDICATION OF INJURY","0","0","0","0","0","1","0","14","1","5","41.869178133","-87.664907281","POINT (-87.664907280963 41.869178133291)"
"1eb05a308eb4b3bb8b3a959c49d5245c6da0fcd2a7b33ac86350975d859fb3aa2b896c328ad0b6dcb44243aea373b99a2e03cf3b578250fbcba80c03f4a74e62",,"2024-05-05T14:20:00.000","30","NO CONTROLS","NO CONTROLS","UNKNOWN","DAYLIGHT","TURNING","NOT DIVIDED",,"STRAIGHT AND LEVEL","UNKNOWN","UNKNOWN","NOT ON SCENE (DESK REPORT)","INJURY AND / OR TOW DUE TO CRASH",,,,"OVER $1,500","2024-05-05T16:01:00.000","DRIVING SKILLS/KNOWLEDGE/EXPERIENCE","NOT APPLICABLE","1131","S","CANAL ST","124",,,,,,,"2","NO INDICATION OF INJURY","0","0","0","0","0","3","0","14","1","5","41.868088212","-87.639071807","POINT (-87.639071807371 41.86808821204)"
"996d3b7db48db50c4d1d61c38035a78d17248d53677281e3d07bf86f7413aa8aa83247aa5443e29b633d1ac6e61c8fe6e52cac4176bb8ffa7f20813ebeeee268",,"2024-05-05T14:20:00.000","30","NO CONTROLS","NO CONTROLS","CLEAR","DAYLIGHT","PARKED MOTOR VEHICLE","NOT DIVIDED",,"STRAIGHT AND LEVEL","DRY","NO DEFECTS","ON SCENE","INJURY AND / OR TOW DUE TO CRASH",,,,"OVER $1,500","2024-05-05T14:20:00.000","IMPROPER LANE USAGE","UNDER THE INFLUENCE OF ALCOHOL/DRUGS (USE WHEN ARREST IS EFFECTED)","4010","W","62ND ST","813",,,,,,,"2","NO INDICATION OF INJURY","0","0","0","0","0","2","0","14","1","5","41.780577069","-87.723332363","POINT (-87.723332363134 41.780577069171)"
"c23a4d0a37c1550fad8e3b418399ee6b1d2fd5656b81f06e117029ffeaaf49e510d9dc1a7a7167eb0b0d95b84de4ab9152991ddcf3e2b23f461499cd247ca078",,"2024-05-05T14:20:00.000","30","NO CONTROLS","NO CONTROLS","CLEAR","DAYLIGHT","ANGLE","NOT DIVIDED",,"STRAIGHT AND LEVEL","DRY","NO DEFECTS","NOT ON SCENE (DESK REPORT)","NO INJURY / DRIVE AWAY",,,"Y","OVER $1,500","2024-05-05T15:00:00.000","FAILING TO YIELD RIGHT-OF-WAY","UNABLE TO DETERMINE","10334","S","TORRENCE AVE","434",,,,,,,"2","NO INDICATION OF INJURY","0","0","0","0","0","2","0","14","1","5","41.707144982","-87.55979231","POINT (-87.559792309905 41.70714498162)"
"fd3df34b4a6eb094b8f269aa5589e9b39355cce20468ee5d30c731d59daddaee18f8f78422c5e57b35cd4fa36e7db4df6a21a5d7f619f45a4e5d96cdeadd68c1",,"2024-05-05T14:18:00.000","15","NO CONTROLS","NO CONTROLS","CLEAR","DAYLIGHT","TURNING","PARKING LOT",,"STRAIGHT AND LEVEL","DRY","NO DEFECTS","ON SCENE","NO INJURY / DRIVE AWAY",,,,"OVER $1,500","2024-05-05T14:19:00.000","FAILING TO YIELD RIGHT-OF-WAY","UNABLE TO DETERMINE","6446","W","IRVING PARK RD","1632",,,,,,,"2","NO INDICATION OF INJURY","0","0","0","0","0","2","0","14","1","5","41.953000737","-87.788253958","POINT (-87.788253957821 41.953000736838)"
"2433ee2760f8acb4bf8af00e7ae24048d102a430642a8c6bc410f457d2727b4f0910e2ede026ab29a226d9256b4702d395234e80b4e65351a8c715b67e290370",,"2024-05-05T14:15:00.000","30","TRAFFIC SIGNAL","FUNCTIONING PROPERLY","CLEAR","DAYLIGHT","REAR END","DIVIDED - W/MEDIAN (NOT RAISED)",,"STRAIGHT AND LEVEL","DRY","NO DEFECTS","ON SCENE","NO INJURY / DRIVE AWAY",,,,"$501 - $1,500","2024-05-05T15:16:00.000","FAILING TO REDUCE SPEED TO AVOID CRASH","UNABLE TO DETERMINE","1815","S","ASHLAND AVE","1233",,,,,,,"2","NO INDICATION OF INJURY","0","0","0","0","0","3","0","14","1","5","41.857309539","-87.665984427","POINT (-87.665984427404 41.85730953896)"
"5b2d75cfacaa033cd7905937579a39f8101cabc64b527922435948b2be18cbfad17fba8526bc717cf0e3316a32ce74ba2c53affa83b5c1b803511863c5a483ad",,"2024-05-05T14:15:00.000","30","NO CONTROLS","NO CONTROLS","CLEAR","DAYLIGHT","HEAD ON","NOT DIVIDED",,"STRAIGHT AND LEVEL","DRY","NO DEFECTS","ON SCENE","INJURY AND / OR TOW DUE TO CRASH",,,,"OVER $1,500","2024-05-05T14:40:00.000","FAILING TO YIELD RIGHT-OF-WAY","UNABLE TO DETERMINE","10900","S","DOTY AVE E","513",,,,,,,"2","NO INDICATION OF INJURY","0","0","0","0","0","2","0","14","1","5","41.696232528","-87.595806197","POINT (-87.59580619714 41.696232527674)"
"62b46ef50fa1b2841fa534ab1bf64cab32d8d0cf9213348c716dfd50dcda07aabae61d22576535971aaaedb2290f13cc5bf17d81992e59e04b26d2086564ba52",,"2024-05-05T14:15:00.000","30","NO CONTROLS","NO CONTROLS","UNKNOWN","DAYLIGHT","PARKED MOTOR VEHICLE","PARKING LOT",,"STRAIGHT AND LEVEL","UNKNOWN","UNKNOWN","NOT ON SCENE (DESK REPORT)","NO INJURY / DRIVE AWAY",,,"Y","OVER $1,500","2024-05-05T22:00:00.000","UNABLE TO DETERMINE","UNABLE TO DETERMINE","7030","S","ASHLAND AVE","735",,,,,,,"2","NO INDICATION OF INJURY","0","0","0","0","0","1","0","14","1","5","41.76579077","-87.663966886","POINT (-87.663966886455 41.765790770432)"
"362f6e59e94308d18b6628f1a29b08a945ce40903086e420e747ca8d6f4737399858209b3c90fa26bce1db129f8f04ae3d4885f2151ca7a6d6828f0990b624f8",,"2024-05-05T14:09:00.000","30","NO CONTROLS","NO CONTROLS","CLEAR","DAYLIGHT","ANGLE","ALLEY",,"STRAIGHT AND LEVEL","DRY","NO DEFECTS","NOT ON SCENE (DESK REPORT)","NO INJURY / DRIVE AWAY","Y",,,"OVER $1,500","2024-05-05T19:05:00.000","FAILING TO YIELD RIGHT-OF-WAY","NOT APPLICABLE","2016","N","KOSTNER AVE","2522",,,,,,,"2","NO INDICATION OF INJURY","0","0","0","0","0","2","0","14","1","5","41.917561258","-87.736490057","POINT (-87.736490057328 41.917561258119)"
"65d3ded2d31ded4f8416b5ab793db294286ad9e5b1736abebffeba9ffccd73929ef6f2a9458198d6c13453455acccadb732e3568998624d88f6a3f3e374c90d1",,"2024-05-05T14:08:00.000","30","TRAFFIC SIGNAL","FUNCTIONING PROPERLY","CLEAR","DAYLIGHT","REAR END","CENTER TURN LANE",,"STRAIGHT AND LEVEL","DRY","NO DEFECTS","ON SCENE","NO INJURY / DRIVE AWAY",,,,"$500 OR LESS","2024-05-05T15:56:00.000","DISTRACTION - FROM INSIDE VEHICLE","NOT APPLICABLE","3604","N","KIMBALL AVE","1732",,,,,,,"2","NO INDICATION OF INJURY","0","0","0","0","0","2","0","14","1","5","41.946768497","-87.712867063","POINT (-87.712867062611 41.946768497236)"
"11b359770622b45fdb92e2ed12d8e9cab8b014bd575be310ab02ddd8049efe94c4bc039f04e505e1923a10ecf4dd3a8e89e7db50aad7ed8ea2b34dd9b9f54942",,"2024-05-05T14:02:00.000","30","STOP SIGN/FLASHER","FUNCTIONING PROPERLY","CLEAR","DAYLIGHT","REAR END","FOUR WAY",,"STRAIGHT AND LEVEL","DRY","NO DEFECTS","NOT ON SCENE (DESK REPORT)","NO INJURY / DRIVE AWAY",,,,"$501 - $1,500","2024-05-05T14:50:00.000","UNABLE TO DETERMINE","UNABLE TO DETERMINE","1854","W","DIVISION ST","1424",,,,,,,"2","NO INDICATION OF INJURY","0","0","0","0","0","3","0","14","1","5","41.903341795","-87.674674211","POINT (-87.674674211155 41.903341795159)"
"24944a905d2132def1d549f19010f546dbb260029724bb83c73435ad22622a8cff1ee7c908d18668d6286c0c07fb6a1cd40792c8cc8cee7692a1bf4ff34de713",,"2024-05-05T14:00:00.000","30","STOP SIGN/FLASHER","UNKNOWN","CLEAR","DAYLIGHT","TURNING","DIVIDED - W/MEDIAN (NOT RAISED)",,"STRAIGHT AND LEVEL","UNKNOWN","UNKNOWN","NOT ON SCENE (DESK REPORT)","NO INJURY / DRIVE AWAY",,,,"OVER $1,500","2024-05-05T14:15:00.000","UNABLE TO DETERMINE","NOT APPLICABLE","6300","W","DIVERSEY AVE","2511",,,,,,,"2","NO INDICATION OF INJURY","0","0","0","0","0","2","0","14","1","5","41.931145713","-87.783321738","POINT (-87.783321737913 41.931145712838)"
"6b0f57a4737e586174b659240361b086a5680e837cddb7a8846747f432107186ca77daab7bf35adaca8745ac7ffc083b0eea8e866e11e67255d7c96a06ca3378",,"2024-05-05T14:00:00.000","30","UNKNOWN","UNKNOWN","OTHER","UNKNOWN","SIDESWIPE OPPOSITE DIRECTION","UNKNOWN",,"STRAIGHT AND LEVEL","UNKNOWN","UNKNOWN","NOT ON SCENE (DESK REPORT)","NO INJURY / DRIVE AWAY",,,"Y","OVER $1,500","2024-05-06T19:45:00.000","UNABLE TO DETERMINE","NOT APPLICABLE","3446","N","NEW ENGLAND AVE","1632",,,,,,,"2","NO INDICATION OF INJURY","0","0","0","0","0","3","0","14","1","5","41.943165293","-87.798463033","POINT (-87.798463033079 41.943165292562)"
"6cb4b2ead857edbeb8ea37cdc164283291789b0b6e408ca7ab3c3af5e6b7cae7039a902f3af9689ed532a8adf4afeec2e88fcc0ef7c4b1b2d513b302a3f3dd28",,"2024-05-05T14:00:00.000","25","STOP SIGN/FLASHER","FUNCTIONING PROPERLY","CLEAR","DAYLIGHT","ANGLE","ONE-WAY",,"STRAIGHT AND LEVEL","DRY","NO DEFECTS","ON SCENE","INJURY AND / OR TOW DUE TO CRASH",,,,"OVER $1,500","2024-05-05T14:42:00.000","FAILING TO YIELD RIGHT-OF-WAY","UNABLE TO DETERMINE","2228","W","ADDISON ST","1921",,,,,,,"2","NO INDICATION OF INJURY","0","0","0","0","0","2","0","14","1","5","41.946894188","-87.684559983","POINT (-87.684559983069 41.94689418837)"
"a26a0acf4a5061b8285eb1b8331b607144988456dd1f222a3424567b602377bdde5e554f53606c52fb3441ddb738cb7376d3c4ca2d518f9196fce13a8ba9bd78",,"2024-05-05T14:00:00.000","25","NO CONTROLS","NO CONTROLS","CLEAR","DAYLIGHT","ANGLE","T-INTERSECTION",,"STRAIGHT AND LEVEL","DRY","NO DEFECTS","NOT ON SCENE (DESK REPORT)","NO INJURY / DRIVE AWAY","N",,,"OVER $1,500","2024-05-05T16:00:00.000","UNABLE TO DETERMINE","UNABLE TO DETERMINE","4400","W","ARMITAGE AVE","2522",,,,,,,"2","NO INDICATION OF INJURY","0","0","0","0","0","2","0","14","1","5","41.917153949","-87.73639149","POINT (-87.736391489951 41.917153949114)"
"d3f92b8f687620253a5dccc354d0274c5bd8173dd5f4bbf6fc5e17902cdb8d756a4df486ace92aadc04fdd5412d0478592e94e5d87111f7e5701d87db92cd922",,"2024-05-05T13:55:00.000","30","NO CONTROLS","NO CONTROLS","CLEAR","DAYLIGHT","PARKED MOTOR VEHICLE","NOT DIVIDED",,"STRAIGHT AND LEVEL","DRY","NO DEFECTS","ON SCENE","NO INJURY / DRIVE AWAY",,,,"OVER $1,500","2024-05-05T13:55:00.000","UNABLE TO DETERMINE","NOT APPLICABLE","253","S","KOSTNER AVE","1115",,,,,,,"2","NO INDICATION OF INJURY","0","0","0","0","0","1","0","13","1","5","41.877013445","-87.735203847","POINT (-87.735203846742 41.877013445326)"
"732f69c01b8216e7de0f01f6a25e983e2744dd37f82d076d9edd29c54a9b195d660009991fe43a50c58a726ae9bf41eb9ff865dd9ff514691a35c31307c5f3d7",,"2024-05-05T13:53:00.000","30","TRAFFIC SIGNAL","FUNCTIONING PROPERLY","CLEAR","DAYLIGHT","TURNING","DIVIDED - W/MEDIAN (NOT RAISED)",,"STRAIGHT AND LEVEL","DRY","NO DEFECTS","ON SCENE","INJURY AND / OR TOW DUE TO CRASH","Y",,,"OVER $1,500","2024-05-05T15:20:00.000","FAILING TO YIELD RIGHT-OF-WAY","IMPROPER TURNING/NO SIGNAL","4000","W","GRAND AVE","2534",,,,,,,"2","REPORTED, NOT EVIDENT","1","0","0","0","1","1","0","13","1","5","41.906258871","-87.726353476","POINT (-87.726353476362 41.90625887086)"
"bdcb579abbe940a2066786bc3f5b0b811ec23631736ad93dc050fdd5b329458798449725f5c62e5274f6f668da0f0149ef38008c2e50039e6bb3da0374617979",,"2024-05-05T13:50:00.000","30","TRAFFIC SIGNAL","FUNCTIONING PROPERLY","CLEAR","DAYLIGHT","SIDESWIPE SAME DIRECTION","FOUR WAY",,"STRAIGHT AND LEVEL","DRY","UNKNOWN","NOT ON SCENE (DESK REPORT)","NO INJURY / DRIVE AWAY","Y",,,"$501 - $1,500","2024-05-05T15:30:00.000","IMPROPER OVERTAKING/PASSING","UNABLE TO DETERMINE","3200","N","PULASKI RD","1731",,,,,,,"2","NO INDICATION OF INJURY","0","0","0","0","0","2","0","13","1","5","41.939138154","-87.72733371","POINT (-87.727333710143 41.9391381535)"
"755edb0965517d88aec2c86659c5149cef365f58750b0a5323dada2e546464f8867beb1ef6d84223db666f7073c5e2ecf9ca5406e84cdf97631d8dda3f5d322a",,"2024-05-05T13:48:00.000","30","NO CONTROLS","NO CONTROLS","CLEAR","DAYLIGHT","SIDESWIPE SAME DIRECTION","DIVIDED - W/MEDIAN (NOT RAISED)",,"STRAIGHT AND LEVEL","DRY","NO DEFECTS","NOT ON SCENE (DESK REPORT)","NO INJURY / DRIVE AWAY",,,,"$501 - $1,500","2024-05-05T14:35:00.000","UNABLE TO DETERMINE","NOT APPLICABLE","3203","N","PULASKI RD","1732",,,,,,,"2","NO INDICATION OF INJURY","0","0","0","0","0","2","0","13","1","5","41.939201565","-87.727041513","POINT (-87.727041513303 41.939201564838)"
"078eb043bdb691c1e368a1a91169de95499ac0904077bf5df1c9c246cbf8902690d6acb4c4f29786379f4f62408ba9b9820a4f6c7e78a94a9426069fb8f877a2",,"2024-05-05T13:45:00.000","30","TRAFFIC SIGNAL","FUNCTIONING PROPERLY","CLEAR","DAYLIGHT","REAR END","NOT DIVIDED",,"STRAIGHT AND LEVEL","DRY","NO DEFECTS","NOT ON SCENE (DESK REPORT)","NO INJURY / DRIVE AWAY",,,,"$501 - $1,500","2024-05-06T17:59:00.000","UNABLE TO DETERMINE","NOT APPLICABLE","7213","W","IRVING PARK RD","1631",,,,,,,"2","NO INDICATION OF INJURY","0","0","0","0","0","4","0","13","1","5","41.952650828","-87.807824776","POINT (-87.80782477647 41.952650827604)"
"93838554f8cf5f27cf81cbb84f2685cfe1dce0f0a5f5db004d2757e7d785051673c2e75d4bdb2585dfa350d45662a70535149c436ed9d9ef549c3df8ca55dec6",,"2024-05-05T13:41:00.000","30","STOP SIGN/FLASHER","FUNCTIONING PROPERLY","CLEAR","DAYLIGHT","ANGLE","FOUR WAY",,"STRAIGHT AND LEVEL","DRY","NO DEFECTS","NOT ON SCENE (DESK REPORT)","NO INJURY / DRIVE AWAY",,,,"OVER $1,500","2024-05-06T12:25:00.000","UNABLE TO DETERMINE","UNABLE TO DETERMINE","5500","W","DIVISION ST","2532",,,,,,,"2","NO INDICATION OF INJURY","0","0","0","0","0","3","0","13","1","5","41.902273157","-87.763918652","POINT (-87.763918651597 41.902273156962)"
"0e40b5831a3b766a9bb16206de15292f1b2ba846a8ca9af6853136c3434c46bf8510f46c84089b3fdbd509fffe00e3a73728567a4c3698bf7953ab24c524a328",,"2024-05-05T13:40:00.000","35","NO CONTROLS","FUNCTIONING PROPERLY","CLEAR","DAYLIGHT","PARKED MOTOR VEHICLE","ONE-WAY",,"STRAIGHT AND LEVEL","DRY","NO DEFECTS","NOT ON SCENE (DESK REPORT)","NO INJURY / DRIVE AWAY","N",,,"OVER $1,500","2024-05-05T14:00:00.000","IMPROPER BACKING","UNABLE TO DETERMINE","7840","S","LAFLIN ST","612",,,,,,,"2","NO INDICATION OF INJURY","0","0","0","0","0","1","0","13","1","5","41.750975886","-87.661986978","POINT (-87.661986978236 41.750975886225)"
"c0191a0454b0c8600f64916a57de2494e2832f9e8fee2ec55d2b746c7a9e6d22d88c42c97030332d991c086f425ad6116f3980f02368b0190204a54f395626d9",,"2024-05-05T13:37:00.000","10","NO CONTROLS","NO CONTROLS","CLEAR","DAYLIGHT","PARKED MOTOR VEHICLE","PARKING LOT",,"STRAIGHT AND LEVEL","DRY","NO DEFECTS","NOT ON SCENE (DESK REPORT)","NO INJURY / DRIVE AWAY",,,,"$501 - $1,500","2024-05-05T14:15:00.000","UNABLE TO DETERMINE","NOT APPLICABLE","4448","N","PULASKI RD","1722",,,,,,,"2","NO INDICATION OF INJURY","0","0","0","0","0","1","0","13","1","5","41.962392714","-87.728012185","POINT (-87.728012184971 41.962392713702)"
"695d439413f89388adc72544470896eceafcde4ccc8d5654a5f0ff38ae21970c0be147a898d0c048118542246300048d0682df5bd295fb14701c13abc3548502",,"2024-05-05T13:36:00.000","35","TRAFFIC SIGNAL","FUNCTIONING PROPERLY","CLEAR","DAYLIGHT","FIXED OBJECT","FOUR WAY",,"STRAIGHT AND LEVEL","DRY","NO DEFECTS","ON SCENE","INJURY AND / OR TOW DUE TO CRASH",,,,"OVER $1,500","2024-05-05T13:36:00.000","NOT APPLICABLE","NOT APPLICABLE","8701","S","VINCENNES AVE","2223",,,,,,,"2","REPORTED, NOT EVIDENT","1","0","0","0","1","0","0","13","1","5","41.735946385","-87.645059946","POINT (-87.645059946216 41.735946384518)"